year,fire_number,fire_start_date,start_month,start_doy,latitude,longitude,fire_origin,general_cause,grid_id_30000m
2020,LWF064,2020-05-15 14:15:00,5.0,136.0,55.929466,-110.738365,Indian Reservation,Resident,"169,79"
2020,GWF016,2020-05-28 20:20:00,5.0,149.0,55.490551,-118.388,Provincial Land,Incendiary,"153,83"
2020,SWF031,2020-06-02 13:05:00,6.0,154.0,55.914551,-113.92865,Indian Reservation,Power Line Industry,"163,81"
2020,HWF018,2020-05-26 23:24:00,5.0,147.0,58.159634,-116.269783,Private Land,Resident,"161,90"
2020,RWF028,2020-05-30 11:21:00,5.0,151.0,52.908718,-115.371101,Provincial Land,Power Line Industry,"156,72"
2020,RWF029,2020-05-29 19:23:00,5.0,150.0,52.685966,-115.122284,Provincial Land,Incendiary,"156,71"
2020,SWF034,2020-06-11 14:54:00,6.0,163.0,57.165817,-114.748917,Provincial Land,Lightning,"163,86"
2020,LWF007,2020-04-22 16:00:00,4.0,113.0,54.859283,-111.912216,Private Land,Resident,"165,76"
2020,LWF008,2020-04-23 10:30:00,4.0,114.0,54.701599,-111.84362,Indian Reservation,Resident,"165,75"
2020,CWF002,2020-04-26 12:00:00,4.0,117.0,51.402817,-115.071732,Provincial Land,Recreation,"154,66"
2020,CWF003,2020-04-26 12:00:00,4.0,117.0,51.402901,-115.072166,Provincial Land,Recreation,"154,66"
2020,CWF004,2020-04-26 12:00:00,4.0,117.0,51.368198,-114.991699,Provincial Land,Recreation,"155,66"
2020,HWF002,2020-04-27 13:00:00,4.0,118.0,58.48008,-114.519943,Indian Reservation,Incendiary,"165,90"
2020,GWF005,2020-01-15 13:00:00,1.0,15.0,55.82148,-119.141281,Private Land,Resident,"153,84"
2020,RWF006,2020-04-28 07:30:00,4.0,119.0,52.732285,-115.533295,Provincial Land,Forest Industry,"155,71"
2020,RWF007,2020-04-29 10:30:00,4.0,120.0,52.378632,-115.215302,Provincial Land,Oil & Gas Industry,"155,70"
2020,SWF007,2020-04-29 11:24:00,4.0,120.0,55.893044,-115.643631,Indian Reservation,Resident,"159,82"
2020,SWF008,2020-04-29 18:00:00,4.0,120.0,55.421494,-116.109673,Indian Reservation,Undetermined,"158,81"
2020,LWF023,2020-04-30 14:55:00,4.0,121.0,55.929749,-110.725914,Indian Reservation,Incendiary,"169,79"
2020,CWF005,2020-05-01 12:00:00,5.0,122.0,50.227566,-114.399498,Provincial Land,Recreation,"154,62"
2020,PWF005,2020-03-15 12:00:00,3.0,75.0,56.202518,-118.369118,Private Land,Agriculture Industry,"155,85"
2020,LWF034,2020-05-04 12:40:00,5.0,125.0,54.544666,-110.38195,Private Land,Recreation,"168,74"
2020,EWF010,2020-05-04 13:50:00,5.0,125.0,53.342033,-117.647614,Private Land,Resident,"152,75"
2020,MWF003,2020-05-04 15:30:00,5.0,125.0,56.419033,-111.428635,Provincial Land,Recreation,"168,81"
2020,LWF038,2020-05-04 17:05:00,5.0,125.0,54.572552,-111.778648,Provincial Land,Recreation,"165,75"
2020,LWF039,2020-05-04 19:17:00,5.0,125.0,55.931648,-110.725266,Indian Reservation,Incendiary,"169,79"
2020,RWF011,2020-05-05 16:20:00,5.0,126.0,52.669083,-115.372917,Indian Reservation,Resident,"156,71"
2020,SWF012,2020-05-05 20:30:00,5.0,126.0,54.799969,-115.405502,Provincial Land,Power Line Industry,"158,78"
2020,GWF009,2020-05-06 16:15:00,5.0,127.0,55.166084,-116.936584,Private Land,Incendiary,"156,80"
2020,HWF008,2020-05-06 18:30:00,5.0,127.0,58.542801,-115.155334,Indian Reservation,Incendiary,"164,90"
2020,SWF013,2020-05-06 15:00:00,5.0,127.0,55.246944,-116.609589,Provincial Land,Resident,"157,80"
2020,GWF010,2020-05-06 17:00:00,5.0,127.0,54.98106,-116.871422,Private Land,Incendiary,"156,80"
2020,LWF049,2020-05-07 09:40:00,5.0,128.0,55.920616,-110.737968,Indian Reservation,Incendiary,"169,79"
2020,LWF050,2020-05-07 09:55:00,5.0,128.0,55.920284,-110.73867,Indian Reservation,Incendiary,"169,79"
2020,CWF001,2020-02-17 16:15:00,2.0,48.0,51.139416,-114.93055,Indian Reservation,Resident,"154,65"
2020,PWF001,2020-01-01 12:00:00,1.0,1.0,56.783783,-117.238434,Provincial Land,Forest Industry,"157,86"
2020,LWF001,2020-03-20 13:00:00,3.0,80.0,55.924263,-110.751015,Indian Reservation,Incendiary,"169,79"
2020,PWF002,2020-04-18 12:00:00,4.0,109.0,56.548813,-119.162231,Private Land,Agriculture Industry,"154,87"
2020,LWF006,2020-04-22 08:50:00,4.0,113.0,54.5928,-110.463615,Provincial Land,Power Line Industry,"168,74"
2020,SWF001,2020-04-22 11:00:00,4.0,113.0,55.619465,-116.361557,Private Land,Resident,"158,81"
2020,LWF009,2020-03-03 12:00:00,3.0,63.0,54.688702,-111.927719,Private Land,Agriculture Industry,"165,75"
2020,LWF010,2020-01-15 14:00:00,1.0,15.0,54.599483,-111.787102,Private Land,Agriculture Industry,"165,75"
2020,LWF054,2020-05-07 17:10:00,5.0,128.0,55.936134,-110.720047,Indian Reservation,Incendiary,"169,79"
2020,LWF056,2020-05-07 17:00:00,5.0,128.0,55.926083,-110.729286,Indian Reservation,Incendiary,"169,79"
2020,WWF005,2020-05-09 13:25:00,5.0,130.0,54.199013,-115.866554,Provincial Land,Agriculture Industry,"157,76"
2020,HWF011,2020-05-12 17:00:00,5.0,133.0,58.467567,-114.460182,Indian Reservation,Incendiary,"165,90"
2020,PWF011,2020-05-12 18:00:00,5.0,133.0,56.340618,-119.24987,Private Land,Agriculture Industry,"153,86"
2020,GWF011,2020-05-13 13:40:00,5.0,134.0,54.383904,-118.771834,Provincial Land,Oil & Gas Industry,"151,79"
2020,SWF019,2020-05-13 15:30:00,5.0,134.0,55.3578,-116.715332,Private Land,Resident,"156,81"
2020,PWF015,2020-05-14 11:00:00,5.0,135.0,56.061852,-116.821884,Private Land,Resident,"157,83"
2020,RWF002,2020-04-26 12:54:00,4.0,117.0,52.2579,-115.085167,Private Land,Resident,"156,69"
2020,RWF003,2020-04-26 15:56:00,4.0,117.0,52.389555,-115.085453,Private Land,Resident,"156,70"
2020,SWF005,2020-04-23 15:30:00,4.0,114.0,55.61755,-116.262085,Indian Reservation,Resident,"158,81"
2020,LWF018,2020-04-29 12:30:00,4.0,120.0,55.921001,-110.733551,Indian Reservation,Incendiary,"169,79"
2020,SWF006,2020-04-28 19:30:00,4.0,119.0,55.175694,-114.318268,Provincial Land,Recreation,"161,78"
2020,EWF008,2020-04-29 15:40:00,4.0,120.0,53.563499,-116.530914,Private Land,Resident,"154,75"
2020,LWF020,2020-04-29 18:35:00,4.0,120.0,55.923668,-110.750732,Indian Reservation,Incendiary,"169,79"
2020,LWF021,2020-04-29 18:30:00,4.0,120.0,55.929401,-110.724098,Indian Reservation,Incendiary,"169,79"
2020,LWF022,2020-04-29 18:42:00,4.0,120.0,55.931351,-110.72747,Indian Reservation,Incendiary,"169,79"
2020,WWF002,2020-04-30 15:00:00,4.0,121.0,54.094116,-115.819084,Provincial Land,Power Line Industry,"157,76"
2020,SWF010,2020-04-30 18:00:00,4.0,121.0,54.794785,-116.679718,Provincial Land,Power Line Industry,"156,79"
2020,LWF026,2020-05-02 18:50:00,5.0,123.0,54.998985,-111.741608,Private Land,Resident,"166,76"
2020,LWF028,2020-05-03 12:55:00,5.0,124.0,55.936684,-110.719902,Indian Reservation,Incendiary,"169,79"
2020,LWF063,2020-05-15 10:30:00,5.0,136.0,55.924633,-110.74913,Indian Reservation,Incendiary,"169,79"
2020,LWF062,2020-05-14 20:30:00,5.0,135.0,56.212418,-110.919853,Provincial Land,Power Line Industry,"169,80"
2020,LWF065,2020-05-15 15:50:00,5.0,136.0,55.936516,-110.718117,Indian Reservation,Incendiary,"169,79"
2020,HWF013,2020-05-14 15:30:00,5.0,135.0,58.195366,-116.362869,Private Land,Recreation,"161,90"
2020,RWF018,2020-05-16 12:00:00,5.0,137.0,52.8176,-115.523651,Provincial Land,Recreation,"155,71"
2020,RWF019,2020-05-16 12:00:00,5.0,137.0,52.448582,-114.92392,Provincial Land,Resident,"156,70"
2020,RWF020,2020-05-16 16:30:00,5.0,137.0,51.975975,-114.858261,Provincial Land,Recreation,"156,68"
2020,CWF020,2020-05-18 07:30:00,5.0,139.0,51.270866,-115.007385,Provincial Land,Recreation,"154,66"
2020,CWF021,2020-05-18 07:30:00,5.0,139.0,49.672749,-114.591881,Provincial Land,Recreation,"153,60"
2020,LWF029,2020-05-03 12:50:00,5.0,124.0,55.922684,-110.733452,Indian Reservation,Incendiary,"169,79"
2020,LWF031,2020-05-03 16:00:00,5.0,124.0,55.9319,-110.727364,Indian Reservation,Incendiary,"169,79"
2020,LWF032,2020-05-03 16:55:00,5.0,124.0,55.938866,-110.719284,Indian Reservation,Incendiary,"169,79"
2020,PWF007,2020-05-04 13:00:00,5.0,125.0,56.525501,-117.65155,Provincial Land,Power Line Industry,"156,86"
2020,LWF043,2020-05-05 19:00:00,5.0,126.0,55.9277,-110.717667,Indian Reservation,Resident,"169,79"
2020,LWF044,2020-05-05 12:00:00,5.0,126.0,54.522949,-110.814034,Private Land,Resident,"167,74"
2020,HWF007,2020-05-05 17:45:00,5.0,126.0,58.716415,-118.752197,Indian Reservation,Resident,"158,94"
2020,LWF045,2020-05-05 19:40:00,5.0,126.0,55.921749,-110.735733,Indian Reservation,Incendiary,"169,79"
2020,WWF003,2020-05-04 19:30:00,5.0,125.0,54.070091,-115.610687,Private Land,Resident,"157,76"
2020,HWF006,2020-05-05 11:00:00,5.0,126.0,58.6959,-114.015297,Provincial Land,Resident,"166,90"
2020,LWF048,2020-05-06 22:00:00,5.0,127.0,55.911708,-110.737363,Provincial Land,Incendiary,"169,79"
2020,LWF051,2020-05-06 20:00:00,5.0,127.0,55.718868,-112.237083,Provincial Land,Recreation,"166,79"
2020,LWF052,2020-05-07 14:30:00,5.0,128.0,55.797134,-110.893784,Provincial Land,Lightning,"168,78"
2020,LWF053,2020-05-07 14:10:00,5.0,128.0,54.560318,-113.90287,Private Land,Agriculture Industry,"161,76"
2020,CWF022,2020-05-18 07:30:00,5.0,139.0,51.269333,-115.020233,Provincial Land,Recreation,"154,66"
2020,CWF025,2020-05-18 07:30:00,5.0,139.0,51.6357,-115.111168,Provincial Land,Recreation,"155,67"
2020,RWF026,2020-05-20 09:53:00,5.0,141.0,52.688301,-115.359467,Indian Reservation,Incendiary,"156,71"
2020,HWF016,2020-05-23 17:20:00,5.0,144.0,58.356602,-119.016914,Provincial Land,Power Line Industry,"157,93"
2020,LWF075,2020-05-24 17:30:00,5.0,145.0,55.916745,-110.739838,Indian Reservation,Incendiary,"169,79"
2020,RWF027,2020-05-27 15:00:00,5.0,148.0,52.145618,-115.32045,Provincial Land,Power Line Industry,"155,69"
2020,HWF019,2020-05-27 19:25:00,5.0,148.0,58.514534,-116.476753,Provincial Land,Undetermined,"161,91"
2020,HWF020,2020-05-28 16:08:00,5.0,149.0,58.195282,-116.231529,Provincial Land,Undetermined,"161,90"
2020,CWF032,2020-05-30 12:00:00,5.0,151.0,50.886349,-114.671532,Provincial Park,Recreation,"155,64"
2020,EWF018,2020-05-30 14:30:00,5.0,151.0,53.352749,-115.382385,Provincial Land,Power Line Industry,"156,73"
2020,SWF026,2020-05-31 15:00:00,5.0,152.0,55.855534,-115.157951,Provincial Land,Undetermined,"160,81"
2020,EWF012,2020-05-08 14:00:00,5.0,129.0,53.538017,-116.745636,Private Land,Agriculture Industry,"154,75"
2020,RWF012,2020-05-08 19:00:00,5.0,129.0,52.082314,-115.030205,Provincial Land,Recreation,"155,68"
2020,RWF013,2020-05-09 12:29:00,5.0,130.0,52.067379,-115.112587,Provincial Land,Recreation,"155,68"
2020,EWF014,2020-05-11 13:00:00,5.0,132.0,53.524811,-116.359215,Provincial Land,Recreation,"155,74"
2020,SWF018,2020-05-13 13:55:00,5.0,134.0,55.251282,-114.72625,Provincial Land,Undetermined,"160,79"
2020,PWF012,2020-05-13 19:20:00,5.0,134.0,56.438766,-116.105019,Private Land,Resident,"159,84"
2020,PWF014,2020-05-13 20:10:00,5.0,134.0,56.386684,-116.871552,Provincial Land,Power Line Industry,"158,84"
2020,RWF014,2020-05-14 12:52:00,5.0,135.0,52.506802,-114.861565,Private Land,Resident,"156,70"
2020,LWF061,2020-05-13 21:30:00,5.0,134.0,55.931633,-110.733719,Indian Reservation,Incendiary,"169,79"
2020,PWF016,2020-05-14 17:00:00,5.0,135.0,56.576427,-119.115128,Private Land,Agriculture Industry,"154,87"
2020,RWF015,2020-05-14 17:23:00,5.0,135.0,52.49995,-115.913681,Provincial Land,Government,"154,71"
2020,RWF017,2020-05-15 17:50:00,5.0,136.0,52.840782,-115.505867,Indian Reservation,Resident,"155,71"
2020,GWF015,2020-05-15 13:00:00,5.0,136.0,55.858749,-119.502464,Private Land,Resident,"152,85"
2020,CWF014,2020-05-16 18:00:00,5.0,137.0,49.658783,-114.538895,Provincial Land,Recreation,"153,60"
2020,HWF021,2020-05-31 16:45:00,5.0,152.0,58.19193,-116.4889,Provincial Land,Incendiary,"161,90"
2020,WWF017,2020-06-01 11:00:00,6.0,153.0,54.066875,-115.657448,Private Land,Power Line Industry,"157,76"
2020,EWF020,2020-06-01 12:00:00,6.0,153.0,53.549816,-116.505516,Private Land,Resident,"154,75"
2020,SWF030,2020-06-02 12:30:00,6.0,154.0,55.918781,-113.89325,Indian Reservation,Power Line Industry,"163,81"
2020,SWF033,2020-06-05 15:00:00,6.0,157.0,55.904469,-113.561386,Indian Reservation,Resident,"163,80"
2020,PWF021,2020-06-11 17:15:00,6.0,163.0,56.160117,-117.040983,Provincial Land,Government,"157,84"
2020,PWF022,2020-06-11 17:16:00,6.0,163.0,56.159683,-117.0306,Provincial Land,Government,"157,84"
2020,WWF018,2020-06-12 21:00:00,6.0,164.0,54.135978,-117.452293,Provincial Land,Lightning,"153,77"
2020,MWF007,2020-06-13 19:10:00,6.0,165.0,56.860183,-111.444133,Provincial Land,Other Industry,"168,82"
2020,MWF008,2020-06-13 19:10:00,6.0,165.0,56.860283,-111.44395,Provincial Land,Other Industry,"168,82"
2020,EWF015,2020-05-15 20:00:00,5.0,136.0,53.260384,-117.764816,Provincial Land,Recreation,"151,75"
2020,LWF069,2020-05-17 13:45:00,5.0,138.0,56.20115,-110.8827,Provincial Land,Power Line Industry,"169,80"
2020,PWF018,2020-05-10 16:30:00,5.0,131.0,57.9571,-117.46833,Metis Settlement,Government,"159,90"
2020,CWF018,2020-05-17 12:00:00,5.0,138.0,49.692516,-114.605949,Provincial Land,Recreation,"153,60"
2020,WWF014,2020-05-16 19:00:00,5.0,137.0,54.389313,-115.622292,Provincial Land,Recreation,"157,77"
2020,WWF016,2020-05-17 00:00:00,5.0,138.0,54.091427,-115.603134,Provincial Land,Undetermined,"157,76"
2020,CWF019,2020-05-17 12:00:00,5.0,138.0,51.584183,-114.998116,Provincial Land,Recreation,"155,67"
2020,RWF025,2020-05-18 13:25:00,5.0,139.0,51.744183,-115.362419,Provincial Land,Recreation,"154,68"
2020,EWF016,2020-05-19 13:50:00,5.0,140.0,53.687649,-116.29843,Private Land,Resident,"155,75"
2020,LWF072,2020-05-19 17:00:00,5.0,140.0,55.931866,-110.725464,Indian Reservation,Incendiary,"169,79"
2020,SWF025,2020-05-29 09:10:00,5.0,150.0,55.974449,-113.40287,Provincial Land,Power Line Industry,"164,81"
2020,SWF035,2020-06-11 14:56:00,6.0,163.0,55.825033,-113.6566,Provincial Land,Lightning,"163,80"
2020,SWF036,2020-06-11 14:56:00,6.0,163.0,55.825583,-113.64855,Provincial Land,Lightning,"163,80"
2020,MWF009,2020-06-14 14:00:00,6.0,166.0,57.786217,-111.1397,Provincial Land,Recreation,"170,85"
2020,MWF010,2020-06-13 18:00:00,6.0,165.0,56.488183,-112.85925,Provincial Land,Lightning,"165,82"
2020,SWF038,2020-06-13 16:00:00,6.0,165.0,55.297625,-115.159615,Provincial Land,Lightning,"159,79"
2020,LWF085,2020-06-19 16:45:00,6.0,171.0,55.9239,-110.691567,Indian Reservation,Government,"169,79"
2020,GWF025,2020-06-21 15:45:00,6.0,173.0,55.502917,-119.496933,Provincial Land,Oil & Gas Industry,"151,84"
2020,GWF028,2020-06-24 12:00:00,6.0,176.0,54.975783,-117.4714,Private Land,Resident,"154,80"
2020,HWF033,2020-06-27 18:20:00,6.0,179.0,58.9675,-118.02185,Provincial Land,Lightning,"159,94"
2020,HWF034,2020-06-28 10:19:00,6.0,180.0,59.910733,-116.6298,Provincial Land,Lightning,"163,96"
2020,LWF081,2020-05-30 11:00:00,5.0,151.0,55.9225,-110.732567,Indian Reservation,Incendiary,"169,79"
2020,LWF082,2020-05-30 11:00:00,5.0,151.0,55.904139,-110.752,Private Land,Incendiary,"169,79"
2020,CWF033,2020-05-31 07:30:00,5.0,152.0,51.170418,-114.872452,Indian Reservation,Incendiary,"155,65"
2020,EWF019,2020-05-30 21:30:00,5.0,151.0,54.070217,-118.614883,Provincial Land,Lightning,"151,78"
2020,SWF029,2020-06-01 12:00:00,6.0,153.0,56.242085,-115.31517,Provincial Land,Resident,"160,83"
2020,RWF030,2020-06-02 11:10:00,6.0,154.0,52.333466,-115.005646,Private Land,Resident,"156,69"
2020,SWF032,2020-06-02 14:00:00,6.0,154.0,55.663818,-116.085999,Provincial Land,Resident,"158,81"
2020,HWF022,2020-06-03 12:30:00,6.0,155.0,58.018993,-116.53746,Private Land,Agriculture Industry,"160,90"
2020,GWF019,2020-06-04 14:00:00,6.0,156.0,55.870621,-119.464531,Private Land,Resident,"152,85"
2020,CWF035,2020-06-16 12:00:00,6.0,168.0,51.403938,-115.059433,Provincial Land,Recreation,"155,66"
2020,CWF034,2020-06-18 23:59:00,6.0,170.0,51.1328,-114.905117,Indian Reservation,Resident,"154,65"
2020,MWF014,2020-06-28 13:54:00,6.0,180.0,59.064833,-110.731,Provincial Land,Lightning,"172,90"
2020,CWF043,2020-07-05 12:00:00,7.0,187.0,51.61243,-115.137627,Provincial Land,Recreation,"155,67"
2020,CWF046,2020-07-05 12:00:00,7.0,187.0,50.22795,-114.400017,Provincial Land,Recreation,"154,62"
2020,CWF047,2020-05-07 12:00:00,5.0,128.0,50.228917,-114.4,Provincial Land,Recreation,"154,62"
2020,CWF048,2020-07-05 12:00:00,7.0,187.0,50.261,-114.336317,Provincial Land,Recreation,"155,62"
2020,CWF049,2020-07-05 12:00:00,7.0,187.0,50.2533,-114.336333,Provincial Land,Recreation,"155,62"
2020,CWF050,2020-07-05 12:00:00,7.0,187.0,51.266217,-114.966983,Provincial Land,Recreation,"155,66"
2020,CWF051,2020-07-05 12:00:00,7.0,187.0,51.271633,-114.992217,Provincial Land,Recreation,"154,66"
2020,CWF052,2020-07-05 16:45:00,7.0,187.0,51.2712,-115.117233,Provincial Land,Recreation,"154,66"
2020,CWF053,2020-07-05 12:00:00,7.0,187.0,51.272283,-115.008017,Provincial Land,Recreation,"154,66"
2020,CWF054,2020-07-05 12:00:00,7.0,187.0,51.270967,-115.015533,Provincial Land,Recreation,"154,66"
2020,EWF024,2020-07-06 10:30:00,7.0,188.0,53.654233,-116.610767,Private Land,Resident,"154,75"
2020,SWF046,2020-07-06 15:00:00,7.0,188.0,55.373893,-116.823097,Provincial Land,Resident,"156,81"
2020,RWF033,2020-07-16 19:19:00,7.0,198.0,52.516383,-115.910917,Provincial Land,Power Line Industry,"154,71"
2020,HWF023,2020-06-12 15:47:00,6.0,164.0,58.52995,-118.78475,Provincial Land,Power Line Industry,"157,93"
2020,PWF031,2020-07-25 08:00:00,7.0,207.0,56.52965,-117.59515,Private Land,Agriculture Industry,"156,86"
2020,PWF030,2020-07-25 14:50:00,7.0,207.0,56.46735,-116.380683,Indian Reservation,Resident,"159,84"
2020,HWF038,2020-07-27 15:40:00,7.0,209.0,59.3925,-116.434333,Provincial Land,Lightning,"163,94"
2020,MWF017,2020-07-27 16:00:00,7.0,209.0,56.637567,-111.145317,Provincial Land,Power Line Industry,"169,81"
2020,EWF028,2020-07-27 16:35:00,7.0,209.0,53.508087,-116.575043,Private Land,Resident,"154,75"
2020,MWF018,2020-07-28 20:17:00,7.0,210.0,58.622933,-110.1806,Provincial Land,Lightning,"173,88"
2020,HWF043,2020-08-03 08:00:00,8.0,216.0,58.537917,-117.073233,Private Land,Agriculture Industry,"160,92"
2020,HWF044,2020-08-04 16:20:00,8.0,217.0,58.845167,-118.15255,Provincial Land,Lightning,"159,94"
2020,HWF045,2020-08-04 16:25:00,8.0,217.0,58.530667,-118.99265,Provincial Land,Power Line Industry,"157,93"
2020,LWF090,2020-08-04 22:00:00,8.0,217.0,54.973817,-112.4467,Provincial Land,Recreation,"164,76"
2020,SWF049,2020-08-03 20:00:00,8.0,216.0,55.077083,-115.501917,Provincial Land,Lightning,"158,79"
2020,CWF091,2020-08-05 20:30:00,8.0,218.0,50.437583,-114.6825,Provincial Land,Lightning,"154,62"
2020,EWF037,2020-08-06 17:45:00,8.0,219.0,53.800833,-116.833667,Provincial Land,Lightning,"154,76"
2020,PWF029,2020-07-18 16:00:00,7.0,200.0,57.447221,-117.526351,Provincial Land,Recreation,"158,89"
2020,CWF063,2020-07-31 07:30:00,7.0,213.0,50.94835,-115.149567,Provincial Land,Incendiary,"154,65"
2020,CWF064,2020-07-31 07:30:00,7.0,213.0,51.275533,-115.140167,Provincial Land,Recreation,"154,66"
2020,CWF065,2020-07-31 12:00:00,7.0,213.0,51.254333,-115.103667,Provincial Land,Recreation,"154,66"
2020,EWF038,2020-08-06 16:50:00,8.0,219.0,53.680783,-116.066167,Provincial Land,Power Line Industry,"155,75"
2020,WWF026,2020-08-06 18:45:00,8.0,219.0,54.613827,-115.634148,Provincial Land,Lightning,"158,78"
2020,PWF036,2020-08-06 21:30:00,8.0,219.0,57.1753,-117.425383,Private Land,Lightning,"158,88"
2020,WWF027,2020-08-06 16:15:00,8.0,219.0,54.125438,-115.822555,Private Land,Resident,"157,76"
2020,EWF039,2020-08-07 11:30:00,8.0,220.0,53.243833,-117.798583,Provincial Land,Undetermined,"151,75"
2020,CWF092,2020-08-03 17:38:00,8.0,216.0,51.20905,-114.7227,Provincial Land,Recreation,"155,65"
2020,CWF037,2020-06-15 12:00:00,6.0,167.0,49.84875,-114.406083,Provincial Land,Recreation,"154,60"
2020,EWF031,2020-08-01 19:00:00,8.0,214.0,53.575481,-116.515949,Private Land,Resident,"154,75"
2020,MWF019,2020-08-08 15:00:00,8.0,221.0,56.433133,-111.04605,Provincial Land,Resident,"169,81"
2020,PWF037,2020-08-08 18:57:00,8.0,221.0,57.4066,-117.304667,Provincial Land,Lightning,"158,88"
2020,EWF041,2020-08-06 19:45:00,8.0,219.0,53.721683,-116.740083,Provincial Land,Lightning,"154,75"
2020,LWF091,2020-08-09 14:10:00,8.0,222.0,55.151317,-112.480517,Provincial Land,Power Line Industry,"164,77"
2020,WWF028,2020-08-08 09:00:00,8.0,221.0,54.382667,-116.345467,Provincial Land,Lightning,"156,77"
2020,GWF034,2020-08-03 01:00:00,8.0,216.0,54.737633,-119.900233,Provincial Land,Lightning,"149,82"
2020,HWF047,2020-08-11 19:19:00,8.0,224.0,58.501987,-116.17997,Private Land,Agriculture Industry,"162,91"
2020,CWF109,2020-08-12 07:30:00,8.0,225.0,50.2646,-114.31835,Provincial Land,Recreation,"155,62"
2020,PWF038,2020-08-07 23:40:00,8.0,220.0,57.077367,-118.063483,Provincial Land,Lightning,"156,88"
2020,HWF029,2020-06-26 15:05:00,6.0,178.0,58.447,-119.227833,Provincial Land,Oil & Gas Industry,"156,93"
2020,HWF030,2020-06-27 12:28:00,6.0,179.0,58.198957,-116.092405,Private Land,Resident,"161,90"
2020,HWF031,2020-06-27 16:34:00,6.0,179.0,58.362433,-118.422833,Provincial Land,Lightning,"158,92"
2020,HWF032,2020-06-27 16:23:00,6.0,179.0,58.352767,-118.387333,Provincial Land,Lightning,"158,92"
2020,GWF029,2020-07-12 12:00:00,7.0,194.0,55.619414,-119.981509,Private Land,Resident,"151,84"
2020,RWF036,2020-07-28 20:21:00,7.0,210.0,52.79165,-116.090733,Provincial Land,Lightning,"154,72"
2020,SWF051,2020-08-09 17:40:00,8.0,222.0,54.866733,-115.440483,Provincial Land,Power Line Industry,"158,78"
2020,CWF108,2020-08-10 10:30:00,8.0,223.0,51.119433,-115.374133,Provincial Park,Lightning,"153,65"
2020,RWF034,2020-07-22 04:27:00,7.0,204.0,52.95995,-115.909617,Provincial Land,Lightning,"155,72"
2020,CWF111,2020-08-13 12:00:00,8.0,226.0,50.264333,-114.31855,Provincial Land,Recreation,"155,62"
2020,RWF042,2020-08-18 11:10:00,8.0,231.0,51.7031,-115.200867,Provincial Land,Lightning,"155,67"
2020,SWF052,2020-08-18 18:00:00,8.0,231.0,55.26565,-116.022717,Provincial Land,Lightning,"158,80"
2020,EWF044,2020-08-11 19:00:00,8.0,224.0,53.817767,-117.724167,Provincial Land,Lightning,"152,77"
2020,PWF044,2020-08-18 18:30:00,8.0,231.0,56.594483,-119.41075,Provincial Land,Lightning,"153,87"
2020,SWF053,2020-08-18 19:00:00,8.0,231.0,54.840883,-116.0692,Provincial Land,Lightning,"157,79"
2020,SWF055,2020-08-18 19:00:00,8.0,231.0,55.057817,-115.839017,Provincial Land,Lightning,"158,79"
2020,PWF047,2020-08-18 20:15:00,8.0,231.0,57.919083,-117.601583,Metis Settlement,Power Line Industry,"158,90"
2020,WWF020,2020-06-19 13:50:00,6.0,171.0,54.21125,-116.020083,Provincial Land,Power Line Industry,"156,76"
2020,CWF038,2020-06-27 18:00:00,6.0,179.0,51.10135,-115.309067,Provincial Land,Recreation,"154,65"
2020,HWF035,2020-07-09 16:24:00,7.0,191.0,59.494017,-117.400883,Provincial Land,Lightning,"161,95"
2020,RWF035,2020-07-23 06:00:00,7.0,205.0,51.796883,-115.30805,Provincial Land,Lightning,"154,68"
2020,EWF029,2020-07-28 13:15:00,7.0,210.0,53.5689,-116.609467,Provincial Land,Recreation,"154,75"
2020,EWF042,2020-08-11 18:45:00,8.0,224.0,53.895947,-119.145127,Provincial Land,Recreation,"150,78"
2020,CWF110,2020-08-12 12:00:00,8.0,225.0,49.85515,-114.390633,Provincial Land,Recreation,"154,60"
2020,PWF039,2020-08-17 21:00:00,8.0,230.0,57.7303,-117.2323,Metis Settlement,Power Line Industry,"159,89"
2020,PWF041,2020-08-18 17:50:00,8.0,231.0,57.034333,-118.464283,Provincial Land,Lightning,"156,88"
2020,CWF120,2020-08-18 12:00:00,8.0,231.0,49.98997,-114.49876,Provincial Land,Recreation,"154,61"
2020,SWF059,2020-08-18 18:00:00,8.0,231.0,54.824283,-115.453383,Provincial Land,Lightning,"158,78"
2020,SWF058,2020-08-18 11:46:00,8.0,231.0,54.888217,-115.344267,Provincial Land,Lightning,"158,78"
2020,EWF045,2020-08-16 12:00:00,8.0,229.0,53.56055,-117.127583,Provincial Park,Recreation,"153,75"
2020,SWF047,2020-07-10 17:00:00,7.0,192.0,55.702033,-114.026867,Provincial Land,Lightning,"162,80"
2020,EWF040,2020-08-08 14:00:00,8.0,221.0,53.621108,-117.056953,Provincial Land,Undetermined,"153,75"
2020,EWF043,2020-08-11 18:45:00,8.0,224.0,53.879135,-119.145348,Provincial Land,Recreation,"150,78"
2020,RWF038,2020-08-17 15:15:00,8.0,230.0,52.690982,-115.71302,Provincial Land,Lightning,"155,71"
2020,GWF035,2020-08-17 14:35:00,8.0,230.0,56.160058,-119.331049,Provincial Land,Agriculture Industry,"153,86"
2020,GWF036,2020-08-18 17:10:00,8.0,231.0,55.7576,-119.526417,Provincial Land,Power Line Industry,"152,85"
2020,GWF037,2020-08-18 18:00:00,8.0,231.0,55.6537,-119.223867,Provincial Land,Power Line Industry,"152,84"
2020,SWF054,2020-08-18 17:15:00,8.0,231.0,55.108717,-115.819217,Provincial Land,Lightning,"158,79"
2020,SWF056,2020-08-18 19:30:00,8.0,231.0,55.088833,-115.803833,Provincial Land,Lightning,"158,79"
2020,SWF057,2020-08-18 19:30:00,8.0,231.0,55.096533,-115.80535,Provincial Land,Lightning,"158,79"
2020,GWF038,2020-08-18 18:55:00,8.0,231.0,55.192,-117.493833,Provincial Land,Power Line Industry,"155,81"
2020,RWF043,2020-08-19 15:00:00,8.0,232.0,53.049883,-115.7384,Provincial Land,Forest Industry,"155,72"
2020,PWF024,2020-06-20 15:00:00,6.0,172.0,56.529583,-118.84935,Private Land,Agriculture Industry,"154,87"
2020,CWF114,2020-08-08 12:00:00,8.0,221.0,49.829133,-114.533183,Provincial Land,Recreation,"154,60"
2020,CWF116,2020-08-15 20:00:00,8.0,228.0,49.661,-114.54048,Provincial Land,Recreation,"153,60"
2020,CWF117,2020-08-16 12:00:00,8.0,229.0,49.9102,-114.3933,Provincial Land,Recreation,"154,60"
2020,CWF118,2020-08-16 12:00:00,8.0,229.0,49.90955,-114.392667,Provincial Land,Recreation,"154,60"
2020,RWF039,2020-08-17 17:01:00,8.0,230.0,51.727983,-115.1552,Provincial Land,Lightning,"155,67"
2020,CWF119,2020-08-17 12:00:00,8.0,230.0,50.601633,-115.05195,Provincial Land,Lightning,"153,63"
2020,PWF040,2020-08-18 18:00:00,8.0,231.0,57.03225,-118.458217,Provincial Land,Lightning,"156,88"
2020,PWF042,2020-08-18 17:30:00,8.0,231.0,57.21225,-118.322167,Provincial Land,Lightning,"156,88"
2020,PWF043,2020-08-18 17:30:00,8.0,231.0,57.331617,-118.303517,Provincial Land,Lightning,"156,89"
2020,CWF121,2020-08-18 07:30:00,8.0,231.0,49.598033,-114.6982,Provincial Land,Recreation,"153,60"
2020,CWF122,2020-08-18 12:00:00,8.0,231.0,50.030067,-114.55235,Provincial Land,Recreation,"154,61"
2020,PWF045,2020-08-18 18:45:00,8.0,231.0,56.3838,-117.516533,Provincial Land,Lightning,"156,85"
2020,PWF046,2020-08-18 20:15:00,8.0,231.0,56.507583,-116.425833,Provincial Land,Power Line Industry,"159,85"
2020,CWF096,2020-08-08 12:00:00,8.0,221.0,49.673317,-114.58925,Provincial Land,Recreation,"153,60"
2020,CWF095,2020-08-08 12:00:00,8.0,221.0,49.673067,-114.593067,Provincial Land,Recreation,"153,60"
2020,CWF094,2020-08-08 12:00:00,8.0,221.0,49.673117,-114.593083,Provincial Land,Recreation,"153,60"
2020,CWF093,2020-08-08 12:00:00,8.0,221.0,49.672283,-114.591083,Provincial Land,Recreation,"153,60"
2020,CWF097,2020-08-08 12:00:00,8.0,221.0,49.677117,-114.59275,Provincial Land,Recreation,"153,60"
2020,CWF098,2020-08-08 20:15:00,8.0,221.0,49.686908,-114.603272,Provincial Land,Recreation,"153,60"
2020,CWF099,2020-08-08 12:00:00,8.0,221.0,49.68605,-114.603967,Provincial Land,Recreation,"153,60"
2020,CWF100,2020-08-08 12:00:00,8.0,221.0,50.08735,-114.4286,Provincial Land,Recreation,"154,61"
2020,CWF101,2020-08-08 12:00:00,8.0,221.0,50.090633,-114.432583,Provincial Land,Recreation,"154,61"
2020,CWF102,2020-08-08 12:00:00,8.0,221.0,50.06965,-114.427167,Provincial Land,Recreation,"154,61"
2020,CWF103,2020-08-08 12:00:00,8.0,221.0,50.0689,-114.427567,Provincial Land,Recreation,"154,61"
2020,CWF104,2020-08-08 12:00:00,8.0,221.0,50.442267,-114.689883,Provincial Park,Recreation,"154,63"
2020,CWF105,2020-08-09 07:30:00,8.0,222.0,51.615217,-115.147667,Provincial Land,Recreation,"155,67"
2020,CWF106,2020-08-09 13:00:00,8.0,222.0,49.632867,-114.5291,Provincial Land,Railroad,"153,60"
2020,CWF107,2020-08-09 07:30:00,8.0,222.0,51.42515,-115.10245,Provincial Land,Recreation,"154,66"
2020,LWF092,2020-08-11 04:59:00,8.0,224.0,54.577648,-113.834832,Private Land,Agriculture Industry,"161,76"
2020,HWF046,2020-08-08 17:00:00,8.0,221.0,57.631833,-115.297833,Provincial Land,Lightning,"162,88"
2020,CWF112,2020-08-15 12:00:00,8.0,228.0,49.858083,-114.3885,Provincial Land,Recreation,"154,60"
2020,CWF113,2020-08-15 12:00:00,8.0,228.0,49.980367,-114.0908,Provincial Land,Recreation,"155,60"
2020,CWF115,2020-08-15 12:00:00,8.0,228.0,49.98055,-114.093283,Provincial Land,Recreation,"155,60"
2020,RWF037,2020-08-16 14:00:00,8.0,229.0,52.484533,-115.365217,Provincial Land,Undetermined,"155,70"
2020,RWF040,2020-08-17 17:01:00,8.0,230.0,51.70905,-115.158967,Provincial Land,Lightning,"155,67"
2020,RWF041,2020-08-17 17:00:00,8.0,230.0,51.700117,-115.176467,Provincial Land,Lightning,"155,67"
2020,WWF029,2020-08-17 10:00:00,8.0,230.0,54.075667,-115.689467,Private Land,Resident,"157,76"
2020,MWF002,2020-03-07 17:00:00,3.0,67.0,56.679516,-111.189148,Provincial Land,Recreation,"169,82"
2020,SWF020,2020-05-15 11:30:00,5.0,136.0,55.877399,-115.779366,Private Land,Resident,"159,82"
2020,MWF015,2020-06-29 13:26:00,6.0,181.0,59.573833,-110.514183,Provincial Land,Lightning,"173,91"
2020,EWF003,2020-04-22 03:30:00,4.0,113.0,53.302616,-117.857246,Private Land,Railroad,"151,75"
2020,EWF004,2020-04-23 13:15:00,4.0,114.0,53.234921,-116.979416,Private Land,Resident,"153,74"
2020,SWF004,2020-04-24 18:00:00,4.0,115.0,55.256317,-116.904846,Provincial Land,Other Industry,"156,81"
2020,HWF003,2020-04-28 22:00:00,4.0,119.0,58.551369,-117.118919,Provincial Land,Power Line Industry,"160,92"
2020,LWF024,2020-05-02 14:50:00,5.0,123.0,55.924667,-110.723953,Indian Reservation,Incendiary,"169,79"
2020,HWF004,2020-05-03 16:25:00,5.0,124.0,58.764015,-117.367035,Provincial Land,Recreation,"160,93"
2020,LWF025,2020-05-02 18:15:00,5.0,123.0,55.928116,-110.724747,Indian Reservation,Incendiary,"169,79"
2020,GWF012,2020-05-14 15:10:00,5.0,135.0,55.069832,-117.365219,Indian Reservation,Resident,"155,80"
2020,CWF012,2020-05-16 12:00:00,5.0,137.0,51.282066,-115.081032,Provincial Land,Recreation,"154,66"
2020,CWF013,2020-05-16 12:00:00,5.0,137.0,50.748615,-114.598717,Provincial Land,Recreation,"155,63"
2020,HWF014,2020-05-18 12:40:00,5.0,139.0,58.703098,-118.673836,Indian Reservation,Incendiary,"158,94"
2020,CWF006,2020-05-02 16:30:00,5.0,123.0,49.629551,-114.528503,Provincial Land,Incendiary,"153,60"
2020,HWF012,2020-05-13 15:00:00,5.0,134.0,58.182701,-116.452667,Private Land,Incendiary,"161,90"
2020,SWF021,2020-05-16 17:00:00,5.0,137.0,55.374378,-113.496902,Provincial Land,Lightning,"163,79"
2020,LWF068,2020-05-17 12:00:00,5.0,138.0,55.172817,-111.417503,Provincial Land,Resident,"167,76"
2020,SWF023,2020-05-20 16:45:00,5.0,141.0,55.944416,-113.776665,Indian Reservation,Incendiary,"163,81"
2020,CWF030,2020-05-23 16:00:00,5.0,144.0,49.980301,-114.093964,Provincial Land,Recreation,"155,60"
2020,SWF024,2020-05-24 17:30:00,5.0,145.0,56.43515,-115.326851,Provincial Land,Undetermined,"161,83"
2020,PWF019,2020-05-24 10:00:00,5.0,145.0,56.787384,-117.63665,Provincial Land,Power Line Industry,"157,86"
2020,GWF017,2020-05-28 22:30:00,5.0,149.0,55.069767,-118.961533,Provincial Land,Incendiary,"152,82"
2020,GWF020,2020-06-10 15:00:00,6.0,162.0,54.9922,-118.761283,Provincial Land,Other Industry,"152,81"
2020,RWF001,2020-04-20 16:40:00,4.0,111.0,52.198746,-115.137169,Provincial Land,Recreation,"155,69"
2020,SWF037,2020-06-13 16:30:00,6.0,165.0,55.889667,-113.822083,Indian Reservation,Other Industry,"163,81"
2020,WWF019,2020-06-19 13:50:00,6.0,171.0,54.212133,-116.021983,Provincial Land,Power Line Industry,"156,76"
2020,SWF039,2020-06-20 15:40:00,6.0,172.0,55.956783,-113.750633,Provincial Land,Undetermined,"163,81"
2020,GWF024,2020-06-20 16:00:00,6.0,172.0,55.363683,-117.635183,Provincial Land,Lightning,"155,82"
2020,WWF021,2020-06-23 14:00:00,6.0,175.0,54.063833,-115.849167,Private Land,Resident,"156,76"
2020,SWF042,2020-06-27 16:33:00,6.0,179.0,56.440817,-113.027633,Provincial Land,Lightning,"165,82"
2020,SWF041,2020-06-27 16:33:00,6.0,179.0,56.442083,-113.0219,Provincial Land,Lightning,"165,82"
2020,EWF011,2020-05-07 12:00:00,5.0,128.0,53.686268,-116.171883,Provincial Land,Recreation,"155,75"
2020,MWF013,2020-06-25 05:45:00,6.0,177.0,57.135483,-110.893,Provincial Land,Incendiary,"170,83"
2020,SWF044,2020-07-02 15:10:00,7.0,184.0,56.55245,-115.314417,Provincial Land,Power Line Industry,"161,84"
2020,SWF045,2020-07-04 12:00:00,7.0,186.0,55.495183,-116.003,Provincial Park,Undetermined,"158,81"
2020,CWF055,2020-07-05 11:00:00,7.0,187.0,48.998195,-113.5789,Provincial Land,Power Line Industry,"155,57"
2020,RWF031,2020-07-05 12:33:00,7.0,187.0,52.20505,-114.820033,Private Land,Resident,"156,69"
2020,CWF056,2020-07-06 13:14:00,7.0,188.0,51.156833,-114.85695,Indian Reservation,Power Line Industry,"155,65"
2020,LWF057,2020-05-13 12:00:00,5.0,134.0,54.708233,-110.40947,Provincial Land,Oil & Gas Industry,"168,74"
2020,LWF058,2020-05-13 17:20:00,5.0,134.0,55.097599,-112.080269,Provincial Land,Recreation,"165,77"
2020,LWF059,2020-05-13 12:00:00,5.0,134.0,54.744884,-114.173149,Private Land,Agriculture Industry,"161,77"
2020,WWF007,2020-05-15 11:30:00,5.0,136.0,54.443668,-114.743629,Private Land,Resident,"159,76"
2020,WWF008,2020-05-15 17:15:00,5.0,136.0,54.245117,-116.223366,Provincial Land,Recreation,"156,77"
2020,WWF009,2020-05-15 17:00:00,5.0,136.0,54.452568,-114.784584,Private Land,Resident,"159,76"
2020,CWF059,2020-07-24 07:30:00,7.0,206.0,51.270833,-115.009167,Provincial Land,Recreation,"154,66"
2020,CWF090,2020-08-04 12:00:00,8.0,217.0,49.910983,-114.50595,Provincial Land,Recreation,"154,61"
2020,EWF001,2020-01-30 15:51:00,1.0,30.0,53.317667,-117.863883,Private Land,Resident,"151,75"
2020,SWF003,2020-04-26 18:00:00,4.0,117.0,55.247467,-114.705101,Private Land,Resident,"160,79"
2020,PWF004,2020-04-29 15:20:00,4.0,120.0,57.595333,-117.576668,Provincial Land,Railroad,"158,89"
2020,GWF006,2020-04-29 16:15:00,4.0,120.0,55.216045,-117.971931,Private Land,Resident,"154,81"
2020,GWF008,2020-05-01 14:45:00,5.0,122.0,55.798832,-119.524033,Private Land,Resident,"152,85"
2020,RWF009,2020-05-01 17:23:00,5.0,122.0,52.91795,-114.693665,Private Land,Incendiary,"157,71"
2020,RWF010,2020-05-02 11:45:00,5.0,123.0,52.582466,-114.651031,Provincial Land,Recreation,"157,70"
2020,LWF033,2020-05-03 18:00:00,5.0,124.0,55.923832,-110.691483,Indian Reservation,Incendiary,"169,79"
2020,HWF005,2020-05-04 10:00:00,5.0,125.0,58.060783,-115.622933,Indian Reservation,Incendiary,"162,89"
2020,LWF011,2020-04-28 14:40:00,4.0,119.0,55.918316,-110.738686,Indian Reservation,Incendiary,"169,79"
2020,SWF022,2020-05-20 14:00:00,5.0,141.0,55.226799,-113.842934,Provincial Land,Resident,"162,78"
2020,HWF037,2020-07-23 11:30:00,7.0,205.0,57.933733,-117.052083,Provincial Land,Forest Industry,"159,90"
2020,PWF032,2020-07-26 07:00:00,7.0,208.0,56.438683,-116.127567,Private Land,Resident,"159,84"
2020,GWF031,2020-07-31 14:00:00,7.0,213.0,55.0698,-117.57845,Provincial Land,Other Industry,"154,81"
2020,GWF032,2020-07-29 14:00:00,7.0,211.0,55.106683,-117.728683,Provincial Land,Other Industry,"154,81"
2020,LWF027,2020-05-03 06:40:00,5.0,124.0,55.131733,-111.488564,Provincial Land,Incendiary,"166,76"
2020,LWF030,2020-05-03 14:50:00,5.0,124.0,55.923866,-110.69165,Indian Reservation,Incendiary,"169,79"
2020,PWF009,2020-05-06 11:00:00,5.0,127.0,56.276566,-117.4785,Provincial Land,Resident,"156,85"
2020,SWF014,2020-05-07 17:50:00,5.0,128.0,55.313202,-115.550568,Provincial Land,Recreation,"159,80"
2020,MWF004,2020-05-07 19:30:00,5.0,128.0,56.802151,-112.274651,Provincial Land,Power Line Industry,"167,83"
2020,LWF055,2020-05-08 12:55:00,5.0,129.0,54.840549,-114.078552,Provincial Land,Power Line Industry,"161,77"
2020,SWF015,2020-05-08 14:05:00,5.0,129.0,55.964867,-113.825066,Private Land,Resident,"163,81"
2020,EWF013,2020-05-09 18:30:00,5.0,130.0,53.244877,-117.78199,Provincial Land,Recreation,"151,75"
2020,SWF016,2020-05-11 15:00:00,5.0,132.0,55.317165,-115.373833,Private Land,Resident,"159,80"
2020,PWF013,2020-05-13 19:20:00,5.0,134.0,56.269115,-116.948364,Provincial Land,Power Line Industry,"157,84"
2020,CWF007,2020-05-15 12:00:00,5.0,136.0,51.404568,-115.05442,Provincial Land,Recreation,"155,66"
2020,CWF008,2020-05-15 12:00:00,5.0,136.0,51.412132,-115.086731,Provincial Land,Recreation,"154,66"
2020,CWF009,2020-05-15 12:00:00,5.0,136.0,51.464882,-115.122467,Provincial Land,Recreation,"154,66"
2020,RWF016,2020-05-15 13:17:00,5.0,136.0,51.798218,-114.732948,Private Land,Resident,"156,67"
2020,PWF010,2020-05-12 11:50:00,5.0,133.0,56.747215,-117.204987,Private Land,Agriculture Industry,"157,86"
2020,HWF015,2020-05-21 15:39:00,5.0,142.0,58.30455,-115.929535,Private Land,Power Line Industry,"162,90"
2020,EWF026,2020-07-14 10:50:00,7.0,196.0,53.316283,-115.738617,Provincial Land,Power Line Industry,"156,73"
2020,WWF022,2020-07-14 09:00:00,7.0,196.0,54.014,-115.615333,Provincial Land,Resident,"157,75"
2020,GWF030,2020-07-27 12:05:00,7.0,209.0,55.025272,-118.741028,Private Land,Power Line Industry,"152,81"
2020,CWF062,2020-07-29 13:00:00,7.0,211.0,49.62395,-114.640117,Provincial Land,Recreation,"153,60"
2020,CWF069,2020-08-02 08:00:00,8.0,215.0,51.271217,-114.994133,Provincial Land,Recreation,"154,66"
2020,CWF068,2020-08-03 07:30:00,8.0,216.0,50.263733,-114.316567,Provincial Land,Recreation,"155,62"
2020,CWF071,2020-08-03 07:30:00,8.0,216.0,51.270783,-115.009133,Provincial Land,Recreation,"154,66"
2020,CWF072,2020-08-03 12:00:00,8.0,216.0,49.3889,-114.335,Provincial Land,Recreation,"153,59"
2020,CWF073,2020-08-03 12:00:00,8.0,216.0,49.428333,-114.332967,Provincial Land,Recreation,"154,59"
2020,CWF074,2020-08-03 12:00:00,8.0,216.0,49.817133,-113.9568,Provincial Land,Recreation,"155,60"
2020,CWF075,2020-08-03 12:00:00,8.0,216.0,49.58825,-114.6968,Provincial Land,Recreation,"153,60"
2020,CWF076,2020-08-03 12:00:00,8.0,216.0,50.070617,-114.426633,Provincial Land,Recreation,"154,61"
2020,CWF077,2020-08-03 12:00:00,8.0,216.0,50.070167,-114.42685,Provincial Land,Recreation,"154,61"
2020,LWF088,2020-08-03 12:30:00,8.0,216.0,55.061083,-111.604833,Provincial Land,Lightning,"166,76"
2020,LWF046,2020-05-06 11:30:00,5.0,127.0,55.156418,-113.922134,Provincial Land,Resident,"162,78"
2020,LWF047,2020-05-06 14:00:00,5.0,127.0,55.928131,-110.722717,Indian Reservation,Incendiary,"169,79"
2020,WWF006,2020-05-09 13:00:00,5.0,130.0,54.276981,-114.926231,Provincial Land,Recreation,"159,76"
2020,CWF010,2020-05-15 12:00:00,5.0,136.0,51.42581,-115.08384,Provincial Land,Recreation,"154,66"
2020,CWF011,2020-05-15 12:00:00,5.0,136.0,51.40617,-115.16167,Provincial Land,Recreation,"154,66"
2020,WWF012,2020-05-16 17:00:00,5.0,137.0,54.142918,-115.736702,Provincial Land,Railroad,"157,76"
2020,WWF010,2020-05-16 11:45:00,5.0,137.0,54.423462,-114.432854,Private Land,Resident,"160,76"
2020,WWF011,2020-05-16 15:13:00,5.0,137.0,54.35004,-115.022285,Provincial Land,Recreation,"158,76"
2020,HWF010,2020-05-12 12:00:00,5.0,133.0,58.48275,-114.520164,Indian Reservation,Incendiary,"165,90"
2020,PWF017,2020-05-14 21:55:00,5.0,135.0,55.967117,-116.731636,Provincial Land,Recreation,"157,83"
2020,LWF074,2020-05-20 18:00:00,5.0,141.0,55.92745,-110.665517,Indian Reservation,Incendiary,"169,79"
2020,PWF027,2020-06-30 16:20:00,6.0,182.0,57.730417,-117.23265,Provincial Land,Power Line Industry,"159,89"
2020,CWF057,2020-07-19 06:00:00,7.0,201.0,50.892017,-114.669767,Provincial Land,Recreation,"155,64"
2020,CWF058,2020-07-19 12:00:00,7.0,201.0,49.654867,-114.582517,Provincial Land,Recreation,"153,60"
2020,MWF016,2020-07-20 13:09:00,7.0,202.0,56.3862,-111.028267,Provincial Land,Power Line Industry,"169,80"
2020,WWF013,2020-05-16 10:00:00,5.0,137.0,54.335564,-115.008141,Private Land,Resident,"158,76"
2020,CWF015,2020-05-17 12:00:00,5.0,138.0,49.693649,-114.640251,Provincial Land,Recreation,"153,60"
2020,CWF016,2020-05-17 12:00:00,5.0,138.0,49.630051,-114.675163,Provincial Park,Recreation,"153,60"
2020,CWF017,2020-05-17 12:00:00,5.0,138.0,51.392918,-115.093452,Provincial Land,Recreation,"154,66"
2020,RWF023,2020-05-17 13:10:00,5.0,138.0,52.774685,-114.907982,Provincial Land,Resident,"157,71"
2020,CWF029,2020-05-20 12:00:00,5.0,141.0,51.399857,-115.028847,Provincial Land,Recreation,"155,66"
2020,MWF006,2020-05-23 16:00:00,5.0,144.0,58.730934,-111.137718,Provincial Land,Recreation,"171,89"
2020,HWF017,2020-05-23 18:00:00,5.0,144.0,58.470184,-115.616165,Private Land,Agriculture Industry,"163,91"
2020,LWF076,2020-05-28 13:25:00,5.0,149.0,55.690283,-111.28425,Provincial Land,Resident,"167,78"
2020,PWF020,2020-06-05 09:30:00,6.0,157.0,56.12345,-116.893033,Private Land,Agriculture Industry,"157,84"
2020,GWF022,2020-06-13 13:30:00,6.0,165.0,54.96745,-118.917133,Private Land,Resident,"152,81"
2020,HWF039,2020-07-29 19:40:00,7.0,211.0,58.01945,-116.583867,Private Land,Agriculture Industry,"160,90"
2020,CWF066,2020-08-01 12:00:00,8.0,214.0,49.7621,-114.637617,Provincial Land,Recreation,"153,60"
2020,CWF067,2020-08-01 15:25:00,8.0,214.0,49.61925,-114.743933,Provincial Land,Lightning,"153,60"
2020,LWF087,2020-08-01 19:30:00,8.0,214.0,55.930233,-110.725067,Indian Reservation,Incendiary,"169,79"
2020,CWF070,2020-08-02 09:00:00,8.0,215.0,49.793433,-113.934233,Private Land,Resident,"155,60"
2020,HWF041,2020-08-02 18:51:00,8.0,215.0,59.443683,-117.68745,Provincial Land,Lightning,"160,95"
2020,HWF042,2020-08-02 18:51:00,8.0,215.0,59.50925,-117.5971,Provincial Land,Lightning,"161,95"
2020,RWF004,2020-04-28 14:10:00,4.0,119.0,52.374584,-115.156013,Private Land,Resident,"156,70"
2020,RWF005,2020-04-28 15:57:00,4.0,119.0,52.380585,-115.170616,Provincial Land,Oil & Gas Industry,"156,70"
2020,CWF031,2020-05-29 18:00:00,5.0,150.0,49.970768,-114.467567,Provincial Land,Recreation,"154,61"
2020,GWF018,2020-05-30 15:00:00,5.0,151.0,55.064816,-117.522064,Indian Reservation,Recreation,"155,81"
2020,EWF021,2020-06-04 08:55:00,6.0,156.0,53.376934,-117.729675,Private Land,Resident,"152,75"
2020,LWF083,2020-06-05 21:50:00,6.0,157.0,55.4686,-112.38745,Provincial Land,Recreation,"165,78"
2020,GWF021,2020-06-11 09:00:00,6.0,163.0,55.027583,-118.858467,Private Land,Resident,"152,82"
2020,PWF023,2020-06-05 12:00:00,6.0,157.0,56.421,-117.646083,Private Land,Agriculture Industry,"156,85"
2020,HWF025,2020-05-20 17:30:00,5.0,141.0,58.507712,-119.465993,Provincial Land,Lightning,"156,94"
2020,SWF040,2020-06-21 16:00:00,6.0,173.0,57.179682,-113.230252,Provincial Land,Lightning,"165,85"
2020,MWF011,2020-06-23 11:54:00,6.0,175.0,56.25555,-111.116567,Provincial Land,Lightning,"168,80"
2020,SWF002,2020-04-25 14:15:00,4.0,116.0,55.890602,-113.82357,Indian Reservation,Other Industry,"163,81"
2020,RWF021,2020-05-17 13:08:00,5.0,138.0,53.038319,-115.737221,Provincial Land,Recreation,"155,72"
2020,RWF022,2020-05-17 14:13:00,5.0,138.0,51.845013,-115.049973,Provincial Land,Recreation,"155,68"
2020,PWF003,2020-04-24 20:00:00,4.0,115.0,56.493183,-116.504051,Indian Reservation,Recreation,"158,85"
2020,LWF084,2020-06-12 15:20:00,6.0,164.0,54.6232,-110.475483,Provincial Land,Oil & Gas Industry,"168,74"
2020,MWF012,2020-06-22 17:00:00,6.0,174.0,57.032717,-111.562367,Provincial Land,Oil & Gas Industry,"168,83"
2020,EWF023,2020-06-23 15:35:00,6.0,175.0,53.627267,-116.56205,Private Land,Resident,"154,75"
2020,GWF026,2020-06-23 12:00:00,6.0,175.0,54.9384,-116.839917,Private Land,Resident,"156,80"
2020,GWF027,2020-06-23 12:00:00,6.0,175.0,54.970767,-117.47065,Private Land,Resident,"154,80"
2020,HWF028,2020-06-26 02:00:00,6.0,178.0,58.48165,-114.46505,Indian Reservation,Incendiary,"165,90"
2020,HWF027,2020-06-12 20:00:00,6.0,164.0,58.16258,-116.29949,Private Land,Agriculture Industry,"161,90"
2020,HWF026,2020-06-12 20:00:00,6.0,164.0,58.228051,-116.230281,Private Land,Agriculture Industry,"161,90"
2020,PWF025,2020-06-27 14:00:00,6.0,179.0,57.646408,-117.220802,Provincial Land,Power Line Industry,"159,89"
2020,SWF043,2020-06-29 21:00:00,6.0,181.0,55.316783,-114.73395,Provincial Land,Recreation,"160,79"
2020,PWF026,2020-06-30 14:30:00,6.0,182.0,57.132033,-117.33385,Private Land,Agriculture Industry,"158,87"
2020,LWF002,2020-01-01 10:00:00,1.0,1.0,54.4501,-111.554916,Private Land,Resident,"166,74"
2020,LWF003,2020-04-21 10:30:00,4.0,112.0,54.617119,-111.678383,Private Land,Resident,"165,75"
2020,LWF004,2020-01-01 12:00:00,1.0,1.0,54.663425,-114.024857,Private Land,Agriculture Industry,"161,77"
2020,LWF005,2020-04-21 12:35:00,4.0,112.0,55.943417,-110.712585,Indian Reservation,Incendiary,"169,79"
2020,GWF007,2020-05-01 11:45:00,5.0,122.0,55.82148,-119.898331,Private Land,Resident,"151,85"
2020,LWF035,2020-05-04 13:00:00,5.0,125.0,55.614601,-111.138229,Private Land,Railroad,"168,78"
2020,GWF013,2020-05-15 18:35:00,5.0,136.0,55.773067,-119.301918,Provincial Land,Oil & Gas Industry,"152,84"
2020,GWF014,2020-05-16 08:00:00,5.0,137.0,55.130417,-118.185051,Provincial Land,Recreation,"153,81"
2020,LWF080,2020-05-30 08:00:00,5.0,151.0,55.253583,-113.10405,Provincial Land,Recreation,"163,78"
2020,SWF027,2020-06-01 12:00:00,6.0,153.0,56.239716,-115.314781,Provincial Land,Resident,"160,83"
2020,SWF028,2020-06-01 12:00:00,6.0,153.0,56.285534,-115.357384,Provincial Land,Resident,"160,83"
2020,HWF024,2020-06-14 03:00:00,6.0,166.0,58.485367,-115.166667,Indian Reservation,Incendiary,"164,90"
2020,PWF028,2020-07-02 15:45:00,7.0,184.0,56.565833,-119.550833,Private Land,Agriculture Industry,"153,87"
2020,CWF040,2020-07-05 08:00:00,7.0,187.0,50.811017,-114.626583,Provincial Land,Recreation,"155,64"
2020,CWF041,2020-07-05 08:00:00,7.0,187.0,51.393167,-115.087667,Provincial Land,Recreation,"154,66"
2020,CWF042,2020-07-05 12:00:00,7.0,187.0,51.392167,-115.097167,Provincial Land,Recreation,"154,66"
2020,CWF044,2020-07-05 12:00:00,7.0,187.0,51.392667,-115.112333,Provincial Land,Recreation,"154,66"
2020,CWF045,2020-07-05 12:00:00,7.0,187.0,51.395583,-115.083633,Provincial Land,Recreation,"154,66"
2020,CWF060,2020-07-26 19:00:00,7.0,208.0,49.5728,-114.472667,Provincial Land,Undetermined,"153,59"
2020,CWF061,2020-07-27 14:20:00,7.0,209.0,51.07645,-115.131767,Private Land,Recreation,"154,65"
2020,WWF024,2020-07-29 14:10:00,7.0,211.0,54.091015,-115.799163,Provincial Land,Power Line Industry,"157,76"
2020,LWF077,2020-05-29 14:30:00,5.0,150.0,55.9222,-110.73675,Indian Reservation,Incendiary,"169,79"
2020,LWF078,2020-05-29 15:30:00,5.0,150.0,54.913475,-111.87931,Provincial Land,Resident,"165,76"
2020,LWF079,2020-05-29 16:00:00,5.0,150.0,54.904469,-112.042297,Private Land,Resident,"165,76"
2020,GWF023,2020-06-17 19:30:00,6.0,169.0,55.14845,-118.074017,Private Land,Agriculture Industry,"154,81"
2020,GWF001,2020-04-20 18:45:00,4.0,111.0,55.066811,-118.771217,Provincial Land,Incendiary,"152,82"
2020,EWF006,2020-04-25 07:00:00,4.0,116.0,53.610699,-116.514084,Provincial Land,Undetermined,"154,75"
2020,CWF026,2020-05-18 06:00:00,5.0,139.0,51.400665,-115.063332,Provincial Land,Recreation,"154,66"
2020,CWF027,2020-05-18 06:00:00,5.0,139.0,50.811634,-114.64167,Provincial Land,Recreation,"155,64"
2020,CWF024,2020-05-18 06:00:00,5.0,139.0,50.813,-114.632416,Provincial Land,Recreation,"155,64"
2020,CWF023,2020-05-18 06:00:00,5.0,139.0,50.811832,-114.626579,Private Land,Recreation,"155,64"
2020,CWF028,2020-05-18 06:00:00,5.0,139.0,51.278801,-115.017601,Provincial Land,Recreation,"154,66"
2020,LWF086,2020-07-07 17:30:00,7.0,189.0,54.368633,-110.91155,Private Land,Agriculture Industry,"167,73"
2020,SWF048,2020-07-10 16:43:00,7.0,192.0,55.34235,-115.007933,Provincial Land,Lightning,"160,80"
2020,RWF032,2020-07-16 17:29:00,7.0,198.0,52.74495,-115.133283,Provincial Land,Lightning,"156,71"
2020,EWF027,2020-07-17 17:25:00,7.0,199.0,53.638383,-116.802117,Private Land,Power Line Industry,"154,75"
2020,WWF023,2020-07-19 17:10:00,7.0,201.0,54.059917,-115.694133,Provincial Land,Power Line Industry,"157,76"
2020,EWF007,2020-04-26 06:00:00,4.0,117.0,53.281708,-115.202873,Provincial Land,Power Line Industry,"157,73"
2020,LWF019,2020-04-29 15:20:00,4.0,120.0,55.943748,-110.713921,Indian Reservation,Incendiary,"169,79"
2020,EWF009,2020-04-30 14:30:00,4.0,121.0,53.61856,-116.35185,Provincial Land,Power Line Industry,"155,75"
2020,CWF036,2020-06-22 08:00:00,6.0,174.0,51.403972,-115.054873,Provincial Land,Recreation,"155,66"
2020,CWF078,2020-08-03 12:00:00,8.0,216.0,50.069833,-114.42665,Provincial Land,Recreation,"154,61"
2020,GWF033,2020-07-31 19:00:00,7.0,213.0,55.5501,-117.953933,Provincial Land,Lightning,"154,83"
2020,LWF089,2020-08-03 15:00:00,8.0,216.0,55.29695,-111.318283,Provincial Land,Lightning,"167,77"
2020,CWF079,2020-08-03 12:00:00,8.0,216.0,51.282533,-115.14395,Provincial Land,Recreation,"154,66"
2020,CWF080,2020-08-03 12:00:00,8.0,216.0,51.281333,-115.143383,Provincial Land,Recreation,"154,66"
2020,CWF081,2020-08-03 12:00:00,8.0,216.0,51.276583,-115.140967,Provincial Land,Recreation,"154,66"
2020,CWF082,2020-08-03 12:00:00,8.0,216.0,49.69525,-114.605233,Provincial Land,Recreation,"153,60"
2020,PWF033,2020-08-03 03:30:00,8.0,216.0,56.334367,-116.7553,Provincial Land,Power Line Industry,"158,84"
2020,CWF083,2020-08-03 12:00:00,8.0,216.0,50.047317,-114.42425,Provincial Land,Recreation,"154,61"
2020,CWF084,2020-08-03 12:00:00,8.0,216.0,51.287033,-115.12705,Provincial Land,Recreation,"154,66"
2020,CWF085,2020-08-03 12:00:00,8.0,216.0,50.811817,-114.631617,Provincial Land,Recreation,"155,64"
2020,CWF086,2020-08-03 12:00:00,8.0,216.0,50.02725,-114.429733,Provincial Land,Recreation,"154,61"
2020,CWF087,2020-08-03 12:00:00,8.0,216.0,51.281783,-115.0827,Provincial Land,Recreation,"154,66"
2020,CWF088,2020-08-03 12:00:00,8.0,216.0,51.272883,-115.049917,Provincial Land,Recreation,"154,66"
2020,GWF002,2020-04-23 13:00:00,4.0,114.0,55.75032,-119.192566,Private Land,Resident,"152,84"
2020,SWF009,2020-04-30 10:23:00,4.0,121.0,55.392075,-115.943375,Private Land,Resident,"158,80"
2020,LWF040,2020-05-05 12:50:00,5.0,126.0,55.928165,-110.730217,Indian Reservation,Incendiary,"169,79"
2020,LWF041,2020-05-05 14:40:00,5.0,126.0,55.154711,-113.826787,Provincial Land,Agriculture Industry,"162,78"
2020,LWF042,2020-05-05 16:00:00,5.0,126.0,55.941502,-110.715202,Indian Reservation,Incendiary,"169,79"
2020,LWF060,2020-01-01 12:00:00,1.0,1.0,54.663425,-114.024857,Private Land,Agriculture Industry,"161,77"
2020,CWF039,2020-07-04 12:00:00,7.0,186.0,51.391633,-115.1073,Provincial Land,Recreation,"154,66"
2020,EWF025,2020-07-12 11:45:00,7.0,194.0,53.022783,-117.32875,Provincial Land,Resident,"152,74"
2020,EWF030,2020-07-28 18:28:00,7.0,210.0,53.077317,-116.593617,Provincial Land,Lightning,"154,73"
2020,EWF005,2020-04-24 13:45:00,4.0,115.0,53.574829,-116.580612,Private Land,Undetermined,"154,75"
2020,GWF003,2020-04-26 20:00:00,4.0,117.0,55.060551,-118.658997,Provincial Land,Recreation,"152,81"
2020,GWF004,2020-04-26 13:00:00,4.0,117.0,55.843338,-119.219597,Private Land,Resident,"152,85"
2020,PWF006,2020-05-03 14:56:00,5.0,124.0,56.180618,-118.467529,Private Land,Resident,"154,85"
2020,LWF036,2020-05-04 16:00:00,5.0,125.0,55.924099,-110.732986,Indian Reservation,Incendiary,"169,79"
2020,LWF037,2020-05-04 16:05:00,5.0,125.0,55.926369,-110.728783,Indian Reservation,Incendiary,"169,79"
2020,SWF011,2020-05-04 19:00:00,5.0,125.0,55.407616,-116.198334,Indian Reservation,Resident,"158,81"
2020,WWF004,2020-05-08 08:00:00,5.0,129.0,54.149818,-115.734665,Provincial Land,Recreation,"157,76"
2020,LWF070,2020-05-17 18:50:00,5.0,138.0,55.924567,-110.7239,Indian Reservation,Incendiary,"169,79"
2020,LWF071,2020-05-17 18:40:00,5.0,138.0,55.925068,-110.720749,Indian Reservation,Incendiary,"169,79"
2020,MWF005,2020-05-18 01:00:00,5.0,139.0,58.711601,-111.172333,Indian Reservation,Incendiary,"171,89"
2020,WWF001,2020-02-28 00:00:00,2.0,59.0,54.047932,-115.886765,Provincial Land,Resident,"156,76"
2020,PWF008,2020-05-06 17:00:00,5.0,127.0,56.458649,-116.152718,Provincial Land,Resident,"159,84"
2020,LWF066,2020-05-16 12:20:00,5.0,137.0,55.921734,-110.695084,Indian Reservation,Incendiary,"169,79"
2020,LWF067,2020-05-16 15:05:00,5.0,137.0,55.900467,-110.75383,Private Land,Resident,"169,79"
2020,WWF015,2020-05-15 19:00:00,5.0,136.0,54.182602,-115.494217,Provincial Land,Recreation,"157,76"
2020,HWF036,2020-07-18 15:00:00,7.0,200.0,57.9563,-116.1159,Provincial Land,Other Industry,"161,89"
2020,CWF089,2020-08-03 12:00:00,8.0,216.0,51.5815,-114.936133,Provincial Land,Recreation,"155,67"
2020,PWF034,2020-08-04 10:00:00,8.0,217.0,56.3179,-117.347517,Provincial Land,Power Line Industry,"157,85"
2020,PWF035,2020-08-04 02:00:00,8.0,217.0,56.532,-116.408167,Provincial Land,Power Line Industry,"159,85"
2020,LWF012,2020-04-28 17:00:00,4.0,119.0,55.930016,-110.723633,Indian Reservation,Incendiary,"169,79"
2020,LWF013,2020-04-28 19:00:00,4.0,119.0,55.929451,-110.725098,Indian Reservation,Incendiary,"169,79"
2020,LWF014,2020-04-28 18:30:00,4.0,119.0,55.922768,-110.750954,Indian Reservation,Incendiary,"169,79"
2020,LWF015,2020-04-28 17:05:00,4.0,119.0,55.92065,-110.738518,Indian Reservation,Incendiary,"169,79"
2020,LWF016,2020-04-28 18:20:00,4.0,119.0,55.925968,-110.747101,Indian Reservation,Incendiary,"169,79"
2020,LWF017,2020-04-28 18:00:00,4.0,119.0,55.928799,-110.743484,Indian Reservation,Incendiary,"169,79"
2020,SWF017,2020-05-12 13:30:00,5.0,133.0,55.902882,-113.90863,Indian Reservation,Undetermined,"163,81"
2020,LWF073,2020-05-20 12:00:00,5.0,141.0,55.934417,-110.723583,Indian Reservation,Resident,"169,79"
2020,MWF020,2020-09-22 16:00:00,9.0,266.0,56.414967,-111.306533,Provincial Land,Incendiary,"168,81"
2020,LWF103,2020-10-23 15:00:00,10.0,297.0,55.287803,-111.682663,Provincial Land,Recreation,"166,77"
2020,EWF061,2020-11-30 19:00:00,11.0,335.0,53.44487,-117.503621,Private Land,Resident,"152,75"
2021,EWF057,2021-06-03 18:05:00,6.0,154.0,53.73745,-115.598867,Provincial Land,Power Line Industry,"156,75"
2021,MWF014,2021-06-03 19:17:00,6.0,154.0,57.819267,-112.165917,Provincial Land,Lightning,"168,86"
2021,WWF039,2021-06-04 14:30:00,6.0,155.0,54.237,-115.783233,Indian Reservation,Lightning,"157,76"
2021,EWF058,2021-06-04 12:00:00,6.0,155.0,53.885902,-119.087768,Provincial Land,Recreation,"150,78"
2021,EWF059,2021-06-04 12:00:00,6.0,155.0,53.885898,-119.087753,Provincial Land,Recreation,"150,78"
2021,GWF018,2021-04-29 13:15:00,4.0,119.0,54.9526,-116.845267,Private Land,Resident,"156,80"
2021,GWF020,2021-04-30 13:30:00,4.0,120.0,54.9069,-118.925167,Provincial Land,Undetermined,"152,81"
2021,CWF016,2021-04-30 14:05:00,4.0,120.0,51.228217,-114.8085,Private Land,Resident,"155,65"
2021,SWF015,2021-04-30 14:30:00,4.0,120.0,55.22099,-116.566658,Private Land,Resident,"157,80"
2021,LWF044,2021-04-30 13:00:00,4.0,120.0,54.5834,-111.881004,Private Land,Resident,"165,75"
2021,LWF045,2021-04-30 16:30:00,4.0,120.0,54.893567,-112.70575,Private Land,Resident,"164,76"
2021,RWF021,2021-05-01 11:00:00,5.0,121.0,52.758,-115.35075,Indian Reservation,Incendiary,"156,71"
2021,LWF046,2021-05-01 15:00:00,5.0,121.0,55.9272,-110.71975,Indian Reservation,Incendiary,"169,79"
2021,GWF022,2021-05-01 17:00:00,5.0,121.0,55.158933,-118.2214,Private Land,Lightning,"153,81"
2020,SWF068,2020-10-10 18:00:00,10.0,284.0,55.591655,-116.093132,Provincial Land,Undetermined,"158,81"
2021,LWF135,2021-07-10 18:00:00,7.0,191.0,55.5144,-112.404183,Provincial Land,Lightning,"165,78"
2021,EWF113,2021-07-10 18:20:00,7.0,191.0,52.927083,-116.585783,Provincial Land,Lightning,"153,73"
2021,EWF112,2021-07-10 18:05:00,7.0,191.0,53.632167,-116.568467,Provincial Land,Power Line Industry,"154,75"
2021,MWF055,2021-07-10 18:39:00,7.0,191.0,57.034767,-110.829933,Provincial Land,Lightning,"170,83"
2021,MWF056,2021-07-10 18:48:00,7.0,191.0,57.03685,-110.8301,Provincial Land,Lightning,"170,83"
2021,MWF060,2021-07-10 18:09:00,7.0,191.0,57.429287,-110.972136,Provincial Land,Lightning,"170,84"
2021,MWF061,2021-07-10 17:34:00,7.0,191.0,57.073248,-112.765875,Provincial Land,Lightning,"166,84"
2021,HWF060,2021-07-11 03:00:00,7.0,192.0,59.898096,-115.84375,Provincial Land,Lightning,"164,96"
2021,MWF064,2021-07-10 19:59:00,7.0,191.0,58.09427,-110.986017,Provincial Land,Lightning,"171,86"
2021,WWF088,2021-07-06 01:00:00,7.0,187.0,54.36966,-116.89067,Provincial Land,Lightning,"155,78"
2021,MWF065,2021-07-10 19:00:00,7.0,191.0,57.039167,-113.037833,Provincial Land,Lightning,"166,84"
2021,RWF067,2021-07-11 13:00:00,7.0,192.0,52.683333,-115.907983,Provincial Land,Lightning,"154,71"
2021,LWF143,2021-07-11 14:40:00,7.0,192.0,56.071417,-110.837083,Provincial Land,Lightning,"169,79"
2021,LWF145,2021-07-11 15:00:00,7.0,192.0,55.921117,-110.630283,Provincial Land,Lightning,"169,79"
2021,SWF091,2021-07-10 20:00:00,7.0,191.0,55.357783,-114.750817,Provincial Park,Recreation,"160,79"
2021,LWF147,2021-07-11 15:30:00,7.0,192.0,55.506883,-112.395533,Provincial Land,Lightning,"165,78"
2021,MWF069,2021-07-10 19:03:00,7.0,191.0,56.782302,-112.788616,Provincial Land,Lightning,"166,83"
2021,LWF149,2021-07-11 15:00:00,7.0,192.0,55.828883,-110.672667,Provincial Land,Lightning,"169,78"
2021,MWF070,2021-07-10 19:36:00,7.0,191.0,56.241933,-111.54115,Provincial Land,Lightning,"168,80"
2021,MWF071,2021-07-10 18:31:00,7.0,191.0,57.119889,-112.3998,Provincial Park,Lightning,"167,84"
2021,PWF042,2021-07-11 15:30:00,7.0,192.0,56.891956,-116.137121,Provincial Land,Recreation,"160,86"
2021,WWF089,2021-07-10 16:45:00,7.0,191.0,54.121415,-116.565865,Provincial Land,Lightning,"155,77"
2021,EWF117,2021-07-10 21:29:00,7.0,191.0,53.434617,-117.794583,Provincial Land,Lightning,"152,75"
2021,EWF046,2021-05-17 13:40:00,5.0,137.0,53.576367,-115.426517,Provincial Land,Undetermined,"157,74"
2021,HWF019,2021-05-20 12:50:00,5.0,140.0,58.71022,-118.720288,Indian Reservation,Incendiary,"158,94"
2021,EWF065,2021-06-13 11:25:00,6.0,164.0,53.188283,-115.6387,Private Land,Undetermined,"156,73"
2021,EWF066,2021-06-13 13:09:00,6.0,164.0,53.484133,-117.792883,Provincial Park,Undetermined,"152,75"
2021,EWF068,2021-06-13 17:30:00,6.0,164.0,53.569217,-115.968917,Private Land,Resident,"155,74"
2021,HWF046,2021-06-14 09:00:00,6.0,165.0,58.576485,-117.117482,Private Land,Resident,"160,92"
2021,WWF043,2021-06-14 14:00:00,6.0,165.0,54.18005,-116.224663,Provincial Land,Incendiary,"156,77"
2021,WWF045,2021-06-14 13:00:00,6.0,165.0,54.372833,-116.006333,Provincial Land,Lightning,"157,77"
2021,WWF046,2021-06-14 17:30:00,6.0,165.0,54.217995,-116.431458,Provincial Land,Lightning,"155,77"
2021,WWF047,2021-06-14 08:16:00,6.0,165.0,54.24195,-117.08775,Provincial Land,Lightning,"154,77"
2021,EWF070,2021-06-14 17:15:00,6.0,165.0,53.4921,-116.4486,Provincial Land,Lightning,"154,74"
2021,MWF021,2021-06-15 14:13:00,6.0,166.0,57.696083,-113.190117,Provincial Land,Lightning,"166,86"
2021,LWF122,2021-06-16 08:30:00,6.0,167.0,55.635017,-111.063733,Provincial Land,Resident,"168,78"
2021,SWF066,2021-06-09 14:05:00,6.0,160.0,56.072667,-113.442167,Provincial Land,Undetermined,"164,81"
2021,SWF167,2021-12-09 10:00:00,12.0,343.0,55.093133,-115.95205,Provincial Land,Forest Industry,"158,79"
2020,CWF207,2020-10-11 15:00:00,10.0,285.0,51.20531,-114.75286,Indian Reservation,Incendiary,"155,65"
2021,MWF085,2021-07-10 17:12:00,7.0,191.0,56.479267,-112.693483,Provincial Land,Lightning,"166,82"
2021,MWF086,2021-07-11 21:07:00,7.0,192.0,56.6986,-110.730583,Provincial Land,Lightning,"170,81"
2021,LWF071,2021-04-24 12:00:00,4.0,114.0,54.563233,-111.215267,Provincial Land,Incendiary,"166,74"
2021,EWF043,2021-05-15 16:00:00,5.0,135.0,53.55505,-117.167617,Provincial Land,Railroad,"153,75"
2021,GWF034,2021-05-16 16:30:00,5.0,136.0,55.088917,-117.39575,Indian Reservation,Resident,"155,81"
2021,RWF030,2021-05-16 17:15:00,5.0,136.0,52.481138,-115.132372,Provincial Land,Incendiary,"156,70"
2021,CWF024,2021-05-18 22:10:00,5.0,138.0,51.132,-115.003533,Indian Reservation,Incendiary,"154,65"
2021,HWF022,2021-05-21 13:45:00,5.0,141.0,58.240467,-116.3743,Private Land,Resident,"161,90"
2021,CWF025,2021-05-21 12:00:00,5.0,141.0,51.40083,-115.076775,Provincial Land,Recreation,"154,66"
2021,EWF048,2021-05-21 14:39:00,5.0,141.0,53.623967,-115.192283,Private Land,Resident,"157,74"
2021,WWF019,2021-05-21 14:15:00,5.0,141.0,54.471115,-114.696868,Private Land,Resident,"159,76"
2021,HWF023,2021-05-22 01:00:00,5.0,142.0,58.708667,-118.684417,Indian Reservation,Incendiary,"158,94"
2021,HWF025,2021-05-22 11:00:00,5.0,142.0,58.48321,-114.497677,Indian Reservation,Incendiary,"165,90"
2021,MWF010,2021-05-22 11:15:00,5.0,142.0,56.43335,-111.008683,Provincial Land,Undetermined,"169,81"
2021,EWF049,2021-05-22 13:50:00,5.0,142.0,53.653867,-115.5858,Provincial Land,Undetermined,"156,74"
2021,RWF031,2021-05-22 12:45:00,5.0,142.0,53.131057,-115.24685,Provincial Land,Recreation,"156,72"
2021,EWF050,2021-05-22 14:41:00,5.0,142.0,53.623217,-115.189417,Private Land,Resident,"157,74"
2021,CWF027,2021-05-22 12:00:00,5.0,142.0,51.391797,-115.10749,Provincial Land,Recreation,"154,66"
2021,CWF028,2021-05-22 12:00:00,5.0,142.0,51.602402,-115.013847,Provincial Land,Recreation,"155,67"
2020,SWF065,2020-10-05 17:30:00,10.0,279.0,55.501355,-116.671543,Provincial Land,Power Line Industry,"157,81"
2020,CWF204,2020-10-09 21:30:00,10.0,283.0,50.83835,-114.665367,Provincial Land,Recreation,"155,64"
2020,CWF205,2020-10-09 20:00:00,10.0,283.0,50.837117,-114.665217,Provincial Land,Recreation,"155,64"
2021,SWF094,2021-07-12 12:00:00,7.0,193.0,55.23225,-115.343033,Provincial Land,Resident,"159,79"
2021,MWF072,2021-07-10 18:25:00,7.0,191.0,57.180517,-110.769983,Provincial Land,Lightning,"170,83"
2021,LWF154,2021-07-12 15:30:00,7.0,193.0,55.9987,-110.9244,Provincial Land,Lightning,"168,79"
2021,LWF155,2021-07-13 11:30:00,7.0,194.0,56.019133,-110.277567,Provincial Land,Lightning,"170,79"
2021,MWF079,2021-07-10 19:53:00,7.0,191.0,57.42035,-110.35745,Provincial Land,Lightning,"171,84"
2021,SWF105,2021-07-13 16:00:00,7.0,194.0,54.819667,-115.40115,Provincial Land,Lightning,"158,78"
2021,SWF106,2021-07-13 16:00:00,7.0,194.0,54.820167,-115.392667,Provincial Land,Lightning,"158,78"
2021,SWF109,2021-07-13 18:15:00,7.0,194.0,55.599167,-114.330833,Provincial Land,Lightning,"161,80"
2020,RWF050,2020-09-05 11:48:00,9.0,249.0,53.060717,-115.156533,Provincial Land,Recreation,"156,72"
2021,WWF050,2021-06-16 13:00:00,6.0,167.0,54.357083,-116.622617,Provincial Land,Power Line Industry,"155,77"
2021,SWF068,2021-06-16 15:10:00,6.0,167.0,55.849933,-115.156083,Provincial Land,Undetermined,"160,81"
2021,RWF047,2021-06-16 16:00:00,6.0,167.0,52.759582,-115.348795,Indian Reservation,Incendiary,"156,71"
2021,RWF049,2021-06-17 00:00:00,6.0,168.0,53.0503,-115.579,Provincial Land,Power Line Industry,"156,72"
2021,GWF048,2021-06-16 16:15:00,6.0,167.0,54.073888,-118.920557,Provincial Land,Power Line Industry,"150,78"
2021,GWF049,2021-06-17 09:00:00,6.0,168.0,54.96008,-117.332413,Private Land,Agriculture Industry,"155,80"
2021,WWF054,2021-06-18 12:49:00,6.0,169.0,54.1125,-115.642583,Provincial Land,Incendiary,"157,76"
2021,SWF069,2021-06-19 12:00:00,6.0,170.0,55.941773,-115.185782,Provincial Land,Power Line Industry,"160,82"
2020,SWF060,2020-08-18 18:00:00,8.0,231.0,54.888317,-116.253833,Provincial Land,Lightning,"157,79"
2020,CWF139,2020-08-29 17:00:00,8.0,242.0,51.63155,-115.09575,Provincial Land,Recreation,"155,67"
2020,CWF152,2020-08-31 12:00:00,8.0,244.0,50.867283,-114.7676,Provincial Land,Recreation,"154,64"
2020,CWF157,2020-09-05 12:00:00,9.0,249.0,51.551417,-115.183267,Provincial Land,Undetermined,"154,67"
2020,CWF158,2020-09-05 17:00:00,9.0,249.0,51.40295,-115.0712,Provincial Land,Recreation,"154,66"
2020,CWF159,2020-09-05 17:00:00,9.0,249.0,50.0219,-114.42405,Provincial Land,Recreation,"154,61"
2020,CWF160,2020-09-05 19:00:00,9.0,249.0,50.852688,-114.618897,Provincial Land,Recreation,"155,64"
2020,CWF161,2020-09-05 19:00:00,9.0,249.0,50.852662,-114.617195,Provincial Land,Recreation,"155,64"
2020,CWF171,2020-09-06 12:00:00,9.0,250.0,51.254533,-115.009367,Provincial Land,Recreation,"154,66"
2020,CWF212,2020-11-15 13:00:00,11.0,320.0,50.884783,-114.710817,Provincial Land,Recreation,"155,64"
2021,HWF026,2021-05-22 17:15:00,5.0,142.0,58.717815,-118.741333,Indian Reservation,Incendiary,"158,94"
2021,RWF032,2021-05-22 17:00:00,5.0,142.0,52.59925,-115.00161,Provincial Land,Recreation,"156,70"
2021,PWF018,2021-05-22 20:00:00,5.0,142.0,56.107983,-116.992667,Private Land,Agriculture Industry,"157,84"
2021,RWF033,2021-05-22 22:00:00,5.0,142.0,52.048417,-115.4607,Provincial Land,Incendiary,"155,69"
2021,CWF029,2021-05-23 06:00:00,5.0,143.0,50.851833,-114.617852,Provincial Land,Recreation,"155,64"
2021,HWF029,2021-05-23 11:20:00,5.0,143.0,58.47115,-114.507792,Indian Reservation,Incendiary,"165,90"
2021,CWF032,2021-05-23 06:00:00,5.0,143.0,51.573573,-114.987137,Provincial Land,Recreation,"155,67"
2021,CWF035,2021-05-23 12:00:00,5.0,143.0,51.614727,-115.148827,Provincial Land,Recreation,"155,67"
2021,HWF031,2021-05-23 13:55:00,5.0,143.0,58.544067,-116.96785,Provincial Land,Power Line Industry,"160,92"
2021,CWF037,2021-05-23 12:00:00,5.0,143.0,51.393017,-115.089677,Provincial Land,Recreation,"154,66"
2021,CWF039,2021-05-23 12:00:00,5.0,143.0,51.291778,-115.132675,Provincial Land,Recreation,"154,66"
2021,CWF041,2021-05-23 12:00:00,5.0,143.0,51.286087,-115.143975,Provincial Land,Recreation,"154,66"
2021,PWF019,2021-01-15 12:00:00,1.0,15.0,56.555767,-119.5002,Private Land,Agriculture Industry,"153,87"
2021,CWF043,2021-05-23 12:00:00,5.0,143.0,51.63089,-115.089638,Provincial Land,Recreation,"155,67"
2021,CWF044,2021-05-23 12:00:00,5.0,143.0,51.274188,-115.007225,Provincial Land,Recreation,"154,66"
2021,GWF035,2021-05-23 15:20:00,5.0,143.0,55.47055,-119.92465,Private Land,Resident,"151,84"
2021,CWF047,2021-05-23 12:00:00,5.0,143.0,51.633,-115.109405,Provincial Land,Recreation,"155,67"
2021,CWF048,2021-05-23 12:00:00,5.0,143.0,51.27045,-115.0135,Provincial Land,Recreation,"154,66"
2021,LWF003,2021-04-12 22:00:00,4.0,102.0,55.929267,-110.720733,Indian Reservation,Incendiary,"169,79"
2021,RWF011,2021-04-13 12:15:00,4.0,103.0,52.69375,-114.83785,Private Land,Resident,"157,70"
2021,LWF005,2021-04-13 13:05:00,4.0,103.0,54.503067,-111.509933,Provincial Land,Incendiary,"166,74"
2021,LWF007,2021-04-14 12:15:00,4.0,104.0,55.925233,-110.722333,Indian Reservation,Incendiary,"169,79"
2021,GWF005,2021-04-14 15:30:00,4.0,104.0,55.315937,-117.2061,Provincial Land,Other Industry,"155,81"
2021,EWF023,2021-04-14 20:00:00,4.0,104.0,53.599972,-116.211662,Private Land,Resident,"155,75"
2021,WWF010,2021-04-15 15:30:00,4.0,105.0,54.199372,-115.827167,Indian Reservation,Resident,"157,76"
2021,GWF007,2021-04-15 15:00:00,4.0,105.0,54.96345,-119.01005,Private Land,Undetermined,"152,81"
2021,SWF003,2021-04-15 14:00:00,4.0,105.0,56.543815,-115.395782,Indian Reservation,Resident,"161,84"
2021,CWF010,2021-04-15 19:30:00,4.0,105.0,51.591275,-114.743233,Provincial Land,Undetermined,"155,67"
2021,LWF011,2021-04-16 12:20:00,4.0,106.0,55.9195,-110.73375,Indian Reservation,Incendiary,"169,79"
2021,EWF026,2021-02-01 12:00:00,2.0,32.0,53.3572,-116.432467,Provincial Land,Forest Industry,"154,74"
2021,LWF012,2021-04-16 15:00:00,4.0,106.0,55.928417,-110.729917,Indian Reservation,Incendiary,"169,79"
2021,SWF004,2021-04-16 14:30:00,4.0,106.0,55.31675,-115.632833,Provincial Land,Undetermined,"158,80"
2021,LWF014,2020-04-16 16:20:00,4.0,107.0,55.93705,-110.71995,Indian Reservation,Incendiary,"169,79"
2021,LWF015,2021-04-16 18:35:00,4.0,106.0,55.91965,-110.738167,Indian Reservation,Resident,"169,79"
2021,RWF014,2021-04-16 00:00:00,4.0,106.0,51.995335,-115.337342,Provincial Land,Incendiary,"155,68"
2021,LWF016,2021-04-17 09:35:00,4.0,107.0,55.911383,-110.74,Provincial Land,Incendiary,"169,79"
2021,GWF009,2021-04-16 17:20:00,4.0,106.0,55.052633,-117.47315,Indian Reservation,Other Industry,"155,80"
2021,WWF055,2021-06-18 19:58:00,6.0,169.0,54.465217,-116.620533,Provincial Land,Lightning,"155,78"
2021,RWF050,2021-06-22 10:30:00,6.0,173.0,52.3681,-115.094467,Private Land,Other Industry,"156,69"
2021,WWF057,2021-06-22 13:50:00,6.0,173.0,54.564883,-115.513867,Provincial Land,Power Line Industry,"158,77"
2021,PWF029,2021-06-20 12:00:00,6.0,171.0,56.312167,-118.892617,Provincial Land,Lightning,"154,86"
2021,SWF070,2021-06-22 19:50:00,6.0,173.0,55.533683,-116.154867,Private Land,Undetermined,"158,81"
2020,RWF045,2020-08-25 14:13:00,8.0,238.0,52.291417,-116.37305,Provincial Land,Recreation,"153,70"
2020,EWF060,2020-11-03 13:00:00,11.0,308.0,53.596467,-115.54955,Private Land,Resident,"156,74"
2021,RWF002,2021-03-01 12:00:00,3.0,60.0,52.57725,-116.86595,Provincial Land,Undetermined,"152,72"
2021,HWF004,2021-04-30 17:49:00,4.0,120.0,58.716067,-118.726633,Indian Reservation,Incendiary,"158,94"
2021,LWF047,2021-05-02 21:00:00,5.0,122.0,55.902033,-110.749767,Provincial Land,Incendiary,"169,79"
2021,RWF022,2021-05-03 15:45:00,5.0,123.0,52.763617,-115.346017,Indian Reservation,Incendiary,"156,71"
2021,SWF016,2021-05-04 14:25:00,5.0,124.0,55.946833,-113.917,Indian Reservation,Resident,"163,81"
2021,SWF018,2021-05-05 05:30:00,5.0,125.0,55.003585,-115.45805,Provincial Land,Oil & Gas Industry,"158,79"
2021,LWF049,2021-05-05 10:50:00,5.0,125.0,55.933333,-110.719717,Indian Reservation,Incendiary,"169,79"
2021,LWF052,2021-05-05 15:11:00,5.0,125.0,54.622783,-111.6576,Provincial Land,Recreation,"165,75"
2021,LWF053,2021-05-05 15:00:00,5.0,125.0,54.613,-111.661833,Provincial Land,Recreation,"165,75"
2021,GWF026,2021-05-05 18:10:00,5.0,125.0,54.946833,-118.839583,Private Land,Resident,"152,81"
2021,CWF051,2021-05-23 12:00:00,5.0,143.0,51.268558,-114.80251,Provincial Land,Recreation,"155,65"
2021,EWF053,2021-05-23 16:30:00,5.0,143.0,53.449075,-117.494533,Provincial Land,Undetermined,"152,75"
2021,HWF032,2021-05-23 18:21:00,5.0,143.0,58.708382,-118.690648,Indian Reservation,Incendiary,"158,94"
2021,RWF034,2021-05-23 00:00:00,5.0,143.0,52.763683,-115.349633,Indian Reservation,Incendiary,"156,71"
2021,CWF054,2021-05-24 12:00:00,5.0,144.0,49.3647,-114.3183,Provincial Park,Recreation,"154,58"
2021,CWF056,2021-05-24 12:00:00,5.0,144.0,51.6342,-115.109583,Provincial Land,Recreation,"155,67"
2021,PWF020,2021-05-24 17:00:00,5.0,144.0,57.074283,-117.626767,Private Land,Agriculture Industry,"157,87"
2021,LWF084,2021-05-24 17:00:00,5.0,144.0,55.199283,-112.525583,Provincial Land,Power Line Industry,"164,77"
2021,SWF036,2021-05-24 19:35:00,5.0,144.0,55.536333,-116.1295,Provincial Land,Undetermined,"158,81"
2021,SWF039,2021-05-26 02:45:00,5.0,146.0,55.954467,-113.775917,Indian Reservation,Incendiary,"163,81"
2021,LWF087,2021-05-26 14:35:00,5.0,146.0,55.9483,-110.733167,Indian Reservation,Incendiary,"169,79"
2021,LWF088,2021-05-26 14:30:00,5.0,146.0,55.949583,-110.73025,Indian Reservation,Incendiary,"169,79"
2021,HWF036,2021-05-26 16:40:00,5.0,146.0,58.463967,-114.545433,Indian Reservation,Incendiary,"165,90"
2020,EWF050,2020-09-20 19:45:00,9.0,264.0,53.614273,-115.769547,Private Land,Undetermined,"156,74"
2020,EWF051,2020-09-21 00:23:00,9.0,265.0,53.63031,-115.47512,Private Land,Resident,"157,74"
2020,EWF052,2020-09-21 14:00:00,9.0,265.0,53.653008,-116.13958,Private Land,Resident,"155,75"
2021,WWF011,2021-04-17 11:30:00,4.0,107.0,54.364433,-114.826367,Private Land,Agriculture Industry,"159,76"
2021,SWF006,2021-04-16 23:35:00,4.0,106.0,55.8551,-115.158393,Provincial Land,Power Line Industry,"160,81"
2021,LWF019,2021-04-17 13:00:00,4.0,107.0,54.709667,-114.10495,Private Land,Resident,"161,77"
2021,RWF016,2021-04-17 14:15:00,4.0,107.0,52.231883,-114.871033,Provincial Land,Undetermined,"156,69"
2021,CWF012,2021-04-17 12:00:00,4.0,107.0,49.599117,-114.353217,Provincial Land,Recreation,"154,59"
2021,SWF108,2021-07-13 18:00:00,7.0,194.0,55.612667,-114.337333,Provincial Land,Lightning,"161,80"
2021,SWF110,2021-07-13 18:50:00,7.0,194.0,55.5785,-114.185333,Provincial Land,Lightning,"162,80"
2021,SWF111,2021-07-13 21:00:00,7.0,194.0,54.92205,-115.74765,Provincial Land,Lightning,"158,79"
2020,RWF059,2020-12-17 12:00:00,12.0,352.0,51.832633,-115.04415,Provincial Land,Recreation,"155,68"
2021,PWF030,2021-06-25 14:35:00,6.0,176.0,55.895495,-116.63812,Provincial Land,Lightning,"157,83"
2021,WWF058,2021-06-25 16:45:00,6.0,176.0,54.337717,-116.87215,Provincial Land,Oil & Gas Industry,"155,78"
2021,WWF059,2021-06-25 20:30:00,6.0,176.0,54.33725,-116.872083,Provincial Land,Oil & Gas Industry,"155,78"
2021,LWF125,2021-06-27 14:30:00,6.0,178.0,54.801033,-113.670517,Provincial Land,Lightning,"162,77"
2020,CWF191,2020-09-15 03:00:00,9.0,259.0,49.918483,-114.414233,Provincial Land,Forest Industry,"154,60"
2020,CWF192,2020-09-16 07:00:00,9.0,260.0,50.936133,-115.315917,Provincial Land,Recreation,"153,65"
2021,CWF083,2021-07-17 12:00:00,7.0,198.0,51.57775,-114.993483,Provincial Land,Recreation,"155,67"
2021,PWF022,2021-05-26 16:20:00,5.0,146.0,57.790617,-117.15695,Metis Settlement,Power Line Industry,"159,89"
2021,LWF089,2021-05-27 05:05:00,5.0,147.0,54.484017,-111.299783,Private Land,Incendiary,"166,74"
2021,MWF012,2021-05-27 00:00:00,5.0,147.0,57.172017,-111.596417,Provincial Land,Power Line Industry,"168,84"
2021,WWF026,2021-05-26 18:55:00,5.0,146.0,54.36607,-116.880913,Provincial Land,Lightning,"155,78"
2021,LWF091,2021-05-27 05:05:00,5.0,147.0,54.46985,-111.3013,Provincial Land,Incendiary,"166,74"
2021,LWF093,2021-05-27 05:05:00,5.0,147.0,54.4873,-111.316217,Provincial Land,Incendiary,"166,74"
2021,LWF092,2021-05-27 05:05:00,5.0,147.0,54.470367,-111.298583,Provincial Land,Incendiary,"166,74"
2021,LWF096,2021-05-27 05:05:00,5.0,147.0,54.567283,-111.20045,Provincial Land,Incendiary,"166,74"
2021,LWF097,2021-05-27 05:10:00,5.0,147.0,54.5635,-111.21525,Provincial Land,Incendiary,"166,74"
2021,LWF100,2021-05-27 05:10:00,5.0,147.0,54.558283,-111.21525,Provincial Land,Incendiary,"166,74"
2021,LWF101,2021-05-27 05:10:00,5.0,147.0,54.55425,-111.215267,Provincial Land,Incendiary,"166,74"
2021,LWF099,2021-05-27 05:10:00,5.0,147.0,54.561933,-111.215267,Provincial Land,Incendiary,"166,74"
2021,LWF104,2021-05-27 05:10:00,5.0,147.0,54.567417,-111.199283,Provincial Land,Incendiary,"166,74"
2021,RWF039,2021-05-28 16:00:00,5.0,148.0,53.005783,-115.222617,Provincial Land,Power Line Industry,"156,72"
2021,RWF038,2021-05-28 17:00:00,5.0,148.0,52.995417,-115.070617,Provincial Land,Power Line Industry,"157,72"
2021,SWF040,2021-05-28 22:40:00,5.0,148.0,55.920283,-113.932917,Indian Reservation,Resident,"163,81"
2021,SWF041,2021-05-29 10:30:00,5.0,149.0,55.930767,-115.614583,Indian Reservation,Other Industry,"159,82"
2021,RWF001,2021-01-09 13:00:00,1.0,9.0,53.032222,-115.025833,Provincial Land,Government,"157,72"
2021,RWF052,2021-06-29 13:00:00,6.0,180.0,52.214133,-115.2062,Provincial Land,Lightning,"155,69"
2021,RWF054,2021-07-01 16:00:00,7.0,182.0,52.18045,-115.8252,Provincial Land,Lightning,"154,69"
2021,CWF066,2021-07-01 18:15:00,7.0,182.0,51.166817,-114.844483,Indian Reservation,Power Line Industry,"155,65"
2021,WWF067,2021-07-01 20:30:00,7.0,182.0,54.51635,-116.953208,Provincial Land,Lightning,"155,78"
2021,EWF086,2021-07-01 19:33:00,7.0,182.0,53.392083,-116.6568,Provincial Land,Lightning,"154,74"
2021,EWF099,2021-07-01 19:10:00,7.0,182.0,53.803167,-117.525033,Provincial Land,Lightning,"153,76"
2021,EWF100,2021-07-01 18:29:00,7.0,182.0,53.700917,-116.951417,Provincial Land,Lightning,"154,76"
2021,CWF073,2021-07-04 00:00:00,7.0,185.0,50.403817,-114.496917,Indian Reservation,Resident,"154,62"
2021,WWF077,2021-07-01 17:35:00,7.0,182.0,54.056538,-117.329277,Provincial Land,Lightning,"153,77"
2021,MWF039,2021-07-03 20:00:00,7.0,184.0,56.87015,-111.053317,Provincial Land,Lightning,"169,82"
2021,SWF078,2021-07-07 15:30:00,7.0,188.0,55.431183,-116.7238,Provincial Land,Undetermined,"157,81"
2021,GWF063,2021-07-01 18:30:00,7.0,182.0,54.554618,-119.23404,Provincial Land,Lightning,"150,80"
2021,WWF063,2021-06-15 12:47:00,6.0,166.0,54.212318,-115.446755,Provincial Land,Lightning,"157,76"
2021,MWF025,2021-06-28 11:29:00,6.0,179.0,57.802733,-113.388867,Provincial Land,Lightning,"166,87"
2021,MWF024,2021-06-28 11:36:00,6.0,179.0,57.782283,-113.1298,Provincial Land,Lightning,"166,87"
2021,WWF064,2021-06-29 07:08:00,6.0,180.0,54.114817,-115.801083,Provincial Land,Resident,"157,76"
2021,EWF080,2021-06-29 15:00:00,6.0,180.0,53.302585,-115.198943,Provincial Land,Undetermined,"157,73"
2021,CWF064,2021-06-29 16:50:00,6.0,180.0,49.640545,-114.579262,Provincial Land,Power Line Industry,"153,60"
2021,HWF057,2021-06-29 19:09:00,6.0,180.0,57.7605,-115.339167,Provincial Land,Other Industry,"162,88"
2021,GWF051,2021-06-30 06:30:00,6.0,181.0,54.850733,-117.66385,Provincial Land,Power Line Industry,"154,80"
2021,RWF053,2021-06-30 15:00:00,6.0,181.0,52.74865,-114.558533,Private Land,Power Line Industry,"157,70"
2020,PWF048,2020-08-20 18:15:00,8.0,233.0,56.657117,-116.9266,Provincial Land,Resident,"158,85"
2020,CWF126,2020-08-23 12:00:00,8.0,236.0,50.962217,-114.94895,Provincial Land,Recreation,"154,65"
2020,WWF040,2020-11-15 15:00:00,11.0,320.0,54.295483,-116.741067,Provincial Land,Undetermined,"155,77"
2021,WWF001,2021-01-08 11:00:00,1.0,8.0,54.27205,-116.01775,Provincial Land,Forest Industry,"156,77"
2021,EWF003,2021-02-15 10:00:00,2.0,46.0,53.583917,-115.254383,Private Land,Resident,"157,74"
2021,GWF023,2021-05-02 16:15:00,5.0,122.0,55.4731,-118.638567,Provincial Land,Recreation,"153,83"
2021,CWF082,2021-07-17 12:00:00,7.0,198.0,51.5745,-114.9858,Private Land,Recreation,"155,67"
2021,CWF085,2021-07-18 12:00:00,7.0,199.0,49.84095,-113.969567,Provincial Land,Recreation,"155,60"
2021,RWF040,2021-05-29 16:00:00,5.0,149.0,51.871083,-114.94795,Private Land,Resident,"155,68"
2021,RWF041,2021-05-30 10:00:00,5.0,150.0,53.067383,-115.412583,Provincial Land,Oil & Gas Industry,"156,72"
2021,WWF029,2021-05-27 13:00:00,5.0,147.0,54.13195,-115.40242,Private Land,Agriculture Industry,"157,76"
2021,WWF030,2021-05-31 08:30:00,5.0,151.0,54.0649,-115.639167,Provincial Land,Undetermined,"157,76"
2021,SWF042,2021-05-30 22:30:00,5.0,150.0,55.9399,-115.1965,Provincial Land,Power Line Industry,"160,82"
2021,MWF013,2021-05-31 12:00:00,5.0,151.0,56.76035,-111.6676,Provincial Land,Recreation,"168,82"
2021,WWF034,2021-05-31 14:37:00,5.0,151.0,54.0938,-115.6073,Provincial Land,Other Industry,"157,76"
2021,WWF032,2021-05-31 14:37:00,5.0,151.0,54.09525,-115.611047,Provincial Land,Other Industry,"157,76"
2021,WWF036,2021-05-31 14:37:00,5.0,151.0,54.087283,-115.59205,Provincial Land,Other Industry,"157,76"
2021,WWF037,2021-05-31 14:37:00,5.0,151.0,54.086533,-115.5903,Provincial Land,Other Industry,"157,76"
2020,SWF061,2020-08-18 19:00:00,8.0,231.0,54.824833,-115.482967,Provincial Land,Lightning,"158,78"
2021,HWF058,2021-07-01 09:02:00,7.0,182.0,58.5442,-117.124633,Provincial Land,Power Line Industry,"160,92"
2021,EWF084,2021-07-01 10:00:00,7.0,182.0,53.250979,-117.836662,Provincial Land,Recreation,"151,75"
2021,GWF052,2021-07-01 16:53:00,7.0,182.0,54.245283,-118.359683,Provincial Land,Lightning,"152,79"
2021,GWF053,2021-07-01 18:12:00,7.0,182.0,54.2908,-118.159617,Provincial Land,Lightning,"152,79"
2021,GWF054,2021-07-01 18:13:00,7.0,182.0,54.348883,-117.64835,Provincial Land,Lightning,"153,78"
2021,WWF066,2021-07-01 17:57:00,7.0,182.0,54.28107,-117.650612,Provincial Land,Lightning,"153,78"
2021,WWF068,2021-07-01 19:15:00,7.0,182.0,54.489733,-116.815317,Provincial Land,Lightning,"155,78"
2021,EWF087,2021-07-01 20:39:00,7.0,182.0,53.279867,-116.265133,Provincial Land,Lightning,"155,74"
2021,EWF088,2021-07-02 02:02:00,7.0,183.0,53.730183,-117.388833,Provincial Land,Lightning,"153,76"
2021,CWF067,2021-07-02 12:00:00,7.0,183.0,51.272233,-115.02505,Provincial Land,Recreation,"154,66"
2021,CWF069,2021-07-02 12:00:00,7.0,183.0,51.632877,-115.089905,Provincial Land,Recreation,"155,67"
2021,WWF071,2021-07-02 03:35:00,7.0,183.0,54.431565,-116.42073,Provincial Land,Lightning,"156,78"
2021,WWF072,2021-07-01 20:20:00,7.0,182.0,54.484227,-117.053887,Provincial Land,Lightning,"155,78"
2021,SWF073,2021-07-02 18:10:00,7.0,183.0,56.193317,-113.8959,Provincial Land,Lightning,"163,82"
2020,WWF032,2020-06-13 19:34:00,6.0,165.0,54.355885,-115.835815,Provincial Land,Lightning,"157,77"
2020,EWF055,2020-09-30 20:00:00,9.0,274.0,53.894367,-115.959457,Provincial Land,Resident,"156,75"
2020,PWF053,2020-10-07 12:00:00,10.0,281.0,56.137133,-117.1113,Private Land,Agriculture Industry,"157,84"
2021,SWF027,2021-05-14 12:29:00,5.0,134.0,55.917467,-113.913933,Indian Reservation,Resident,"163,81"
2021,SWF028,2021-05-14 15:00:00,5.0,134.0,56.53195,-115.310983,Provincial Land,Power Line Industry,"161,84"
2021,SWF029,2021-05-15 05:30:00,5.0,135.0,55.502835,-116.524775,Provincial Land,Undetermined,"157,81"
2021,CWF086,2021-07-18 12:00:00,7.0,199.0,51.276033,-115.015183,Provincial Land,Recreation,"154,66"
2021,HWF038,2021-06-01 13:02:00,6.0,152.0,58.415717,-116.643483,Private Land,Resident,"161,91"
2021,SWF044,2021-06-01 13:50:00,6.0,152.0,55.9349,-113.775083,Indian Reservation,Undetermined,"163,81"
2021,LWF062,2021-05-08 15:50:00,5.0,128.0,55.936517,-110.720683,Indian Reservation,Incendiary,"169,79"
2021,LWF064,2021-04-24 12:00:00,4.0,114.0,54.456767,-111.196617,Provincial Land,Incendiary,"166,74"
2021,LWF072,2021-05-10 18:00:00,5.0,130.0,55.923867,-110.692117,Indian Reservation,Incendiary,"169,79"
2021,LWF075,2021-05-11 16:40:00,5.0,131.0,55.923467,-110.693483,Indian Reservation,Incendiary,"169,79"
2021,HWF013,2021-05-11 15:50:00,5.0,131.0,58.031727,-116.285512,Private Land,Resident,"161,90"
2021,GWF031,2021-05-12 11:30:00,5.0,132.0,55.0686,-117.529583,Indian Reservation,Resident,"155,81"
2021,LWF079,2021-05-13 13:00:00,5.0,133.0,55.581133,-112.428433,Provincial Land,Lightning,"165,79"
2021,LWF173,2021-08-02 20:00:00,8.0,214.0,55.30035,-111.99315,Provincial Land,Incendiary,"166,77"
2021,EWF108,2021-07-05 17:15:00,7.0,186.0,53.756833,-116.874667,Provincial Land,Lightning,"154,76"
2021,PWF036,2021-07-09 19:00:00,7.0,190.0,57.586583,-118.060633,Provincial Land,Lightning,"157,89"
2021,PWF046,2021-08-03 07:00:00,8.0,215.0,56.258163,-118.38761,Private Land,Agriculture Industry,"155,85"
2021,MWF028,2021-07-02 16:15:00,7.0,183.0,56.521633,-111.31635,Provincial Land,Undetermined,"168,81"
2021,MWF030,2021-07-02 16:00:00,7.0,183.0,56.401459,-111.46276,Provincial Land,Lightning,"168,81"
2021,MWF031,2021-07-02 18:35:00,7.0,183.0,56.387133,-111.371133,Provincial Land,Lightning,"168,81"
2021,MWF032,2021-07-02 18:55:00,7.0,183.0,56.368717,-111.33625,Provincial Land,Lightning,"168,81"
2021,MWF033,2021-07-02 18:54:00,7.0,183.0,56.3618,-111.3262,Provincial Land,Lightning,"168,81"
2021,LWF130,2021-07-02 19:00:00,7.0,183.0,56.104,-111.012333,Provincial Land,Lightning,"168,79"
2021,MWF034,2021-07-02 18:45:00,7.0,183.0,56.358083,-111.31845,Provincial Land,Lightning,"168,81"
2021,MWF035,2021-07-02 19:24:00,7.0,183.0,56.327533,-111.308467,Provincial Land,Lightning,"168,80"
2021,RWF063,2021-07-03 10:00:00,7.0,184.0,52.21555,-116.3481,Provincial Land,Lightning,"153,70"
2021,EWF090,2021-07-01 19:33:00,7.0,182.0,53.100667,-116.454883,Provincial Land,Lightning,"154,73"
2021,CWF070,2021-07-03 13:00:00,7.0,184.0,51.580217,-115.431217,Provincial Land,Lightning,"154,67"
2021,EWF093,2021-07-02 05:09:00,7.0,183.0,53.393731,-115.370422,Provincial Land,Lightning,"156,73"
2021,CWF072,2021-07-03 12:00:00,7.0,184.0,51.2728,-115.049817,Provincial Land,Recreation,"154,66"
2021,EWF095,2021-07-01 18:54:00,7.0,182.0,53.667783,-116.917267,Provincial Land,Lightning,"154,75"
2021,EWF098,2021-07-01 19:01:00,7.0,182.0,53.77425,-117.477783,Provincial Land,Lightning,"153,76"
2021,CWF075,2021-07-04 06:00:00,7.0,185.0,50.252483,-114.3363,Provincial Land,Recreation,"155,62"
2020,EWF056,2020-10-03 12:00:00,10.0,277.0,53.894767,-119.151967,Provincial Land,Undetermined,"150,78"
2021,MWF087,2021-07-17 15:30:00,7.0,198.0,56.69035,-111.30175,Provincial Land,Resident,"168,82"
2021,MWF088,2021-07-11 17:19:00,7.0,192.0,56.8372,-110.76735,Provincial Land,Lightning,"170,82"
2021,CWF084,2021-07-18 12:00:00,7.0,199.0,51.1859,-114.907633,Provincial Land,Recreation,"155,65"
2021,CWF087,2021-07-19 12:00:00,7.0,200.0,51.510967,-115.3628,Provincial Land,Undetermined,"154,67"
2021,WWF093,2021-07-20 02:00:00,7.0,201.0,54.048473,-115.454688,Provincial Land,Government,"157,75"
2021,RWF042,2021-06-01 21:15:00,6.0,152.0,52.761533,-115.3263,Indian Reservation,Undetermined,"156,71"
2021,GWF038,2021-06-02 11:00:00,6.0,153.0,55.772067,-119.300483,Provincial Land,Oil & Gas Industry,"152,84"
2021,LWF111,2021-06-02 14:00:00,6.0,153.0,55.198667,-112.569067,Provincial Land,Power Line Industry,"164,77"
2021,LWF112,2021-06-02 15:00:00,6.0,153.0,55.1854,-112.475667,Provincial Land,Resident,"165,77"
2021,MWF016,2021-06-04 14:01:00,6.0,155.0,57.197159,-110.484165,Provincial Land,Lightning,"171,83"
2021,MWF015,2021-03-01 00:00:00,3.0,60.0,59.9874,-111.839,Private Land,Resident,"171,93"
2021,MWF020,2021-06-05 19:15:00,6.0,156.0,56.566667,-112.566667,Provincial Land,Lightning,"166,82"
2021,EWF062,2021-06-05 14:00:00,6.0,156.0,53.934217,-119.172,Provincial Land,Recreation,"150,78"
2021,SWF057,2021-06-06 12:55:00,6.0,157.0,56.522167,-113.330167,Provincial Land,Lightning,"164,82"
2021,SWF059,2021-06-06 15:40:00,6.0,157.0,56.136533,-114.897883,Provincial Land,Lightning,"161,82"
2021,SWF060,2021-06-06 15:38:00,6.0,157.0,56.216775,-114.902525,Provincial Land,Lightning,"161,82"
2021,LWF118,2021-06-06 16:00:00,6.0,157.0,55.753633,-110.966017,Provincial Land,Lightning,"168,78"
2020,CWF130,2020-08-24 12:00:00,8.0,237.0,50.8105,-114.62875,Provincial Land,Recreation,"155,64"
2020,CWF134,2020-08-27 12:00:00,8.0,240.0,51.2872,-115.14455,Provincial Land,Recreation,"154,66"
2020,LWF098,2020-08-28 18:00:00,8.0,241.0,55.6306,-111.107133,Provincial Land,Resident,"168,78"
2020,CWF210,2020-10-29 23:00:00,10.0,303.0,51.169705,-114.778012,Indian Reservation,Resident,"155,65"
2021,EWF001,2021-01-19 19:50:00,1.0,19.0,53.610783,-115.854167,Provincial Land,Power Line Industry,"156,74"
2021,WWF085,2021-07-10 11:40:00,7.0,191.0,54.068817,-116.87323,Provincial Land,Lightning,"154,77"
2021,EWF110,2021-07-10 16:30:00,7.0,191.0,53.566333,-116.724167,Provincial Land,Power Line Industry,"154,75"
2021,MWF048,2021-07-10 17:21:00,7.0,191.0,56.342967,-112.407317,Provincial Land,Lightning,"166,81"
2021,MWF050,2021-07-10 17:25:00,7.0,191.0,56.368617,-112.379917,Provincial Land,Lightning,"166,81"
2021,MWF053,2021-07-10 17:15:00,7.0,191.0,56.6148,-111.5316,Provincial Land,Lightning,"168,82"
2021,MWF054,2021-07-10 17:51:00,7.0,191.0,56.561525,-112.122215,Provincial Land,Lightning,"167,82"
2021,LWF137,2021-07-10 19:00:00,7.0,191.0,55.25745,-111.9306,Provincial Land,Lightning,"166,77"
2021,RWF065,2021-07-10 21:00:00,7.0,191.0,52.834633,-115.584633,Provincial Land,Lightning,"155,71"
2021,CWF076,2021-07-04 12:00:00,7.0,185.0,51.254467,-115.015933,Provincial Land,Recreation,"154,66"
2021,WWF076,2021-07-05 16:45:00,7.0,186.0,54.516762,-116.995057,Provincial Land,Power Line Industry,"155,78"
2021,SWF076,2021-07-04 12:34:00,7.0,185.0,55.7185,-114.4175,Provincial Land,Undetermined,"161,80"
2020,CWF172,2020-09-07 06:00:00,9.0,251.0,50.253067,-114.336433,Provincial Land,Recreation,"155,62"
2020,CWF174,2020-09-07 06:00:00,9.0,251.0,51.634063,-115.17383,Provincial Land,Recreation,"155,67"
2020,CWF175,2020-09-07 06:00:00,9.0,251.0,51.150528,-114.969767,Provincial Land,Recreation,"154,65"
2020,CWF176,2020-09-07 06:00:00,9.0,251.0,51.272483,-115.009583,Provincial Land,Recreation,"154,66"
2020,CWF177,2020-09-07 12:00:00,9.0,251.0,51.278233,-115.015533,Provincial Land,Recreation,"154,66"
2020,CWF178,2020-09-07 12:00:00,9.0,251.0,51.574717,-114.988933,Provincial Land,Recreation,"155,67"
2020,CWF179,2020-09-07 12:00:00,9.0,251.0,51.270367,-115.01345,Provincial Land,Recreation,"154,66"
2020,CWF180,2020-09-07 12:00:00,9.0,251.0,51.2711,-115.047783,Private Land,Recreation,"154,66"
2020,CWF181,2020-09-07 12:00:00,9.0,251.0,51.2709,-115.008617,Provincial Land,Recreation,"154,66"
2020,CWF182,2020-09-07 16:50:00,9.0,251.0,51.611533,-115.148867,Provincial Land,Recreation,"155,67"
2020,CWF183,2020-09-07 17:35:00,9.0,251.0,51.404783,-115.05415,Provincial Land,Recreation,"155,66"
2020,CWF184,2020-09-07 12:00:00,9.0,251.0,51.4027,-115.056867,Provincial Land,Recreation,"155,66"
2020,CWF209,2020-10-29 23:15:00,10.0,303.0,51.17168,-114.77652,Indian Reservation,Resident,"155,65"
2021,EWF128,2021-07-18 12:00:00,7.0,199.0,53.463083,-116.6122,Provincial Land,Recreation,"154,74"
2021,HWF045,2021-06-08 16:00:00,6.0,159.0,57.52015,-116.826867,Provincial Land,Lightning,"159,88"
2021,GWF044,2021-06-09 17:00:00,6.0,160.0,54.753933,-119.864433,Provincial Land,Lightning,"150,82"
2021,EWF064,2021-06-12 17:10:00,6.0,163.0,53.641917,-115.777333,Private Land,Resident,"156,74"
2021,RWF045,2021-06-14 00:00:00,6.0,165.0,52.763617,-115.319717,Indian Reservation,Resident,"156,71"
2021,WWF044,2021-06-14 17:00:00,6.0,165.0,54.207932,-116.422517,Provincial Land,Lightning,"155,77"
2021,EWF069,2021-06-14 17:15:00,6.0,165.0,53.519567,-116.433333,Provincial Land,Lightning,"154,74"
2021,SWF065,2021-06-14 18:59:00,6.0,165.0,54.832017,-115.721733,Provincial Land,Lightning,"158,78"
2021,WWF048,2021-06-14 22:30:00,6.0,165.0,54.14904,-115.537072,Private Land,Lightning,"157,76"
2020,CWF127,2020-08-05 12:00:00,8.0,218.0,50.8534,-114.615867,Provincial Land,Recreation,"155,64"
2020,CWF186,2020-09-09 12:00:00,9.0,253.0,51.5764,-114.9591,Provincial Land,Recreation,"155,67"
2020,GWF044,2020-10-03 14:35:00,10.0,277.0,54.997133,-116.88645,Private Land,Agriculture Industry,"156,80"
2020,GWF046,2020-10-03 00:01:00,10.0,277.0,54.842222,-117.202528,Private Land,Agriculture Industry,"155,80"
2021,EWF006,2021-03-08 10:00:00,3.0,67.0,53.4478,-116.183417,Provincial Land,Government,"155,74"
2021,LWF151,2021-07-11 21:00:00,7.0,192.0,54.97225,-111.924467,Provincial Land,Power Line Industry,"165,76"
2021,GWF069,2021-07-10 17:13:00,7.0,191.0,54.536433,-118.311033,Provincial Land,Lightning,"152,79"
2021,SWF097,2021-07-12 13:05:00,7.0,193.0,56.803667,-114.599667,Provincial Land,Lightning,"162,84"
2021,SWF098,2021-07-10 16:30:00,7.0,191.0,56.330537,-113.892033,Provincial Land,Lightning,"163,82"
2021,GWF061,2021-07-01 18:30:00,7.0,182.0,54.796867,-118.967483,Provincial Land,Lightning,"151,81"
2021,GWF062,2021-07-06 21:00:00,7.0,187.0,55.9024,-119.1663,Provincial Land,Incendiary,"153,85"
2021,MWF041,2021-07-08 09:50:00,7.0,189.0,57.02005,-111.56225,Provincial Land,Undetermined,"168,83"
2021,HWF059,2021-07-08 12:59:00,7.0,189.0,58.88675,-114.9492,Provincial Land,Lightning,"164,92"
2020,WWF031,2020-08-29 21:52:00,8.0,242.0,54.313095,-116.488427,Provincial Land,Other Industry,"155,77"
2020,CWF151,2020-09-06 06:00:00,9.0,250.0,51.270764,-115.020901,Provincial Land,Recreation,"154,66"
2021,EWF007,2021-03-18 12:55:00,3.0,77.0,53.574467,-115.401517,Private Land,Resident,"157,74"
2021,EWF008,2021-03-18 13:20:00,3.0,77.0,53.551483,-116.73575,Provincial Land,Railroad,"154,75"
2021,EWF009,2021-03-18 14:30:00,3.0,77.0,53.539417,-115.0592,Private Land,Undetermined,"157,73"
2021,WWF004,2021-03-18 09:00:00,3.0,77.0,54.43135,-117.2603,Provincial Land,Government,"154,78"
2021,RWF003,2021-03-18 14:00:00,3.0,77.0,53.1061,-115.261933,Provincial Land,Recreation,"156,72"
2021,EWF010,2021-03-01 10:00:00,3.0,60.0,53.248492,-116.239863,Provincial Land,Oil & Gas Industry,"155,73"
2021,EWF011,2021-02-15 10:00:00,2.0,46.0,53.56816,-116.737149,Provincial Land,Incendiary,"154,75"
2021,CWF006,2021-03-21 20:00:00,3.0,80.0,49.631583,-114.499817,Private Land,Undetermined,"153,60"
2021,EWF012,2021-02-16 10:00:00,2.0,47.0,53.616222,-116.73613,Provincial Land,Forest Industry,"154,75"
2021,HWF001,2021-03-23 17:00:00,3.0,82.0,58.38475,-116.030517,Provincial Land,Government,"162,91"
2021,CWF008,2021-03-31 16:00:00,3.0,90.0,51.180267,-114.897682,Indian Reservation,Power Line Industry,"155,65"
2021,RWF004,2021-03-25 08:00:00,3.0,84.0,52.685016,-115.678388,Provincial Land,Forest Industry,"155,71"
2021,EWF017,2021-04-05 16:00:00,4.0,95.0,53.669033,-116.250783,Private Land,Resident,"155,75"
2021,GWF047,2021-06-16 11:10:00,6.0,167.0,55.38095,-118.000583,Private Land,Power Line Industry,"154,82"
2021,RWF046,2021-06-16 14:00:00,6.0,167.0,53.03875,-115.638833,Provincial Land,Incendiary,"155,72"
2020,CWF124,2020-08-21 20:00:00,8.0,234.0,49.3173,-114.42425,Provincial Land,Lightning,"153,58"
2020,CWF125,2020-08-22 07:30:00,8.0,235.0,51.125033,-115.426733,Provincial Land,Lightning,"153,65"
2020,RWF051,2020-09-04 12:00:00,9.0,248.0,52.304417,-116.413033,Provincial Land,Recreation,"153,70"
2020,CWF162,2020-09-05 17:00:00,9.0,249.0,49.631117,-114.616833,Provincial Land,Recreation,"153,60"
2020,CWF163,2020-09-05 12:00:00,9.0,249.0,50.853733,-114.615318,Provincial Land,Recreation,"155,64"
2020,CWF164,2020-09-05 12:00:00,9.0,249.0,50.853612,-114.614403,Provincial Land,Recreation,"155,64"
2020,CWF165,2020-09-06 07:00:00,9.0,250.0,50.020317,-114.01495,Provincial Land,Recreation,"155,60"
2020,CWF166,2020-09-06 07:00:00,9.0,250.0,50.225,-114.399833,Provincial Land,Recreation,"154,62"
2020,CWF167,2020-09-06 07:00:00,9.0,250.0,50.263633,-114.3163,Provincial Land,Recreation,"155,62"
2020,CWF168,2020-09-06 07:00:00,9.0,250.0,49.75239,-114.43108,Provincial Land,Recreation,"154,60"
2020,CWF169,2020-09-06 12:00:00,9.0,250.0,50.1906,-114.542767,Provincial Land,Recreation,"154,62"
2020,CWF170,2020-09-06 12:00:00,9.0,250.0,50.10205,-114.44225,Provincial Land,Recreation,"154,61"
2020,EWF057,2020-10-03 18:15:00,10.0,277.0,53.51465,-117.88125,Provincial Land,Undetermined,"152,76"
2021,GWF001,2021-01-19 12:00:00,1.0,19.0,54.43525,-118.25646,Provincial Land,Power Line Industry,"152,79"
2021,EWF106,2021-07-01 19:20:00,7.0,182.0,53.955,-116.877833,Provincial Land,Lightning,"154,76"
2021,GWF064,2021-07-08 20:00:00,7.0,189.0,54.593733,-118.207717,Provincial Land,Undetermined,"153,80"
2021,MWF042,2021-07-08 15:57:00,7.0,189.0,57.564867,-110.303767,Provincial Land,Lightning,"171,84"
2021,GWF065,2021-07-09 07:00:00,7.0,190.0,55.56925,-119.265333,Provincial Land,Lightning,"152,84"
2021,GWF066,2021-07-09 16:00:00,7.0,190.0,54.308617,-117.750817,Provincial Land,Lightning,"153,78"
2021,PWF037,2021-07-09 19:00:00,7.0,190.0,57.614967,-118.049633,Provincial Land,Lightning,"157,89"
2021,SWF080,2021-07-09 22:10:00,7.0,190.0,55.118383,-116.548683,Provincial Land,Lightning,"156,80"
2021,WWF084,2021-07-10 05:29:00,7.0,191.0,54.072167,-117.228667,Provincial Land,Lightning,"154,77"
2021,GWF068,2021-07-09 23:00:00,7.0,190.0,54.714033,-117.509655,Provincial Land,Lightning,"154,79"
2021,CWF081,2021-07-10 12:00:00,7.0,191.0,51.286683,-115.1448,Provincial Land,Recreation,"154,66"
2020,LWF093,2020-08-21 09:00:00,8.0,234.0,55.309033,-113.47005,Provincial Land,Lightning,"163,78"
2020,LWF095,2020-08-18 13:30:00,8.0,231.0,55.9047,-110.869317,Provincial Land,Lightning,"168,79"
2020,EWF049,2020-09-16 16:00:00,9.0,260.0,53.9798,-119.1308,Provincial Land,Railroad,"150,78"
2021,EWF018,2021-04-07 13:30:00,4.0,97.0,53.551243,-115.6601,Provincial Land,Forest Industry,"156,74"
2021,RWF009,2021-04-06 15:00:00,4.0,96.0,51.735,-114.858167,Provincial Land,Incendiary,"155,67"
2021,RWF010,2021-04-10 14:41:00,4.0,100.0,51.73447,-114.858895,Provincial Land,Incendiary,"155,67"
2021,WWF008,2021-04-12 15:00:00,4.0,102.0,54.114667,-115.700142,Private Land,Resident,"157,76"
2021,SWF002,2021-04-13 06:12:00,4.0,103.0,55.939842,-115.197548,Provincial Land,Power Line Industry,"160,82"
2021,GWF003,2021-04-13 11:00:00,4.0,103.0,55.755829,-119.997799,Private Land,Resident,"151,85"
2021,EWF022,2021-04-13 13:20:00,4.0,103.0,53.684117,-116.087083,Private Land,Resident,"155,75"
2021,LWF004,2021-04-13 12:55:00,4.0,103.0,54.500523,-111.504463,Provincial Land,Incendiary,"166,74"
2021,GWF004,2021-04-14 12:45:00,4.0,104.0,54.675567,-117.096383,Provincial Land,Power Line Industry,"155,79"
2021,PWF002,2021-03-01 12:00:00,3.0,60.0,56.058667,-116.82,Private Land,Agriculture Industry,"157,83"
2021,LWF008,2021-04-15 14:50:00,4.0,105.0,54.644783,-111.91475,Indian Reservation,Resident,"165,75"
2021,LWF124,2021-06-20 16:00:00,6.0,171.0,55.065017,-113.867633,Private Land,Agriculture Industry,"162,78"
2021,WWF056,2021-06-21 14:30:00,6.0,172.0,54.152383,-117.392617,Provincial Land,Oil & Gas Industry,"153,77"
2021,CWF062,2021-06-21 10:29:00,6.0,172.0,49.809433,-113.95445,Provincial Land,Recreation,"155,60"
2020,LWF096,2020-08-24 19:00:00,8.0,237.0,55.328967,-113.281983,Provincial Land,Incendiary,"163,78"
2020,GWF041,2020-09-05 12:00:00,9.0,249.0,54.81,-117.629317,Provincial Land,Undetermined,"154,80"
2021,LWF043,2021-04-30 12:00:00,4.0,120.0,54.547883,-111.501183,Private Land,Incendiary,"166,74"
2021,GWF021,2021-04-30 17:20:00,4.0,120.0,54.067167,-119.009783,Provincial Land,Recreation,"150,79"
2021,GWF024,2021-05-02 20:00:00,5.0,122.0,54.733267,-117.139317,Private Land,Resident,"155,79"
2021,LWF050,2021-05-05 10:00:00,5.0,125.0,55.930883,-110.7257,Indian Reservation,Incendiary,"169,79"
2021,LWF054,2021-05-05 15:45:00,5.0,125.0,55.935667,-110.721183,Indian Reservation,Incendiary,"169,79"
2021,SWF019,2021-05-06 10:30:00,5.0,126.0,55.868933,-115.102417,Provincial Land,Power Line Industry,"160,81"
2021,SWF021,2021-05-06 14:45:00,5.0,126.0,55.341118,-115.78951,Indian Reservation,Undetermined,"158,80"
2021,HWF005,2021-05-07 08:30:00,5.0,127.0,58.718072,-118.744912,Indian Reservation,Incendiary,"158,94"
2021,MWF044,2021-07-02 18:00:00,7.0,183.0,57.148117,-110.661067,Provincial Land,Lightning,"170,83"
2021,PWF039,2021-07-10 13:10:00,7.0,191.0,56.748762,-116.446392,Provincial Land,Lightning,"159,85"
2021,SWF083,2021-07-10 15:30:00,7.0,191.0,56.087333,-113.565167,Provincial Land,Lightning,"163,81"
2021,SWF084,2021-07-10 16:00:00,7.0,191.0,56.208,-113.020017,Provincial Land,Lightning,"165,81"
2021,SWF086,2021-07-10 17:00:00,7.0,191.0,56.234517,-113.012583,Provincial Land,Lightning,"165,81"
2021,MWF047,2021-07-10 15:40:00,7.0,191.0,57.458267,-110.833767,Provincial Land,Lightning,"170,84"
2021,SWF087,2021-07-10 16:20:00,7.0,191.0,57.358017,-113.4746,Provincial Land,Lightning,"165,85"
2021,LWF136,2021-07-10 18:30:00,7.0,191.0,55.589533,-112.3777,Provincial Land,Lightning,"165,79"
2021,MWF057,2021-07-10 18:15:00,7.0,191.0,57.113355,-111.148191,Provincial Land,Lightning,"169,83"
2021,MWF058,2021-07-10 18:31:00,7.0,191.0,56.970308,-111.1581,Provincial Land,Lightning,"169,83"
2021,LWF138,2021-07-10 18:00:00,7.0,191.0,55.59135,-112.3555,Provincial Land,Lightning,"165,79"
2021,LWF139,2021-07-10 19:00:00,7.0,191.0,55.9185,-110.7541,Indian Reservation,Undetermined,"169,79"
2021,WWF087,2021-07-10 17:20:00,7.0,191.0,54.113548,-116.087182,Provincial Land,Lightning,"156,76"
2021,LWF141,2021-07-10 19:00:00,7.0,191.0,55.621967,-111.178733,Provincial Land,Power Line Industry,"168,78"
2021,RWF066,2021-07-10 21:00:00,7.0,191.0,52.9942,-115.428283,Provincial Land,Lightning,"156,72"
2021,MWF062,2021-07-10 18:58:00,7.0,191.0,57.006883,-112.962167,Provincial Land,Lightning,"166,84"
2021,MWF063,2021-07-10 17:30:00,7.0,191.0,57.130117,-112.789633,Provincial Land,Lightning,"166,84"
2021,LWF142,2021-07-11 12:15:00,7.0,192.0,56.100583,-110.8488,Provincial Land,Lightning,"169,79"
2021,MWF066,2021-07-10 13:58:00,7.0,191.0,57.04725,-111.256883,Provincial Land,Lightning,"169,83"
2021,MWF068,2021-07-11 12:55:00,7.0,192.0,56.7125,-112.226817,Provincial Land,Lightning,"167,82"
2021,LWF144,2021-07-11 15:00:00,7.0,192.0,55.9422,-110.689167,Provincial Land,Lightning,"169,79"
2021,EWF116,2021-07-10 18:44:00,7.0,191.0,53.36135,-115.375717,Provincial Land,Lightning,"156,73"
2021,PWF040,2021-07-10 21:45:00,7.0,191.0,55.714503,-116.528955,Provincial Land,Lightning,"157,82"
2021,LWF146,2021-07-11 15:00:00,7.0,192.0,55.131083,-110.242067,Provincial Land,Lightning,"169,76"
2021,SWF092,2021-07-11 14:00:00,7.0,192.0,56.922517,-114.199583,Provincial Land,Lightning,"163,84"
2020,RWF053,2020-09-20 12:00:00,9.0,264.0,52.42852,-114.914695,Provincial Land,Resident,"156,70"
2020,RWF057,2020-11-02 13:30:00,11.0,307.0,52.363717,-115.032283,Private Land,Power Line Industry,"156,69"
2020,MWF021,2020-12-03 18:00:00,12.0,338.0,56.716583,-111.398617,Provincial Land,Recreation,"168,82"
2021,GWF006,2021-03-02 12:00:00,3.0,61.0,55.137283,-116.992467,Private Land,Agriculture Industry,"156,80"
2021,EWF024,2021-04-15 20:10:00,4.0,105.0,53.599578,-115.242168,Provincial Land,Power Line Industry,"157,74"
2021,CWF011,2021-04-16 08:00:00,4.0,106.0,51.080467,-115.080783,Provincial Park,Incendiary,"154,65"
2021,LWF010,2021-04-15 17:34:00,4.0,105.0,55.2794,-113.232017,Provincial Land,Undetermined,"163,78"
2021,RWF012,2021-02-25 11:00:00,2.0,56.0,52.613954,-114.642379,Private Land,Resident,"157,70"
2021,HWF002,2021-03-22 00:00:00,3.0,81.0,57.995423,-116.506437,Private Land,Agriculture Industry,"160,90"
2021,EWF027,2021-04-16 11:25:00,4.0,106.0,53.655545,-115.589965,Private Land,Resident,"156,74"
2021,GWF008,2021-04-16 13:00:00,4.0,106.0,55.063317,-117.4954,Indian Reservation,Resident,"155,81"
2021,EWF028,2021-04-16 13:30:00,4.0,106.0,53.752683,-116.657933,Provincial Land,Forest Industry,"154,75"
2021,EWF025,2021-02-01 12:00:00,2.0,32.0,53.322342,-116.396767,Provincial Land,Forest Industry,"154,74"
2021,RWF015,2021-04-16 00:00:00,4.0,106.0,52.008,-115.198233,Provincial Land,Incendiary,"155,68"
2021,LWF017,2021-04-16 22:00:00,4.0,106.0,55.925917,-110.7257,Indian Reservation,Incendiary,"169,79"
2021,LWF018,2021-04-17 13:00:00,4.0,107.0,55.937533,-110.719617,Indian Reservation,Resident,"169,79"
2021,HWF047,2021-06-23 00:00:00,6.0,174.0,58.302231,-114.20347,Provincial Land,Lightning,"165,89"
2021,HWF048,2021-06-24 18:00:00,6.0,175.0,58.520967,-119.057783,Provincial Land,Power Line Industry,"157,93"
2021,WWF061,2021-06-27 13:55:00,6.0,178.0,54.127267,-116.222183,Provincial Land,Other Industry,"156,76"
2021,MWF023,2021-06-28 13:57:00,6.0,179.0,56.67165,-110.587017,Provincial Land,Lightning,"170,81"
2021,HWF050,2021-06-28 08:57:00,6.0,179.0,59.066263,-118.324812,Provincial Land,Lightning,"159,94"
2021,HWF052,2021-06-28 08:56:00,6.0,179.0,59.052333,-118.2442,Provincial Land,Lightning,"159,94"
2021,HWF055,2021-06-28 09:53:00,6.0,179.0,59.338288,-117.461328,Provincial Land,Lightning,"161,95"
2021,LWF126,2021-06-29 16:00:00,6.0,180.0,55.259667,-113.22505,Indian Reservation,Resident,"163,78"
2021,GWF050,2021-06-30 09:40:00,6.0,181.0,54.444367,-118.660933,Provincial Land,Lightning,"151,79"
2021,PWF031,2021-06-17 12:00:00,6.0,168.0,56.579933,-118.962083,Private Land,Agriculture Industry,"154,87"
2020,CWF129,2020-08-24 12:00:00,8.0,237.0,50.850283,-114.630783,Provincial Land,Recreation,"155,64"
2021,LWF080,2021-05-14 13:42:00,5.0,134.0,55.93205,-110.727367,Indian Reservation,Incendiary,"169,79"
2021,WWF031,2021-05-31 10:03:00,5.0,151.0,54.0975,-115.616217,Provincial Land,Undetermined,"157,76"
2021,GWF039,2021-06-03 11:15:00,6.0,154.0,55.772717,-119.3006,Provincial Land,Oil & Gas Industry,"152,84"
2021,HWF040,2021-06-03 16:26:00,6.0,154.0,57.6925,-115.822917,Provincial Land,Lightning,"161,88"
2021,LWF114,2021-06-04 14:00:00,6.0,155.0,55.283167,-111.330333,Provincial Land,Incendiary,"167,77"
2021,HWF042,2021-06-05 18:45:00,6.0,156.0,58.350533,-119.5777,Provincial Land,Lightning,"156,93"
2021,SWF054,2021-06-05 18:48:00,6.0,156.0,57.216167,-113.905167,Provincial Land,Lightning,"164,85"
2021,SWF061,2021-06-07 12:27:00,6.0,158.0,54.808937,-115.42157,Provincial Land,Oil & Gas Industry,"158,78"
2021,SWF093,2021-07-12 12:00:00,7.0,193.0,55.18535,-115.331697,Provincial Land,Resident,"159,79"
2021,SWF095,2021-07-12 12:00:00,7.0,193.0,55.22725,-115.33855,Provincial Land,Resident,"159,79"
2021,SWF096,2021-07-12 12:00:00,7.0,193.0,55.224655,-115.3365,Provincial Land,Resident,"159,79"
2021,EWF119,2021-07-10 13:35:00,7.0,191.0,53.825783,-119.299333,Provincial Land,Lightning,"149,78"
2021,SWF099,2021-07-10 18:58:00,7.0,191.0,57.151889,-113.221668,Provincial Land,Lightning,"165,84"
2021,SWF100,2021-07-10 14:00:00,7.0,191.0,56.874455,-113.509623,Provincial Land,Lightning,"165,84"
2021,LWF153,2021-07-12 15:00:00,7.0,193.0,55.431517,-111.355183,Provincial Land,Lightning,"167,77"
2021,MWF076,2021-07-10 18:18:00,7.0,191.0,57.10975,-111.188433,Provincial Land,Lightning,"169,83"
2021,WWF090,2021-07-10 15:30:00,7.0,191.0,54.043385,-117.638153,Provincial Land,Lightning,"153,77"
2021,MWF077,2021-07-10 19:37:00,7.0,191.0,57.204195,-110.654433,Provincial Land,Lightning,"170,83"
2021,SWF101,2021-07-13 15:00:00,7.0,194.0,55.812967,-114.854133,Provincial Land,Lightning,"161,81"
2021,GWF070,2021-07-13 15:20:00,7.0,194.0,54.554533,-119.233667,Provincial Land,Government,"150,80"
2021,MWF078,2021-07-11 15:37:00,7.0,192.0,57.515424,-110.829576,Provincial Land,Lightning,"170,84"
2021,SWF104,2021-07-13 16:00:00,7.0,194.0,54.8363,-115.425217,Provincial Land,Lightning,"158,78"
2020,CWF135,2020-08-28 08:00:00,8.0,241.0,50.854733,-114.609633,Provincial Land,Recreation,"155,64"
2020,CWF136,2020-08-28 08:00:00,8.0,241.0,51.283133,-115.143,Provincial Land,Recreation,"154,66"
2020,CWF173,2020-09-07 06:00:00,9.0,251.0,49.99884,-114.51055,Provincial Land,Recreation,"154,61"
2020,HWF049,2020-09-19 13:45:00,9.0,263.0,58.3406,-116.16785,Private Land,Resident,"162,91"
2020,HWF050,2020-09-19 00:01:00,9.0,263.0,58.503733,-115.876117,Private Land,Agriculture Industry,"162,91"
2020,WWF036,2020-09-20 11:00:00,9.0,264.0,54.761533,-114.868967,Provincial Land,Undetermined,"159,77"
2020,WWF037,2020-07-28 21:41:00,7.0,210.0,54.367033,-114.65475,Provincial Land,Lightning,"159,76"
2021,EWF083,2021-06-30 20:00:00,6.0,181.0,53.336967,-115.260217,Provincial Land,Power Line Industry,"157,73"
2021,LWF128,2021-07-01 11:00:00,7.0,182.0,54.616767,-114.103183,Provincial Land,Undetermined,"161,76"
2021,PWF032,2021-07-01 13:00:00,7.0,182.0,56.550383,-119.140317,Private Land,Power Line Industry,"154,87"
2021,CWF065,2021-07-01 16:00:00,7.0,182.0,50.702128,-114.993793,Provincial Park,Lightning,"154,64"
2021,SWF071,2021-07-01 16:25:00,7.0,182.0,55.228583,-113.883383,Provincial Land,Power Line Industry,"162,78"
2021,RWF056,2021-07-01 18:00:00,7.0,182.0,52.539467,-116.361583,Provincial Land,Lightning,"153,71"
2021,RWF055,2021-07-01 18:00:00,7.0,182.0,52.14695,-115.8557,Provincial Land,Lightning,"154,69"
2021,GWF055,2021-07-01 18:13:00,7.0,182.0,54.347117,-117.642933,Provincial Land,Lightning,"153,78"
2021,RWF059,2021-07-02 11:00:00,7.0,183.0,52.348412,-116.411212,Provincial Land,Lightning,"153,70"
2021,WWF069,2021-07-02 06:21:00,7.0,183.0,54.094517,-115.564967,Provincial Land,Lightning,"157,76"
2021,CWF068,2021-07-02 12:00:00,7.0,183.0,51.632228,-115.089745,Provincial Land,Recreation,"155,67"
2021,WWF070,2021-07-01 10:32:00,7.0,182.0,54.2295,-116.660333,Provincial Land,Lightning,"155,77"
2021,LWF129,2021-07-02 15:00:00,7.0,183.0,55.720233,-110.439217,Provincial Land,Lightning,"169,78"
2021,SWF072,2021-07-02 15:00:00,7.0,183.0,56.689133,-115.293317,Provincial Land,Lightning,"161,84"
2021,EWF089,2021-07-01 19:44:00,7.0,182.0,53.10645,-116.440117,Provincial Land,Lightning,"154,73"
2021,GWF057,2021-07-01 19:04:00,7.0,182.0,54.197533,-117.783383,Provincial Land,Lightning,"153,78"
2021,LWF131,2021-07-02 19:30:00,7.0,183.0,56.015167,-110.856917,Provincial Land,Lightning,"169,79"
2020,RWF056,2020-10-01 14:30:00,10.0,275.0,51.8454,-114.899967,Private Land,Resident,"155,68"
2021,HWF041,2021-06-04 19:00:00,6.0,155.0,58.547408,-116.35074,Private Land,Resident,"162,91"
2021,MWF017,2021-06-05 16:48:00,6.0,156.0,56.990333,-110.883667,Provincial Land,Lightning,"170,82"
2021,SWF046,2021-06-05 17:34:00,6.0,156.0,56.546167,-115.097,Provincial Land,Power Line Industry,"161,84"
2021,SWF047,2021-06-05 18:40:00,6.0,156.0,57.167767,-114.726333,Provincial Land,Lightning,"163,86"
2021,SWF048,2021-06-05 19:13:00,6.0,156.0,56.9425,-115.400167,Provincial Land,Lightning,"161,85"
2021,MWF019,2021-06-05 19:05:00,6.0,156.0,58.96095,-111.051883,Provincial Land,Lightning,"171,89"
2021,SWF050,2021-06-05 19:31:00,6.0,156.0,56.665317,-113.654167,Provincial Land,Lightning,"164,83"
2021,SWF053,2021-06-05 20:10:00,6.0,156.0,56.75375,-115.012417,Provincial Land,Lightning,"162,84"
2021,HWF043,2021-06-05 20:32:00,6.0,156.0,58.613677,-118.675017,Provincial Land,Resident,"158,93"
2021,EWF061,2021-06-06 06:00:00,6.0,157.0,53.885902,-119.087768,Provincial Land,Recreation,"150,78"
2021,SWF056,2021-06-06 10:35:00,6.0,157.0,56.505483,-113.937317,Provincial Land,Lightning,"163,83"
2021,PWF026,2021-06-06 11:45:00,6.0,157.0,56.502883,-119.427417,Provincial Land,Lightning,"153,87"
2021,WWF041,2021-06-04 19:20:00,6.0,155.0,54.469878,-117.287598,Provincial Land,Lightning,"154,78"
2021,GWF041,2021-01-15 15:00:00,1.0,15.0,55.683105,-119.02743,Private Land,Resident,"153,84"
2021,EWF120,2021-07-10 16:05:00,7.0,191.0,53.6536,-117.607133,Provincial Land,Lightning,"152,76"
2021,SWF107,2021-07-13 16:02:00,7.0,194.0,54.818333,-115.356,Provincial Land,Lightning,"158,78"
2021,EWF121,2021-07-10 09:47:00,7.0,191.0,53.851217,-118.692383,Provincial Land,Lightning,"150,78"
2021,GWF072,2021-07-09 17:00:00,7.0,190.0,54.454867,-118.633883,Provincial Land,Lightning,"151,79"
2021,LWF181,2021-08-07 19:40:00,8.0,219.0,54.876583,-112.274933,Private Land,Power Line Industry,"165,76"
2021,WWF091,2021-07-13 20:36:00,7.0,194.0,54.722467,-115.596883,Provincial Land,Lightning,"158,78"
2021,WWF100,2021-07-26 10:32:00,7.0,207.0,54.229378,-116.226662,Provincial Land,Oil & Gas Industry,"156,77"
2021,GWF073,2021-07-13 18:00:00,7.0,194.0,54.760833,-117.27585,Private Land,Agriculture Industry,"155,79"
2021,SWF112,2021-07-13 16:45:00,7.0,194.0,54.7775,-116.1813,Provincial Land,Lightning,"157,79"
2020,CWF197,2020-10-01 17:30:00,10.0,275.0,51.139333,-114.889333,Indian Reservation,Resident,"155,65"
2020,EWF059,2020-10-08 10:00:00,10.0,282.0,53.888973,-116.453728,Provincial Land,Undetermined,"155,76"
2021,SWF005,2021-04-16 23:30:00,4.0,106.0,55.855583,-115.138333,Provincial Land,Power Line Industry,"160,81"
2021,EWF029,2021-04-17 14:13:00,4.0,107.0,53.6002,-116.2014,Private Land,Agriculture Industry,"155,75"
2021,MWF002,2020-04-16 17:00:00,4.0,107.0,56.425933,-111.16075,Indian Reservation,Resident,"168,81"
2021,RWF017,2021-04-17 13:00:00,4.0,107.0,52.244417,-114.880517,Private Land,Resident,"156,69"
2021,CWF013,2021-04-17 16:00:00,4.0,107.0,50.393883,-114.567367,Provincial Land,Recreation,"154,62"
2021,LWF020,2021-04-17 17:00:00,4.0,107.0,54.850633,-114.074333,Provincial Land,Power Line Industry,"161,77"
2021,EWF030,2021-04-17 20:45:00,4.0,107.0,53.862477,-119.141297,Private Land,Undetermined,"150,78"
2021,GWF012,2021-04-16 22:00:00,4.0,106.0,54.952656,-119.802533,Private Land,Incendiary,"150,82"
2021,LWF022,2021-04-19 19:00:00,4.0,109.0,54.94855,-114.039467,Provincial Land,Undetermined,"161,77"
2021,MWF037,2021-06-28 16:02:00,6.0,179.0,56.6429,-110.574767,Provincial Land,Lightning,"170,81"
2021,PWF033,2021-07-03 13:28:00,7.0,184.0,56.437217,-117.290867,Provincial Land,Power Line Industry,"157,85"
2021,EWF094,2021-07-02 05:09:00,7.0,183.0,53.39035,-115.406767,Provincial Land,Lightning,"156,73"
2021,SWF075,2021-07-03 15:00:00,7.0,184.0,54.845233,-115.36055,Provincial Land,Power Line Industry,"158,78"
2021,WWF075,2021-07-02 17:46:00,7.0,183.0,54.078945,-116.937408,Provincial Land,Lightning,"154,77"
2021,EWF101,2021-07-01 18:37:00,7.0,182.0,53.731333,-116.982633,Provincial Land,Lightning,"154,76"
2021,CWF071,2021-07-03 12:00:00,7.0,184.0,51.633648,-115.106918,Provincial Land,Recreation,"155,67"
2021,CWF074,2021-07-04 06:00:00,7.0,185.0,49.9052,-114.390933,Provincial Land,Recreation,"154,60"
2020,SWF062,2020-08-18 18:00:00,8.0,231.0,54.830233,-115.486083,Provincial Land,Lightning,"158,78"
2020,GWF042,2020-09-18 15:00:00,9.0,262.0,54.860717,-118.682083,Provincial Land,Power Line Industry,"152,81"
2020,PWF050,2020-09-24 01:00:00,9.0,268.0,57.730317,-117.232517,Provincial Land,Power Line Industry,"159,89"
2020,CWF196,2020-09-28 22:00:00,9.0,272.0,51.1666,-114.9065,Indian Reservation,Incendiary,"155,65"
2020,CWF195,2020-09-19 14:00:00,9.0,263.0,50.227333,-114.400217,Provincial Land,Recreation,"154,62"
2021,RWF044,2021-06-11 15:00:00,6.0,162.0,52.145383,-114.860467,Private Land,Resident,"156,69"
2021,GWF043,2021-06-11 16:27:00,6.0,162.0,54.633252,-117.094368,Private Land,Agriculture Industry,"155,79"
2021,GWF074,2021-07-14 13:20:00,7.0,195.0,54.840133,-117.271833,Provincial Land,Other Industry,"155,80"
2021,MWF080,2021-07-13 12:25:00,7.0,194.0,57.0536,-112.3912,Provincial Land,Lightning,"167,84"
2021,WWF092,2021-07-14 15:52:00,7.0,195.0,54.091033,-115.593,Private Land,Resident,"157,76"
2021,MWF081,2021-07-11 18:23:00,7.0,192.0,56.200717,-111.521433,Provincial Land,Lightning,"168,80"
2021,GWF076,2021-07-14 18:00:00,7.0,195.0,55.557283,-119.757833,Provincial Land,Oil & Gas Industry,"151,84"
2021,GWF077,2021-07-09 17:30:00,7.0,190.0,54.521883,-117.854383,Provincial Land,Lightning,"153,79"
2021,LWF023,2021-04-20 13:30:00,4.0,110.0,55.917967,-110.7382,Indian Reservation,Incendiary,"169,79"
2021,CWF015,2021-04-19 12:00:00,4.0,109.0,51.167067,-114.91205,Indian Reservation,Resident,"155,65"
2021,LWF026,2021-04-20 17:00:00,4.0,110.0,55.9353,-110.72195,Indian Reservation,Incendiary,"169,79"
2021,PWF004,2021-04-21 12:30:00,4.0,111.0,56.5762,-117.7208,Private Land,Undetermined,"156,86"
2021,PWF006,2021-04-22 20:00:00,4.0,112.0,56.249583,-117.517683,Provincial Land,Resident,"156,85"
2021,LWF029,2021-04-23 15:00:00,4.0,113.0,54.617382,-111.845642,Indian Reservation,Resident,"165,75"
2021,SWF009,2021-04-23 22:00:00,4.0,113.0,55.406067,-116.177133,Indian Reservation,Resident,"158,81"
2021,EWF034,2021-04-24 17:00:00,4.0,114.0,53.68407,-115.942483,Private Land,Resident,"156,75"
2021,LWF032,2021-04-24 17:00:00,4.0,114.0,54.537983,-111.227483,Provincial Land,Incendiary,"166,74"
2021,LWF034,2021-04-24 19:55:00,4.0,114.0,54.453583,-111.2027,Provincial Land,Incendiary,"166,74"
2021,GWF013,2021-04-24 16:45:00,4.0,114.0,55.463792,-119.913262,Provincial Land,Undetermined,"151,84"
2021,LWF037,2021-04-25 09:00:00,4.0,115.0,54.439917,-111.206183,Provincial Land,Incendiary,"166,74"
2021,CWF077,2021-07-04 12:00:00,7.0,185.0,51.631035,-115.088485,Private Land,Recreation,"155,67"
2021,GWF059,2021-07-04 18:00:00,7.0,185.0,55.038083,-119.0903,Private Land,Agriculture Industry,"151,82"
2021,MWF038,2021-07-04 18:00:00,7.0,185.0,56.759,-111.6702,Provincial Land,Incendiary,"168,82"
2021,EWF102,2021-07-01 17:48:00,7.0,182.0,52.947783,-116.697483,Provincial Land,Lightning,"153,73"
2021,EWF103,2021-07-06 08:00:00,7.0,187.0,53.381488,-117.694832,Provincial Land,Recreation,"152,75"
2021,SWF077,2021-07-04 18:00:00,7.0,185.0,57.09944,-113.724942,Provincial Land,Lightning,"164,85"
2020,LWF097,2020-08-26 09:00:00,8.0,239.0,55.868533,-110.806683,Provincial Land,Incendiary,"169,79"
2020,GWF045,2020-10-04 12:00:00,10.0,278.0,55.93375,-117.862333,Provincial Land,Undetermined,"155,84"
2021,CWF002,2021-01-28 08:00:00,1.0,28.0,49.587753,-114.378655,Provincial Land,Recreation,"154,59"
2021,EWF005,2021-03-08 11:00:00,3.0,67.0,53.814632,-116.462387,Provincial Land,Forest Industry,"155,75"
2021,EWF041,2021-05-15 11:30:00,5.0,135.0,53.5757,-116.228967,Provincial Land,Undetermined,"155,74"
2021,RWF028,2021-05-15 12:00:00,5.0,135.0,52.306133,-115.229434,Private Land,Resident,"155,69"
2021,RWF029,2021-05-15 18:30:00,5.0,135.0,53.045585,-115.015775,Provincial Land,Power Line Industry,"157,72"
2021,CWF023,2021-05-15 18:45:00,5.0,135.0,50.8748,-114.824,Provincial Land,Recreation,"154,64"
2021,SWF030,2021-05-16 11:00:00,5.0,136.0,55.24665,-114.715317,Provincial Land,Resident,"160,79"
2021,SWF031,2021-05-16 11:05:00,5.0,136.0,55.22295,-114.6092,Provincial Land,Resident,"160,79"
2021,EWF044,2021-05-14 12:00:00,5.0,134.0,53.802383,-118.828217,Provincial Land,Recreation,"150,77"
2021,GWF033,2021-05-16 12:15:00,5.0,136.0,54.653983,-117.09125,Private Land,Resident,"155,79"
2021,EWF123,2021-07-09 19:16:00,7.0,190.0,53.32825,-117.532517,Provincial Land,Lightning,"152,75"
2021,MWF082,2021-07-10 17:54:00,7.0,191.0,57.506667,-113.605,Provincial Land,Lightning,"165,86"
2021,LWF156,2021-07-15 10:00:00,7.0,196.0,55.630683,-112.141117,Provincial Land,Lightning,"166,79"
2021,LWF157,2021-07-15 12:00:00,7.0,196.0,55.64175,-112.104283,Provincial Land,Lightning,"166,79"
2021,GWF078,2021-07-15 12:00:00,7.0,196.0,55.517217,-118.7544,Provincial Land,Incendiary,"153,83"
2021,LWF159,2021-07-15 13:15:00,7.0,196.0,55.142767,-111.323933,Provincial Land,Lightning,"167,76"
2021,EWF124,2021-07-10 14:29:00,7.0,191.0,53.517167,-119.25475,Provincial Park,Lightning,"149,77"
2021,EWF125,2021-07-10 13:47:00,7.0,191.0,53.729783,-119.455617,Provincial Land,Lightning,"149,78"
2021,RWF068,2021-07-13 17:00:00,7.0,194.0,52.75973,-115.553228,Provincial Land,Lightning,"155,71"
2021,MWF083,2021-07-11 17:28:00,7.0,192.0,56.534444,-112.563975,Provincial Land,Lightning,"166,82"
2021,EWF126,2021-07-15 14:30:00,7.0,196.0,53.603717,-116.98415,Provincial Land,Lightning,"153,75"
2021,GWF079,2021-07-15 15:30:00,7.0,196.0,55.009333,-116.845383,Private Land,Agriculture Industry,"156,80"
2021,LWF162,2021-07-15 16:15:00,7.0,196.0,55.124267,-111.024433,Provincial Land,Lightning,"167,76"
2021,GWF080,2021-07-13 18:00:00,7.0,194.0,54.848366,-119.479702,Provincial Land,Lightning,"150,82"
2021,PWF043,2021-07-14 21:00:00,7.0,195.0,56.621848,-117.463295,Provincial Land,Recreation,"157,86"
2021,SWF114,2021-07-14 18:00:00,7.0,195.0,55.63335,-113.9934,Provincial Land,Lightning,"162,80"
2021,MWF084,2021-07-15 15:32:00,7.0,196.0,56.450183,-112.268833,Provincial Land,Lightning,"166,81"
2021,LWF164,2021-07-15 16:00:00,7.0,196.0,56.129067,-111.210133,Provincial Land,Lightning,"168,80"
2021,LWF163,2021-07-15 16:30:00,7.0,196.0,55.179633,-111.687533,DND,Lightning,"166,77"
2021,GWF081,2021-07-10 19:00:00,7.0,191.0,54.590583,-118.53025,Provincial Land,Lightning,"152,80"
2020,WWF038,2020-10-02 00:00:00,10.0,276.0,54.048667,-115.4551,Provincial Land,Undetermined,"157,75"
2020,SWF067,2020-10-12 16:00:00,10.0,286.0,55.300367,-114.734533,Provincial Land,Resident,"160,79"
2020,CWF218,2020-12-06 12:00:00,12.0,341.0,50.95945,-115.073367,Provincial Land,Recreation,"154,65"
2021,EWF004,2021-03-08 10:00:00,3.0,67.0,53.319083,-117.70325,Provincial Land,Oil & Gas Industry,"152,75"
2021,GWF014,2021-04-24 22:00:00,4.0,114.0,55.029,-118.6592,Provincial Land,Recreation,"152,81"
2021,MWF004,2021-04-25 16:55:00,4.0,115.0,56.43125,-111.312217,Provincial Land,Resident,"168,81"
2021,LWF041,2021-04-25 17:50:00,4.0,115.0,54.51545,-110.390017,Provincial Land,Incendiary,"168,74"
2021,GWF016,2021-04-26 11:30:00,4.0,116.0,54.646367,-117.05,Private Land,Resident,"155,79"
2021,RWF018,2021-04-26 12:00:00,4.0,116.0,52.344684,-115.050209,Provincial Land,Recreation,"156,69"
2021,EWF035,2021-04-28 13:30:00,4.0,118.0,53.486033,-117.437467,Provincial Land,Incendiary,"152,75"
2021,WWF078,2021-07-02 08:00:00,7.0,183.0,54.195297,-115.594528,Provincial Land,Lightning,"157,76"
2021,WWF079,2021-07-09 15:30:00,7.0,190.0,54.137505,-116.449272,Provincial Land,Lightning,"155,77"
2021,WWF080,2021-07-09 18:05:00,7.0,190.0,54.334293,-117.326545,Provincial Land,Lightning,"154,78"
2021,GWF067,2021-07-09 16:42:00,7.0,190.0,54.354683,-117.673417,Provincial Land,Lightning,"153,78"
2021,MWF043,2021-07-08 19:00:00,7.0,189.0,57.567883,-110.926867,Provincial Land,Lightning,"170,84"
2021,SWF081,2021-07-09 21:30:00,7.0,190.0,55.2556,-116.476017,Provincial Land,Power Line Industry,"157,80"
2021,EWF109,2021-07-10 11:38:00,7.0,191.0,53.315167,-116.668333,Provincial Land,Lightning,"154,74"
2021,CWF080,2021-07-10 07:30:00,7.0,191.0,51.26755,-114.969017,Provincial Land,Recreation,"155,66"
2021,RWF064,2021-07-10 13:00:00,7.0,191.0,53.02195,-115.066833,Provincial Land,Power Line Industry,"157,72"
2021,SWF082,2021-07-10 15:30:00,7.0,191.0,56.2905,-114.0455,Provincial Land,Lightning,"163,82"
2021,WWF082,2021-07-10 11:42:00,7.0,191.0,54.085143,-116.877792,Provincial Land,Lightning,"154,77"
2021,LWF134,2021-07-10 16:00:00,7.0,191.0,56.21275,-112.989483,Provincial Land,Lightning,"165,81"
2021,MWF049,2021-07-10 17:00:00,7.0,191.0,56.642717,-111.917683,Provincial Land,Lightning,"167,82"
2021,MWF051,2021-07-10 17:31:00,7.0,191.0,56.405667,-112.418317,Provincial Land,Lightning,"166,81"
2021,WWF086,2021-07-02 03:57:00,7.0,183.0,54.198167,-116.25975,Provincial Land,Lightning,"156,77"
2021,EWF111,2021-07-10 18:15:00,7.0,191.0,53.538,-116.826333,Provincial Land,Power Line Industry,"154,75"
2021,SWF033,2021-05-22 20:00:00,5.0,142.0,55.372833,-115.949,Private Land,Other Industry,"158,80"
2021,CWF045,2021-05-23 12:00:00,5.0,143.0,51.286347,-115.117218,Provincial Land,Recreation,"154,66"
2021,EWF052,2021-05-23 13:30:00,5.0,143.0,53.385367,-117.6567,Provincial Land,Recreation,"152,75"
2021,CWF046,2021-05-23 12:00:00,5.0,143.0,51.63377,-115.106758,Provincial Land,Recreation,"155,67"
2021,CWF049,2021-05-23 18:00:00,5.0,143.0,51.271903,-114.98806,Provincial Land,Recreation,"154,66"
2021,CWF050,2021-05-23 18:00:00,5.0,143.0,51.255142,-114.821548,Provincial Land,Recreation,"155,65"
2021,HWF034,2021-05-24 09:02:00,5.0,144.0,58.455783,-114.525183,Indian Reservation,Incendiary,"165,90"
2021,HWF033,2021-05-23 18:38:00,5.0,143.0,58.7196,-118.748733,Indian Reservation,Incendiary,"158,94"
2021,EWF054,2021-05-23 23:10:00,5.0,143.0,53.685597,-116.097497,Private Land,Agriculture Industry,"155,75"
2021,CWF052,2021-05-24 06:00:00,5.0,144.0,51.631058,-115.090592,Private Land,Recreation,"155,67"
2021,CWF053,2021-05-24 12:00:00,5.0,144.0,51.63361,-115.089393,Provincial Land,Recreation,"155,67"
2021,CWF055,2021-05-24 12:00:00,5.0,144.0,49.3651,-114.317033,Provincial Park,Recreation,"154,58"
2021,SWF034,2021-05-24 08:00:00,5.0,144.0,55.320717,-114.055883,Provincial Land,Recreation,"162,79"
2021,CWF057,2021-05-24 12:00:00,5.0,144.0,51.63315,-115.106717,Provincial Land,Recreation,"155,67"
2021,SWF035,2021-05-24 16:30:00,5.0,144.0,55.955367,-113.772583,Indian Reservation,Incendiary,"163,81"
2021,LWF083,2021-05-23 20:30:00,5.0,143.0,55.025425,-113.946299,Provincial Land,Power Line Industry,"161,78"
2021,LWF085,2021-05-24 21:30:00,5.0,144.0,55.335383,-113.307033,Provincial Land,Resident,"163,78"
2021,SWF037,2021-05-24 20:00:00,5.0,144.0,55.814217,-116.315831,Metis Settlement,Undetermined,"158,82"
2021,WWF024,2021-05-21 19:00:00,5.0,141.0,54.365967,-116.915667,Provincial Land,Recreation,"155,78"
2021,PWF021,2021-01-18 12:00:00,1.0,18.0,57.8195,-117.8834,Private Land,Agriculture Industry,"158,90"
2021,WWF025,2021-05-25 16:25:00,5.0,145.0,54.406925,-114.878495,Private Land,Resident,"159,76"
2020,GWF047,2020-10-06 07:00:00,10.0,280.0,55.071483,-118.212267,Provincial Land,Recreation,"153,81"
2021,RWF088,2021-08-10 15:00:00,8.0,222.0,52.0037,-115.457867,Provincial Land,Forest Industry,"154,69"
2021,GWF089,2021-08-05 18:00:00,8.0,217.0,55.743314,-119.429922,Provincial Land,Lightning,"152,84"
2021,PWF051,2021-08-11 19:50:00,8.0,223.0,56.538267,-117.682417,Private Land,Power Line Industry,"156,86"
2021,WWF113,2021-07-29 02:29:00,7.0,210.0,54.332195,-117.3283,Provincial Land,Lightning,"154,78"
2021,PWF009,2021-04-28 21:29:00,4.0,118.0,56.438667,-116.096717,Provincial Land,Resident,"159,84"
2021,EWF036,2021-04-30 11:00:00,4.0,120.0,53.414,-115.785417,Provincial Land,Recreation,"156,74"
2021,GWF019,2021-04-29 18:00:00,4.0,119.0,55.2097,-117.92305,Private Land,Forest Industry,"154,81"
2021,RWF020,2021-05-01 11:00:00,5.0,121.0,52.697917,-115.280417,Indian Reservation,Resident,"156,71"
2021,EWF037,2021-05-01 14:35:00,5.0,121.0,53.610417,-115.684917,Provincial Land,Power Line Industry,"156,74"
2021,CWF017,2021-05-01 12:00:00,5.0,121.0,49.64555,-114.488083,Private Land,Resident,"153,60"
2021,RWF023,2021-05-03 16:10:00,5.0,123.0,52.70575,-115.32885,Indian Reservation,Undetermined,"156,71"
2021,LWF048,2021-05-04 14:30:00,5.0,124.0,54.86875,-112.241933,Private Land,Resident,"165,76"
2021,SWF017,2021-05-04 16:30:00,5.0,124.0,55.939267,-113.778567,Indian Reservation,Resident,"163,81"
2021,LWF051,2021-05-05 14:30:00,5.0,125.0,55.930833,-110.725,Indian Reservation,Incendiary,"169,79"
2021,GWF025,2021-05-05 16:22:00,5.0,125.0,54.942417,-118.8821,Private Land,Resident,"152,81"
2021,LWF057,2021-05-06 15:30:00,5.0,126.0,55.934917,-110.721167,Indian Reservation,Incendiary,"169,79"
2021,PWF010,2021-03-24 12:00:00,3.0,83.0,56.045017,-116.810283,Private Land,Agriculture Industry,"157,83"
2021,GWF027,2020-11-01 12:00:00,11.0,306.0,55.0109,-117.3798,Private Land,Resident,"155,80"
2021,EWF038,2021-05-06 18:40:00,5.0,126.0,53.610817,-115.6723,Provincial Land,Agriculture Industry,"156,74"
2021,LWF058,2021-05-06 18:50:00,5.0,126.0,55.934683,-110.719783,Indian Reservation,Incendiary,"169,79"
2021,EWF104,2021-07-01 17:47:00,7.0,182.0,53.504217,-116.961783,Provincial Land,Lightning,"153,75"
2021,MWF040,2021-07-04 18:30:00,7.0,185.0,57.58725,-110.412733,Provincial Land,Lightning,"171,84"
2021,PWF035,2021-07-09 19:00:00,7.0,190.0,57.5601,-118.081917,Provincial Land,Lightning,"157,89"
2021,WWF081,2021-07-09 16:25:00,7.0,190.0,54.517993,-116.995407,Provincial Land,Government,"155,78"
2021,LWF132,2021-07-10 15:00:00,7.0,191.0,56.18775,-112.63705,Provincial Land,Lightning,"165,81"
2021,PWF038,2021-07-09 19:00:00,7.0,190.0,57.55435,-118.03065,Provincial Land,Lightning,"157,89"
2021,SWF079,2021-07-09 19:44:00,7.0,190.0,54.76975,-116.709683,Provincial Land,Lightning,"156,79"
2021,WWF083,2021-07-09 20:00:00,7.0,190.0,54.048683,-115.860077,Provincial Land,Power Line Industry,"156,76"
2021,LWF133,2021-07-10 16:00:00,7.0,191.0,56.199517,-112.787067,Provincial Land,Lightning,"165,81"
2021,MWF045,2021-07-10 15:00:00,7.0,191.0,57.0875,-110.750167,Provincial Land,Lightning,"170,83"
2021,MWF046,2021-07-10 15:00:00,7.0,191.0,57.073667,-110.805667,Provincial Land,Lightning,"170,83"
2021,SWF085,2021-07-10 15:00:00,7.0,191.0,55.73135,-115.14685,Provincial Land,Lightning,"160,81"
2021,MWF052,2021-07-10 17:11:00,7.0,191.0,56.358283,-111.656017,Provincial Land,Lightning,"167,81"
2021,MWF059,2021-07-10 18:47:00,7.0,191.0,57.0999,-110.594483,Provincial Land,Lightning,"170,83"
2021,SWF088,2021-07-10 18:45:00,7.0,191.0,56.98765,-113.426767,Provincial Land,Lightning,"165,84"
2021,SWF089,2021-07-10 19:20:00,7.0,191.0,57.145667,-113.483,Provincial Land,Lightning,"165,85"
2021,SWF090,2021-07-10 19:00:00,7.0,191.0,57.119667,-113.546667,Provincial Land,Lightning,"165,85"
2021,EWF115,2021-07-10 18:44:00,7.0,191.0,53.51375,-115.023283,Provincial Land,Lightning,"157,73"
2021,LWF140,2021-07-10 20:00:00,7.0,191.0,55.080267,-110.63675,DND,Lightning,"168,76"
2021,WWF116,2021-08-15 14:13:00,8.0,227.0,54.093442,-115.598392,Private Land,Resident,"157,76"
2021,RWF089,2021-08-12 13:25:00,8.0,224.0,52.489883,-116.040667,Provincial Land,Undetermined,"154,71"
2021,GWF090,2021-08-05 18:00:00,8.0,217.0,54.680221,-119.017041,Provincial Land,Lightning,"151,81"
2021,PWF052,2021-08-07 23:00:00,8.0,219.0,57.67745,-117.880983,Provincial Land,Lightning,"158,90"
2021,RWF090,2021-08-12 19:12:00,8.0,224.0,52.76145,-115.347283,Indian Reservation,Incendiary,"156,71"
2021,LWF183,2021-08-12 22:30:00,8.0,224.0,55.228367,-113.196383,Provincial Land,Resident,"163,78"
2021,LWF059,2021-05-06 22:00:00,5.0,126.0,54.61965,-111.67855,Provincial Land,Resident,"165,75"
2021,HWF006,2021-05-07 07:00:00,5.0,127.0,58.71735,-118.741817,Indian Reservation,Incendiary,"158,94"
2021,HWF007,2021-05-07 10:55:00,5.0,127.0,58.3694,-116.570367,Provincial Land,Resident,"161,91"
2021,PWF011,2021-05-07 03:00:00,5.0,127.0,56.456883,-117.662867,Provincial Land,Power Line Industry,"156,85"
2021,RWF025,2021-05-06 09:00:00,5.0,126.0,52.988917,-115.016533,Provincial Land,Undetermined,"157,72"
2021,SWF023,2021-02-01 10:00:00,2.0,32.0,56.524967,-115.287867,Provincial Land,Forest Industry,"161,84"
2021,LWF060,2021-04-07 14:26:00,4.0,97.0,55.922017,-110.7371,Indian Reservation,Government,"169,79"
2021,LWF061,2021-05-07 15:36:00,5.0,127.0,55.935883,-110.721183,Indian Reservation,Incendiary,"169,79"
2021,PWF013,2021-05-07 13:00:00,5.0,127.0,57.14725,-117.274783,Private Land,Power Line Industry,"158,87"
2021,MWF005,2021-05-07 18:00:00,5.0,127.0,57.054267,-111.81405,Provincial Land,Oil & Gas Industry,"168,83"
2021,MWF006,2021-05-08 11:05:00,5.0,128.0,56.934316,-111.547223,Provincial Land,Recreation,"168,83"
2021,MWF008,2021-05-08 16:00:00,5.0,128.0,56.846684,-111.441601,Provincial Land,Recreation,"168,82"
2021,MWF007,2021-05-08 15:50:00,5.0,128.0,56.974037,-111.481133,Provincial Land,Power Line Industry,"168,83"
2021,LWF066,2021-05-10 00:05:00,5.0,130.0,54.484667,-111.285617,Provincial Land,Incendiary,"166,74"
2021,LWF067,2021-05-10 00:01:00,5.0,130.0,54.486117,-111.300433,Provincial Land,Incendiary,"166,74"
2020,CWF194,2020-09-26 06:00:00,9.0,270.0,50.851733,-114.61855,Provincial Land,Recreation,"155,64"
2020,CWF216,2020-12-01 12:00:00,12.0,336.0,50.107708,-114.136154,Provincial Land,Recreation,"155,61"
2021,MWF067,2021-07-10 17:41:00,7.0,191.0,57.153667,-112.768,Provincial Land,Lightning,"166,84"
2021,LWF148,2021-07-11 14:30:00,7.0,192.0,56.023117,-110.801917,Provincial Land,Lightning,"169,79"
2021,LWF150,2021-07-11 16:33:00,7.0,192.0,54.520342,-111.652457,Private Land,Agriculture Industry,"165,74"
2021,PWF041,2021-07-11 20:00:00,7.0,192.0,56.621217,-117.296083,Private Land,Agriculture Industry,"157,86"
2021,LWF152,2021-07-12 14:00:00,7.0,193.0,55.651867,-112.18075,Provincial Land,Lightning,"166,79"
2021,MWF073,2021-07-10 18:37:00,7.0,191.0,57.320267,-110.793533,Provincial Land,Lightning,"170,84"
2021,MWF074,2021-07-12 16:00:00,7.0,193.0,57.203233,-110.7275,Provincial Land,Lightning,"170,83"
2021,MWF075,2021-07-11 20:13:00,7.0,192.0,56.318427,-111.449743,Provincial Land,Lightning,"168,80"
2021,SWF102,2021-07-13 15:30:00,7.0,194.0,55.014667,-115.51805,Provincial Land,Lightning,"158,79"
2021,SWF103,2021-07-13 15:40:00,7.0,194.0,54.804207,-115.441827,Provincial Land,Lightning,"158,78"
2021,GWF071,2021-07-09 17:00:00,7.0,190.0,54.926117,-119.008917,Provincial Land,Lightning,"151,81"
2021,HWF061,2021-07-13 16:00:00,7.0,194.0,58.392617,-116.489217,Private Land,Agriculture Industry,"161,91"
2021,RWF070,2021-07-23 16:32:00,7.0,204.0,51.705633,-115.343833,Provincial Land,Incendiary,"154,67"
2021,RWF072,2021-07-23 10:00:00,7.0,204.0,53.113918,-115.448298,Provincial Land,Lightning,"156,72"
2021,CWF091,2021-07-23 17:00:00,7.0,204.0,51.072767,-115.329117,Provincial Land,Undetermined,"153,65"
2021,SWF118,2021-07-24 15:30:00,7.0,205.0,54.76805,-116.690083,Provincial Land,Power Line Industry,"156,79"
2021,RWF073,2021-07-26 15:00:00,7.0,207.0,52.56305,-115.889467,Provincial Land,Lightning,"154,71"
2020,GWF040,2020-08-15 12:00:00,8.0,228.0,55.966919,-119.676596,Private Land,Resident,"152,85"
2021,SWF121,2021-07-27 13:00:00,7.0,208.0,55.085033,-115.588233,Provincial Land,Power Line Industry,"158,79"
2021,WWF103,2021-07-29 00:44:00,7.0,210.0,54.405007,-117.474685,Provincial Land,Lightning,"154,78"
2021,LWF167,2021-07-29 15:10:00,7.0,210.0,55.0805,-112.455067,Private Land,Agriculture Industry,"164,77"
2021,RWF077,2021-07-30 10:00:00,7.0,211.0,51.95634,-115.202317,Provincial Land,Recreation,"155,68"
2021,MWF092,2021-07-27 20:12:00,7.0,208.0,56.399383,-111.466067,Provincial Land,Lightning,"168,81"
2021,HWF062,2021-07-31 06:00:00,7.0,212.0,58.570977,-116.946712,Private Land,Agriculture Industry,"161,92"
2021,EWF144,2021-07-31 12:00:00,7.0,212.0,53.82995,-119.005283,Provincial Land,Recreation,"150,78"
2021,CWF099,2021-08-01 12:00:00,8.0,213.0,51.39175,-115.102583,Provincial Land,Recreation,"154,66"
2021,CWF098,2021-07-31 16:00:00,7.0,212.0,50.007533,-114.070083,Provincial Land,Recreation,"155,60"
2021,HWF009,2021-05-09 18:20:00,5.0,129.0,58.17752,-116.345235,Private Land,Agriculture Industry,"161,90"
2021,GWF029,2021-05-10 16:45:00,5.0,130.0,55.241432,-117.305167,Private Land,Agriculture Industry,"155,81"
2021,SWF025,2021-05-11 15:36:00,5.0,131.0,55.288446,-114.83116,Provincial Land,Resident,"160,79"
2021,LWF074,2021-05-11 15:50:00,5.0,131.0,55.9259,-110.722383,Indian Reservation,Incendiary,"169,79"
2021,PWF015,2021-05-11 18:36:00,5.0,131.0,56.58325,-117.719,Private Land,Resident,"156,86"
2021,HWF015,2021-05-12 13:50:00,5.0,132.0,58.811783,-118.711035,Indian Reservation,Incendiary,"158,94"
2021,LWF077,2021-05-12 15:30:00,5.0,132.0,55.921433,-110.734533,Indian Reservation,Incendiary,"169,79"
2021,RWF027,2021-05-12 18:00:00,5.0,132.0,51.624833,-114.735,Private Land,Resident,"155,67"
2021,CWF020,2021-05-13 17:00:00,5.0,133.0,51.17705,-114.9498,Indian Reservation,Incendiary,"154,65"
2020,PWF049,2020-09-12 12:00:00,9.0,256.0,56.029853,-116.86792,Private Land,Agriculture Industry,"157,83"
2020,PWF054,2020-11-05 12:00:00,11.0,310.0,55.735933,-116.802983,Provincial Land,Forest Industry,"157,82"
2021,CWF001,2021-01-13 10:30:00,1.0,13.0,49.410191,-114.318843,Provincial Park,Power Line Industry,"154,59"
2021,SWF113,2021-07-13 17:00:00,7.0,194.0,54.841233,-115.93195,Provincial Land,Lightning,"157,79"
2021,LWF158,2021-07-15 13:30:00,7.0,196.0,55.086617,-111.352017,Provincial Land,Lightning,"167,76"
2021,LWF161,2021-07-15 16:00:00,7.0,196.0,55.108017,-111.044133,Provincial Land,Lightning,"167,76"
2021,EWF129,2021-07-16 21:10:00,7.0,197.0,53.351217,-115.4647,Provincial Land,Lightning,"156,73"
2021,WWF097,2021-07-21 19:40:00,7.0,202.0,54.188957,-117.32871,Provincial Land,Lightning,"154,77"
2021,RWF069,2021-07-23 16:05:00,7.0,204.0,52.780483,-115.194983,Provincial Land,Lightning,"156,71"
2021,WWF101,2021-07-27 00:15:00,7.0,208.0,54.741536,-115.186663,Provincial Land,Lightning,"159,78"
2021,MWF091,2021-07-27 17:23:00,7.0,208.0,56.647817,-112.787158,Provincial Land,Lightning,"166,82"
2021,EWF137,2021-07-29 17:40:00,7.0,210.0,52.966617,-116.8272,Provincial Land,Lightning,"153,73"
2021,EWF138,2021-07-29 17:43:00,7.0,210.0,53.982533,-117.757583,Provincial Land,Lightning,"152,77"
2021,GWF084,2021-07-09 18:00:00,7.0,190.0,54.324267,-117.749017,Provincial Land,Lightning,"153,78"
2021,RWF075,2021-07-29 19:44:00,7.0,210.0,52.758133,-116.806367,Provincial Land,Lightning,"153,72"
2021,LWF168,2021-07-29 23:45:00,7.0,210.0,55.0049,-111.76175,Provincial Land,Incendiary,"166,76"
2021,EWF140,2021-07-30 12:00:00,7.0,211.0,53.445583,-117.532133,Provincial Land,Recreation,"152,75"
2020,WWF034,2020-09-27 17:00:00,9.0,271.0,54.611728,-116.992828,Provincial Land,Resident,"155,79"
2020,CWF201,2020-10-08 16:40:00,10.0,282.0,51.615583,-115.15055,Provincial Land,Recreation,"155,67"
2020,CWF202,2020-10-09 12:00:00,10.0,283.0,50.852167,-114.618017,Provincial Land,Recreation,"155,64"
2020,CWF217,2020-12-06 16:00:00,12.0,341.0,51.1614,-114.816467,Indian Reservation,Resident,"155,65"
2021,EWF042,2021-05-15 14:00:00,5.0,135.0,53.480133,-115.874467,Provincial Land,Lightning,"156,74"
2021,HWF018,2021-05-20 09:05:00,5.0,140.0,58.527305,-115.161364,Indian Reservation,Incendiary,"164,90"
2021,LWF082,2021-05-22 11:45:00,5.0,142.0,54.549617,-111.256367,Provincial Land,Recreation,"166,74"
2021,EWF051,2021-05-22 15:45:00,5.0,142.0,53.7262,-116.58445,Provincial Land,Undetermined,"154,75"
2021,HWF027,2021-05-23 08:40:00,5.0,143.0,58.463758,-114.394088,Provincial Land,Resident,"165,90"
2021,CWF033,2021-05-23 06:00:00,5.0,143.0,51.573505,-114.990318,Provincial Land,Recreation,"155,67"
2021,CWF038,2021-05-23 12:00:00,5.0,143.0,51.278802,-115.073745,Provincial Land,Recreation,"154,66"
2021,CWF042,2021-05-23 12:00:00,5.0,143.0,51.285355,-115.143175,Provincial Land,Recreation,"154,66"
2020,CWF188,2020-09-13 06:00:00,9.0,257.0,50.853667,-114.615717,Provincial Land,Recreation,"155,64"
2021,WWF099,2021-07-21 23:08:00,7.0,202.0,54.274742,-115.180107,Private Land,Lightning,"158,76"
2021,SWF116,2021-07-21 21:45:00,7.0,202.0,57.026683,-115.303767,Provincial Land,Lightning,"161,85"
2021,SWF119,2021-07-25 15:00:00,7.0,206.0,56.090333,-113.386,Provincial Land,Lightning,"164,81"
2021,LWF166,2021-07-25 18:00:00,7.0,206.0,54.873038,-111.889238,Private Land,Agriculture Industry,"165,76"
2021,SWF120,2021-07-25 18:45:00,7.0,206.0,55.363667,-115.92455,Provincial Land,Power Line Industry,"158,80"
2021,SWF122,2021-07-27 19:00:00,7.0,208.0,55.63585,-116.403867,Provincial Land,Undetermined,"157,82"
2021,GWF082,2021-07-09 17:00:00,7.0,190.0,55.541128,-119.461078,Provincial Land,Lightning,"152,84"
2021,SWF124,2021-07-20 12:00:00,7.0,201.0,56.1727,-115.004767,Provincial Land,Lightning,"161,82"
2021,MWF093,2021-07-30 16:00:00,7.0,211.0,56.432233,-111.215167,Provincial Land,Incendiary,"168,81"
2021,PWF044,2021-07-30 18:00:00,7.0,211.0,56.77215,-116.176683,Provincial Land,Lightning,"159,85"
2021,CWF094,2021-07-31 12:00:00,7.0,212.0,50.006567,-114.065117,Provincial Land,Recreation,"155,60"
2021,LWF171,2021-07-31 17:00:00,7.0,212.0,55.028493,-111.661614,Provincial Land,Incendiary,"166,76"
2021,RWF079,2021-07-31 16:28:00,7.0,212.0,52.138383,-115.463367,Provincial Land,Recreation,"155,69"
2021,RWF080,2021-07-31 17:00:00,7.0,212.0,52.179763,-115.392357,Provincial Land,Recreation,"155,69"
2021,RWF081,2021-07-31 18:19:00,7.0,212.0,52.231792,-115.324135,Provincial Land,Recreation,"155,69"
2021,WWF105,2021-07-28 14:52:00,7.0,209.0,54.717617,-114.636417,Provincial Land,Lightning,"160,77"
2021,SWF126,2021-08-02 11:00:00,8.0,214.0,55.791333,-115.210483,Provincial Land,Power Line Industry,"160,81"
2020,CWF123,2020-08-20 18:00:00,8.0,233.0,49.67305,-114.591333,Provincial Land,Recreation,"153,60"
2021,LWF001,2021-02-10 09:00:00,2.0,41.0,55.268006,-112.126712,Provincial Land,Recreation,"165,77"
2021,CWF088,2021-07-20 12:00:00,7.0,201.0,51.393133,-115.090433,Provincial Land,Recreation,"154,66"
2021,CWF089,2021-07-21 12:00:00,7.0,202.0,49.975183,-114.4754,Provincial Land,Recreation,"154,61"
2021,WWF094,2021-07-21 22:07:00,7.0,202.0,54.094445,-115.81778,Provincial Land,Lightning,"157,76"
2021,CWF092,2021-07-24 16:10:00,7.0,205.0,50.96985,-115.1095,Provincial Land,Undetermined,"154,65"
2021,WWF102,2021-07-26 00:09:00,7.0,207.0,54.48465,-115.294283,Provincial Land,Lightning,"158,77"
2021,EWF134,2021-07-25 19:17:00,7.0,206.0,53.258,-117.341383,Provincial Land,Lightning,"152,74"
2021,WWF104,2021-07-29 00:52:00,7.0,210.0,54.413607,-117.466178,Provincial Land,Lightning,"154,78"
2021,MWF090,2021-07-27 20:11:00,7.0,208.0,56.400862,-111.480893,Provincial Land,Lightning,"168,81"
2021,EWF136,2021-07-29 18:01:00,7.0,210.0,52.926,-116.726333,Provincial Land,Lightning,"153,73"
2021,EWF142,2021-07-28 23:21:00,7.0,209.0,53.893417,-116.345383,Provincial Land,Lightning,"155,76"
2021,LWF170,2021-07-30 17:00:00,7.0,211.0,55.928367,-110.724567,Indian Reservation,Incendiary,"169,79"
2021,CWF096,2021-07-31 17:00:00,7.0,212.0,50.191517,-114.5503,Provincial Land,Recreation,"154,62"
2021,CWF095,2021-07-31 17:00:00,7.0,212.0,51.40321,-115.06485,Provincial Land,Recreation,"154,66"
2021,CWF100,2021-08-01 17:00:00,8.0,213.0,51.548467,-115.20025,Provincial Land,Recreation,"154,67"
2021,HWF064,2021-08-02 16:00:00,8.0,214.0,59.191817,-115.941833,Provincial Land,Lightning,"163,93"
2021,PWF047,2021-08-03 16:50:00,8.0,215.0,56.36528,-117.662783,Provincial Land,Other Industry,"156,85"
2021,SWF130,2021-08-03 17:15:00,8.0,215.0,56.988667,-113.318333,Provincial Land,Lightning,"165,84"
2021,SWF132,2021-08-03 17:40:00,8.0,215.0,56.4625,-113.309167,Provincial Land,Lightning,"164,82"
2021,MWF095,2021-08-03 17:50:00,8.0,215.0,57.3187,-111.889967,Provincial Land,Lightning,"168,84"
2021,HWF065,2021-08-03 20:10:00,8.0,215.0,58.920099,-119.542468,Provincial Land,Lightning,"157,95"
2021,MWF097,2021-08-03 18:08:00,8.0,215.0,56.47875,-112.622017,Provincial Land,Lightning,"166,82"
2021,RWF085,2021-08-04 14:05:00,8.0,216.0,51.848133,-114.918417,Private Land,Agriculture Industry,"155,68"
2021,EWF145,2021-07-16 21:10:00,7.0,197.0,53.314373,-115.355285,Provincial Land,Lightning,"156,73"
2021,HWF067,2021-08-03 19:00:00,8.0,215.0,59.44095,-116.8557,Provincial Land,Lightning,"162,95"
2021,CWF101,2021-08-05 06:00:00,8.0,217.0,49.885603,-114.005327,Provincial Land,Recreation,"155,60"
2021,SWF135,2021-08-03 17:15:00,8.0,215.0,56.1853,-113.523667,Provincial Land,Lightning,"164,81"
2021,SWF136,2021-08-04 19:55:00,8.0,216.0,56.466667,-113.20295,Provincial Land,Lightning,"165,82"
2021,LWF177,2021-08-05 16:00:00,8.0,217.0,54.990075,-111.02638,DND,Government,"167,76"
2021,PWF049,2021-08-04 15:30:00,8.0,216.0,57.1023,-119.862917,Provincial Land,Lightning,"153,89"
2021,LWF178,2021-08-05 16:00:00,8.0,217.0,55.693683,-111.283617,Provincial Land,Lightning,"167,78"
2021,LWF179,2021-08-05 17:20:00,8.0,217.0,55.191267,-111.19665,DND,Lightning,"167,76"
2020,PWF051,2020-10-02 17:00:00,10.0,276.0,55.818467,-116.595617,Provincial Land,Recreation,"157,82"
2020,PWF052,2020-10-03 18:00:00,10.0,277.0,56.660517,-117.654,Provincial Land,Resident,"157,86"
2020,CWF200,2020-10-07 12:00:00,10.0,281.0,50.980333,-114.96775,Provincial Land,Recreation,"154,65"
2020,RWF058,2020-10-25 12:00:00,10.0,299.0,51.7775,-115.904667,Provincial Land,Recreation,"153,68"
2021,PWF045,2021-08-02 09:52:00,8.0,214.0,56.26245,-117.373267,Provincial Land,Power Line Industry,"156,84"
2021,SWF131,2021-08-03 17:25:00,8.0,215.0,56.538083,-113.265117,Provincial Land,Lightning,"165,82"
2021,RWF084,2021-08-04 13:20:00,8.0,216.0,52.176915,-115.39801,Provincial Land,Recreation,"155,69"
2021,CWF102,2021-08-05 12:00:00,8.0,217.0,51.633733,-115.08605,Provincial Land,Recreation,"155,67"
2021,SWF139,2021-08-06 02:15:00,8.0,218.0,55.095917,-115.990367,Metis Settlement,Lightning,"158,79"
2021,GWF088,2021-08-05 21:00:00,8.0,217.0,55.546112,-117.883333,Provincial Land,Lightning,"155,82"
2021,MWF100,2021-08-06 17:41:00,8.0,218.0,56.94265,-111.551083,Provincial Land,Power Line Industry,"168,83"
2021,WWF096,2021-07-16 10:50:00,7.0,197.0,54.329762,-116.361938,Provincial Land,Lightning,"156,77"
2021,EWF002,2021-03-02 10:00:00,3.0,61.0,53.697367,-116.232967,Private Land,Agriculture Industry,"155,75"
2021,SWF125,2021-08-01 10:10:00,8.0,213.0,55.32605,-116.882417,Private Land,Agriculture Industry,"156,81"
2021,HWF063,2021-08-02 16:00:00,8.0,214.0,59.216957,-116.163392,Provincial Land,Lightning,"163,93"
2021,SWF137,2021-07-21 18:45:00,7.0,202.0,55.908633,-116.418667,Metis Settlement,Lightning,"158,83"
2021,WWF108,2021-07-26 11:36:00,7.0,207.0,54.335068,-115.772767,Provincial Land,Lightning,"157,77"
2021,SWF138,2021-08-06 02:30:00,8.0,218.0,56.181,-115.471967,Provincial Land,Lightning,"160,83"
2021,GWF087,2021-08-05 19:15:00,8.0,217.0,55.618367,-119.517583,Provincial Land,Lightning,"152,84"
2021,PWF050,2021-08-06 02:00:00,8.0,218.0,56.5896,-118.774133,Provincial Land,Lightning,"154,87"
2021,CWF103,2021-08-06 12:00:00,8.0,218.0,51.257083,-114.741083,Private Land,Resident,"155,65"
2020,CWF153,2020-09-02 12:00:00,9.0,246.0,49.366117,-114.2992,Provincial Land,Recreation,"154,58"
2020,CWF154,2020-09-02 12:00:00,9.0,246.0,49.456717,-114.39445,Provincial Land,Recreation,"153,59"
2020,GWF048,2020-10-03 22:00:00,10.0,277.0,54.836317,-118.795333,Provincial Land,Recreation,"152,81"
2021,LWF182,2021-08-11 11:00:00,8.0,223.0,54.4872,-111.4382,Provincial Land,Power Line Industry,"166,74"
2021,MWF022,2021-06-16 20:20:00,6.0,167.0,56.337181,-110.914495,Provincial Land,Power Line Industry,"169,80"
2021,SWF115,2021-07-22 21:30:00,7.0,203.0,55.0854,-115.6729,Provincial Land,Power Line Industry,"158,79"
2021,WWF098,2021-07-21 19:58:00,7.0,202.0,54.187393,-117.251495,Provincial Land,Lightning,"154,77"
2021,EWF131,2021-07-16 17:04:00,7.0,197.0,53.278837,-116.302157,Provincial Land,Lightning,"154,74"
2021,CWF090,2021-07-23 12:00:00,7.0,204.0,51.06975,-115.116233,Provincial Park,Undetermined,"154,65"
2021,RWF071,2021-07-23 17:30:00,7.0,204.0,51.712972,-115.379413,Provincial Land,Lightning,"154,67"
2021,SWF117,2021-07-24 13:30:00,7.0,205.0,54.84465,-115.43005,Provincial Land,Power Line Industry,"158,78"
2020,CWF138,2020-08-29 11:00:00,8.0,242.0,51.576633,-114.95955,Provincial Land,Recreation,"155,67"
2020,CWF137,2020-08-29 08:00:00,8.0,242.0,49.655567,-114.538233,Provincial Land,Recreation,"153,60"
2020,RWF048,2020-09-01 10:00:00,9.0,245.0,53.047133,-115.71375,Provincial Land,Forest Industry,"155,72"
2020,EWF053,2020-09-26 13:30:00,9.0,270.0,53.49855,-115.084517,Private Land,Resident,"157,73"
2021,SWF129,2021-08-03 15:45:00,8.0,215.0,56.450767,-113.695317,Provincial Land,Lightning,"164,82"
2021,LWF180,2021-08-07 10:00:00,8.0,219.0,55.457967,-112.00545,Provincial Land,Lightning,"166,78"
2021,HWF068,2021-07-28 12:00:00,7.0,209.0,58.583708,-116.908495,Private Land,Agriculture Industry,"161,92"
2021,LWF194,2021-08-21 16:00:00,8.0,233.0,55.242917,-111.6514,Provincial Land,Lightning,"166,77"
2021,CWF104,2021-08-07 15:00:00,8.0,219.0,51.614717,-115.148983,Provincial Land,Recreation,"155,67"
2021,RWF086,2021-08-08 13:29:00,8.0,220.0,52.907033,-115.38755,Provincial Land,Recreation,"156,72"
2021,PWF054,2021-08-20 14:00:00,8.0,232.0,56.438833,-116.127567,Private Land,Resident,"159,84"
2020,SWF066,2020-08-25 14:00:00,8.0,238.0,55.524253,-116.671775,Provincial Land,Resident,"157,81"
2020,CWF208,2020-10-10 18:00:00,10.0,284.0,50.8073,-114.62165,Provincial Land,Recreation,"155,64"
2021,LWF184,2021-01-08 12:00:00,1.0,8.0,55.678433,-112.2258,Provincial Land,Lightning,"166,79"
2021,LWF186,2021-08-13 14:30:00,8.0,225.0,55.140917,-111.402283,Provincial Land,Lightning,"167,76"
2021,SWF146,2021-08-13 15:00:00,8.0,225.0,55.411567,-116.225217,Indian Reservation,Agriculture Industry,"157,81"
2021,CWF108,2021-08-13 16:15:00,8.0,225.0,51.03915,-115.25105,Provincial Land,Resident,"154,65"
2021,LWF187,2021-08-13 14:00:00,8.0,225.0,54.628633,-110.365217,Provincial Land,Lightning,"168,74"
2021,WWF115,2021-07-27 00:45:00,7.0,208.0,54.251545,-115.619057,Provincial Land,Lightning,"157,76"
2021,PWF053,2021-08-13 17:55:00,8.0,225.0,56.069,-116.9025,Private Land,Agriculture Industry,"157,83"
2021,SWF147,2021-08-12 12:00:00,8.0,224.0,55.949617,-115.9779,Metis Settlement,Lightning,"159,82"
2021,LWF189,2021-08-14 13:00:00,8.0,226.0,54.868733,-111.383683,Provincial Land,Lightning,"166,75"
2021,SWF148,2021-08-14 13:50:00,8.0,226.0,55.435867,-116.647717,Provincial Land,Power Line Industry,"157,81"
2021,GWF092,2021-08-03 16:09:00,8.0,215.0,55.316533,-117.871033,Provincial Land,Lightning,"154,82"
2021,GWF083,2021-07-28 16:30:00,7.0,209.0,55.95,-119.6958,Private Land,Agriculture Industry,"152,85"
2021,MWF089,2021-07-28 15:37:00,7.0,209.0,59.866667,-111.4765,Provincial Land,Lightning,"172,93"
2021,EWF135,2021-07-29 14:57:00,7.0,210.0,53.80115,-118.1707,Provincial Land,Lightning,"151,77"
2021,LWF169,2021-07-30 15:00:00,7.0,211.0,55.186167,-113.55655,Provincial Land,Lightning,"162,78"
2021,RWF074,2021-07-29 19:44:00,7.0,210.0,52.7707,-116.806667,Provincial Land,Lightning,"153,72"
2021,RWF076,2021-07-30 07:30:00,7.0,211.0,52.066647,-115.151055,Provincial Land,Recreation,"155,68"
2021,RWF078,2021-07-30 15:15:00,7.0,211.0,51.73445,-115.530917,Provincial Land,Recreation,"154,68"
2021,CWF093,2021-07-31 06:00:00,7.0,212.0,50.26525,-114.314483,Provincial Land,Recreation,"155,62"
2021,CWF097,2021-07-31 10:00:00,7.0,212.0,49.672683,-114.591567,Provincial Land,Recreation,"153,60"
2021,MWF094,2021-08-01 17:00:00,8.0,213.0,58.768583,-111.076117,Provincial Land,Undetermined,"171,89"
2021,RWF083,2021-08-01 14:01:00,8.0,213.0,52.007738,-116.556291,Provincial Land,Recreation,"152,69"
2021,RWF082,2021-07-31 23:08:00,7.0,212.0,52.036847,-114.979664,Provincial Land,Recreation,"156,68"
2021,WWF106,2021-08-01 18:05:00,8.0,213.0,54.287812,-116.178727,Provincial Land,Other Industry,"156,77"
2021,LWF172,2021-08-02 09:00:00,8.0,214.0,56.065133,-111.894983,Provincial Land,Resident,"167,80"
2020,LWF099,2020-09-10 12:05:00,9.0,254.0,54.781533,-111.5256,Provincial Park,Recreation,"166,75"
2020,CWF190,2020-09-12 17:00:00,9.0,256.0,50.8166,-114.621108,Provincial Land,Recreation,"155,64"
2020,CWF189,2020-09-13 07:00:00,9.0,257.0,50.854488,-114.6,Provincial Land,Recreation,"155,64"
2020,CWF185,2020-09-09 06:00:00,9.0,253.0,49.650683,-114.577217,Provincial Land,Recreation,"153,60"
2020,CWF203,2020-10-09 21:48:00,10.0,283.0,50.811355,-114.628907,Provincial Land,Recreation,"155,64"
2021,RWF087,2021-08-08 16:10:00,8.0,220.0,52.562,-115.82775,Provincial Land,Lightning,"154,71"
2021,WWF109,2021-08-05 21:44:00,8.0,217.0,54.261798,-117.106422,Provincial Land,Lightning,"154,78"
2021,SWF140,2021-08-06 13:00:00,8.0,218.0,56.5281,-113.458117,Provincial Land,Lightning,"164,82"
2021,HWF069,2021-08-09 15:00:00,8.0,221.0,58.104407,-116.133999,Private Land,Agriculture Industry,"161,90"
2021,MWF099,2021-08-06 05:20:00,8.0,218.0,56.377967,-112.55375,Provincial Land,Lightning,"166,81"
2021,CWF105,2021-08-09 23:54:00,8.0,221.0,51.167533,-114.950017,Indian Reservation,Incendiary,"154,65"
2021,SWF141,2021-08-10 09:00:00,8.0,222.0,55.753773,-115.110023,Provincial Land,Power Line Industry,"160,81"
2021,WWF110,2021-08-05 21:26:00,8.0,217.0,54.170788,-117.662872,Provincial Land,Lightning,"153,78"
2020,CWF149,2020-08-30 12:00:00,8.0,243.0,51.404567,-115.057733,Provincial Land,Recreation,"155,66"
2020,CWF150,2020-08-30 15:00:00,8.0,243.0,50.811667,-114.628833,Provincial Land,Recreation,"155,64"
2020,CWF199,2020-10-05 18:00:00,10.0,279.0,51.11877,-114.9119,Indian Reservation,Resident,"154,65"
2020,GWF049,2020-11-02 15:55:00,11.0,307.0,55.67704,-119.526787,Provincial Land,Power Line Industry,"152,84"
2021,CWF107,2021-08-13 14:30:00,8.0,225.0,51.183267,-114.8723,Indian Reservation,Undetermined,"155,65"
2021,LWF185,2021-08-13 14:30:00,8.0,225.0,55.608167,-112.328667,Provincial Land,Lightning,"165,79"
2021,WWF114,2021-08-03 19:45:00,8.0,215.0,54.299012,-114.903587,Provincial Land,Lightning,"159,76"
2021,EWF149,2021-08-13 15:20:00,8.0,225.0,53.50315,-116.071475,Provincial Land,Incendiary,"155,74"
2021,GWF091,2021-08-03 14:58:00,8.0,215.0,54.643116,-118.614387,Provincial Land,Lightning,"152,80"
2021,SWF149,2021-08-14 14:15:00,8.0,226.0,55.042383,-116.029917,Provincial Land,Undetermined,"157,79"
2021,EWF152,2021-08-14 13:20:00,8.0,226.0,53.4835,-115.099633,Provincial Land,Power Line Industry,"157,73"
2021,SWF128,2021-08-03 15:45:00,8.0,215.0,56.109683,-113.238283,Provincial Land,Lightning,"164,81"
2021,SWF133,2021-08-03 18:00:00,8.0,215.0,56.029833,-113.26705,Provincial Land,Lightning,"164,81"
2021,PWF048,2021-08-02 23:00:00,8.0,214.0,57.12115,-118.816383,Provincial Land,Lightning,"155,88"
2021,LWF174,2021-08-04 15:00:00,8.0,216.0,55.655833,-112.1455,Provincial Land,Lightning,"166,79"
2021,GWF086,2021-08-03 15:15:00,8.0,215.0,54.581185,-118.44162,Provincial Land,Lightning,"152,80"
2020,WWF030,2020-08-27 16:00:00,8.0,240.0,54.392667,-117.2855,Provincial Land,Lightning,"154,78"
2020,HWF048,2020-09-18 11:45:00,9.0,262.0,58.167617,-116.375367,Private Land,Resident,"161,90"
2021,MWF096,2021-08-03 18:56:00,8.0,215.0,57.162583,-112.055167,Provincial Land,Lightning,"168,84"
2021,SWF134,2021-08-03 17:00:00,8.0,215.0,57.243267,-113.2138,Provincial Land,Lightning,"166,85"
2021,LWF175,2021-08-04 17:00:00,8.0,216.0,55.640833,-112.202,Provincial Land,Lightning,"166,79"
2021,LWF176,2021-08-04 17:32:00,8.0,216.0,55.538617,-112.585983,Provincial Land,Lightning,"165,79"
2021,WWF107,2021-07-29 01:33:00,7.0,210.0,54.691464,-116.159633,Provincial Land,Lightning,"157,78"
2021,GWF085,2021-07-09 18:00:00,7.0,190.0,54.328033,-117.657617,Provincial Land,Lightning,"153,78"
2021,CWF106,2021-08-10 06:00:00,8.0,222.0,51.266717,-114.967433,Provincial Land,Recreation,"155,66"
2021,WWF111,2021-08-05 10:33:00,8.0,217.0,54.24511,-116.828842,Provincial Land,Lightning,"155,77"
2020,RWF052,2020-03-10 11:12:00,3.0,70.0,52.759583,-115.3488,Indian Reservation,Resident,"156,71"
2020,WWF035,2020-09-25 15:00:00,9.0,269.0,54.56755,-117.090635,Provincial Land,Undetermined,"155,79"
2020,CWF206,2020-10-10 12:00:00,10.0,284.0,50.85255,-114.6176,Provincial Land,Recreation,"155,64"
2021,CWF005,2021-03-17 13:45:00,3.0,76.0,51.161,-114.963283,Indian Reservation,Resident,"154,65"
2021,LWF002,2021-02-22 12:00:00,2.0,53.0,54.706917,-114.114868,Private Land,Agriculture Industry,"161,77"
2021,CWF007,2021-03-21 12:00:00,3.0,80.0,49.636417,-114.476033,Private Land,Recreation,"153,60"
2021,WWF005,2021-03-30 12:00:00,3.0,89.0,54.121818,-115.813728,Private Land,Resident,"157,76"
2021,WWF006,2021-03-25 10:00:00,3.0,84.0,54.0622,-115.871833,Private Land,Resident,"156,76"
2021,EWF014,2020-11-01 10:00:00,11.0,306.0,53.69345,-116.058633,Private Land,Resident,"155,75"
2021,CWF009,2021-04-03 13:00:00,4.0,93.0,49.976783,-114.0349,Provincial Land,Recreation,"155,60"
2021,RWF006,2021-03-31 20:00:00,3.0,90.0,52.263333,-115.117817,Private Land,Resident,"156,69"
2021,EWF016,2021-04-05 14:00:00,4.0,95.0,53.709283,-115.153667,Private Land,Resident,"157,74"
2021,RWF037,2021-05-28 14:00:00,5.0,148.0,53.012267,-115.189467,Provincial Land,Power Line Industry,"156,72"
2021,WWF035,2021-05-31 14:37:00,5.0,151.0,54.108807,-115.636497,Provincial Land,Other Industry,"157,76"
2021,HWF039,2021-06-03 15:55:00,6.0,154.0,57.681967,-115.567067,Provincial Land,Lightning,"162,88"
2021,LWF113,2021-06-04 13:08:00,6.0,155.0,56.009433,-110.881633,Provincial Land,Incendiary,"169,79"
2021,CWF058,2021-06-04 13:20:00,6.0,155.0,51.095283,-115.04305,Provincial Land,Other Industry,"154,65"
2021,SWF045,2021-05-31 15:00:00,5.0,151.0,55.930333,-115.613117,Indian Reservation,Other Industry,"159,82"
2021,PWF025,2021-06-04 14:50:00,6.0,155.0,56.413017,-119.32755,Private Land,Agriculture Industry,"153,87"
2021,WWF040,2021-06-04 20:00:00,6.0,155.0,54.208567,-115.986465,Provincial Land,Resident,"156,76"
2021,RWF043,2021-06-05 00:00:00,6.0,156.0,52.57201,-116.310348,Provincial Land,Lightning,"153,71"
2021,PWF001,2021-02-16 12:00:00,2.0,47.0,57.391833,-117.602667,Provincial Land,Forest Industry,"158,88"
2021,CWF004,2021-03-14 15:45:00,3.0,73.0,51.271888,-115.025818,Provincial Land,Incendiary,"154,66"
2021,SWF001,2021-03-12 22:00:00,3.0,71.0,55.213617,-114.775,Provincial Land,Resident,"160,79"
2021,MWF001,2021-03-12 18:00:00,3.0,71.0,56.709681,-111.475374,Provincial Land,Recreation,"168,82"
2021,EWF013,2021-02-08 10:00:00,2.0,39.0,53.345133,-115.35245,Provincial Land,Forest Industry,"156,73"
2021,RWF005,2020-03-25 08:00:00,3.0,85.0,52.692262,-116.11896,Provincial Land,Forest Industry,"154,71"
2021,EWF015,2020-12-15 10:00:00,12.0,350.0,53.598117,-115.958783,Private Land,Resident,"156,74"
2021,RWF008,2021-03-01 12:00:00,3.0,60.0,51.9577,-114.802372,Provincial Land,Recreation,"156,68"
2021,LWF006,2021-04-13 13:05:00,4.0,103.0,54.49905,-111.492798,Provincial Land,Incendiary,"166,74"
2021,LWF009,2021-04-15 19:20:00,4.0,105.0,55.934772,-110.72566,Indian Reservation,Incendiary,"169,79"
2021,RWF013,2021-04-16 12:20:00,4.0,106.0,52.45565,-115.675215,Private Land,Resident,"155,70"
2021,LWF013,2021-04-16 15:00:00,4.0,106.0,55.926094,-110.728666,Indian Reservation,Incendiary,"169,79"
2021,LWF024,2021-04-20 15:00:00,4.0,110.0,54.694183,-111.903183,Indian Reservation,Resident,"165,75"
2021,PWF005,2021-04-22 16:40:00,4.0,112.0,56.284267,-117.453083,Private Land,Resident,"156,85"
2021,LWF038,2021-04-25 12:25:00,4.0,115.0,54.48065,-111.256417,Provincial Land,Incendiary,"166,74"
2021,SWF038,2021-05-25 21:00:00,5.0,145.0,55.9853,-113.870383,Private Land,Incendiary,"163,81"
2021,GWF036,2021-05-26 10:00:00,5.0,146.0,54.965567,-119.103383,Private Land,Resident,"151,82"
2021,HWF035,2021-05-26 01:00:00,5.0,146.0,58.708697,-118.724093,Indian Reservation,Incendiary,"158,94"
2021,LWF086,2021-05-26 15:00:00,5.0,146.0,55.942183,-110.735678,Indian Reservation,Incendiary,"169,79"
2021,MWF011,2021-05-26 16:00:00,5.0,146.0,57.36615,-111.035033,Provincial Land,Oil & Gas Industry,"170,84"
2021,PWF023,2021-01-08 14:00:00,1.0,8.0,57.604233,-117.169333,Private Land,Agriculture Industry,"159,89"
2021,LWF090,2021-05-27 05:00:00,5.0,147.0,54.46945,-111.303267,Provincial Land,Incendiary,"166,74"
2021,LWF094,2021-05-27 05:05:00,5.0,147.0,54.471367,-111.297317,Provincial Land,Incendiary,"166,74"
2021,LWF095,2021-05-27 05:05:00,5.0,147.0,54.488417,-111.3162,Provincial Land,Incendiary,"166,74"
2021,LWF098,2021-05-27 05:10:00,5.0,147.0,54.5637,-111.215267,Provincial Land,Incendiary,"166,74"
2021,LWF102,2021-05-27 05:10:00,5.0,147.0,54.552133,-111.2153,Provincial Land,Incendiary,"166,74"
2021,LWF103,2021-05-27 05:10:00,5.0,147.0,54.551283,-111.215267,Provincial Land,Incendiary,"166,74"
2020,EWF047,2020-08-23 09:40:00,8.0,236.0,53.658867,-115.997633,Provincial Land,Government,"156,75"
2020,CWF131,2020-08-25 17:00:00,8.0,238.0,51.482617,-115.1883,Provincial Land,Recreation,"154,66"
2020,RWF054,2020-09-24 18:00:00,9.0,268.0,51.89875,-115.709033,Provincial Land,Recreation,"154,68"
2020,RWF055,2020-09-27 17:20:00,9.0,271.0,52.075917,-116.415717,Provincial Land,Recreation,"153,70"
2021,CWF003,2021-02-22 16:30:00,2.0,53.0,51.1195,-114.77895,Provincial Land,Resident,"155,65"
2021,RWF007,2021-04-01 16:50:00,4.0,91.0,52.86955,-114.860883,Provincial Land,Power Line Industry,"157,71"
2021,WWF007,2021-02-20 09:00:00,2.0,51.0,54.390205,-116.94902,Provincial Land,Oil & Gas Industry,"155,78"
2021,GWF040,2021-06-05 11:30:00,6.0,156.0,55.79175,-119.18045,Provincial Land,Oil & Gas Industry,"152,84"
2021,EWF060,2021-06-05 16:20:00,6.0,156.0,53.537867,-116.860417,Provincial Land,Undetermined,"154,75"
2021,MWF018,2021-06-05 16:29:00,6.0,156.0,56.978078,-112.539098,Provincial Land,Lightning,"166,83"
2021,SWF049,2021-06-05 18:40:00,6.0,156.0,56.919367,-113.082633,Provincial Land,Lightning,"165,84"
2021,SWF051,2021-06-05 19:40:00,6.0,156.0,56.911883,-113.420433,Provincial Land,Lightning,"165,84"
2021,SWF052,2021-06-05 19:27:00,6.0,156.0,55.327233,-113.770817,Provincial Land,Lightning,"162,79"
2021,CWF014,2021-04-17 18:00:00,4.0,107.0,51.5914,-114.742043,Provincial Land,Undetermined,"155,67"
2021,PWF007,2021-04-24 13:30:00,4.0,114.0,56.3633,-117.320417,Provincial Land,Incendiary,"157,85"
2021,RWF024,2021-05-05 18:00:00,5.0,125.0,52.089355,-114.89582,Private Land,Resident,"156,68"
2021,SWF020,2021-02-05 10:00:00,2.0,36.0,55.881133,-115.653183,Indian Reservation,Forest Industry,"159,82"
2021,LWF055,2021-05-06 14:00:00,5.0,126.0,55.932317,-110.722867,Indian Reservation,Incendiary,"169,79"
2021,LWF056,2021-05-06 14:20:00,5.0,126.0,54.654617,-113.937583,Private Land,Power Line Industry,"161,76"
2021,SWF022,2021-05-06 15:45:00,5.0,126.0,55.308968,-114.869353,Indian Reservation,Undetermined,"160,79"
2021,HWF008,2021-05-07 14:00:00,5.0,127.0,58.717748,-118.7453,Indian Reservation,Incendiary,"158,94"
2021,PWF012,2021-05-07 10:30:00,5.0,127.0,56.32045,-116.771117,Provincial Land,Power Line Industry,"158,84"
2021,EWF039,2021-05-07 17:45:00,5.0,127.0,53.6034,-116.333817,Private Land,Resident,"155,75"
2021,SWF024,2021-05-07 15:30:00,5.0,127.0,55.10595,-114.486033,Provincial Land,Power Line Industry,"160,78"
2021,CWF018,2021-05-07 17:00:00,5.0,127.0,49.63235,-114.515017,Provincial Land,Recreation,"153,60"
2021,RWF026,2021-05-08 16:00:00,5.0,128.0,52.538217,-115.942383,Provincial Land,Power Line Industry,"154,71"
2020,RWF049,2020-09-03 15:55:00,9.0,247.0,52.487483,-114.938367,Private Land,Resident,"156,70"
2021,LWF105,2021-05-10 05:10:00,5.0,130.0,54.568717,-111.19935,Provincial Land,Incendiary,"166,74"
2021,LWF106,2021-05-28 04:00:00,5.0,148.0,55.626583,-111.102717,Private Land,Resident,"168,78"
2021,LWF107,2021-05-26 05:50:00,5.0,146.0,54.564167,-111.215217,Provincial Land,Incendiary,"166,74"
2021,RWF036,2021-05-28 11:00:00,5.0,148.0,53.012387,-115.176535,Provincial Land,Power Line Industry,"156,72"
2021,LWF108,2021-05-26 05:50:00,5.0,146.0,54.561283,-111.215217,Provincial Land,Incendiary,"166,74"
2021,WWF027,2021-05-27 09:08:00,5.0,147.0,54.321865,-115.525352,Provincial Land,Lightning,"157,76"
2021,WWF028,2021-05-30 13:10:00,5.0,150.0,54.054638,-116.813217,Provincial Land,Forest Industry,"154,77"
2020,CWF133,2020-08-26 12:00:00,8.0,239.0,49.909817,-114.510883,Provincial Land,Recreation,"154,61"
2020,CWF140,2020-08-29 15:00:00,8.0,242.0,50.851717,-114.6185,Provincial Land,Recreation,"155,64"
2020,CWF141,2020-08-29 17:00:00,8.0,242.0,51.852383,-114.61795,Provincial Land,Recreation,"156,67"
2020,CWF142,2020-08-29 17:00:00,8.0,242.0,50.852583,-114.617367,Provincial Land,Recreation,"155,64"
2020,CWF143,2020-08-29 17:00:00,8.0,242.0,50.852167,-114.618867,Provincial Land,Recreation,"155,64"
2020,CWF144,2020-08-29 17:00:00,8.0,242.0,50.849217,-114.640467,Provincial Land,Recreation,"155,64"
2020,CWF145,2020-08-29 11:00:00,8.0,242.0,51.278567,-115.074517,Provincial Land,Recreation,"154,66"
2020,CWF146,2020-08-30 12:00:00,8.0,243.0,51.2821,-115.081017,Provincial Land,Recreation,"154,66"
2020,CWF147,2020-08-30 09:00:00,8.0,243.0,51.27145,-115.1412,Provincial Land,Recreation,"154,66"
2020,CWF148,2020-08-30 12:00:00,8.0,243.0,50.851217,-114.619083,Provincial Land,Recreation,"155,64"
2020,EWF048,2020-09-10 17:00:00,9.0,254.0,53.6798,-118.239533,Provincial Land,Recreation,"151,77"
2021,EWF019,2021-03-24 16:00:00,3.0,83.0,53.283272,-115.193092,Private Land,Resident,"157,73"
2021,EWF020,2021-04-05 12:00:00,4.0,95.0,53.574083,-116.230833,Provincial Land,Recreation,"155,74"
2021,EWF021,2021-04-09 17:30:00,4.0,99.0,53.5967,-115.159833,Private Land,Agriculture Industry,"157,74"
2021,GWF002,2021-04-12 18:30:00,4.0,102.0,54.958687,-119.007172,Private Land,Undetermined,"152,81"
2021,WWF009,2021-04-14 14:30:00,4.0,104.0,54.109555,-115.724983,Private Land,Resident,"157,76"
2021,WWF012,2021-04-17 15:30:00,4.0,107.0,54.115333,-115.751167,Private Land,Resident,"157,76"
2021,CWF059,2021-06-06 00:00:00,6.0,157.0,51.171433,-115.0172,Indian Reservation,Recreation,"154,65"
2021,SWF055,2021-06-06 10:57:00,6.0,157.0,56.649983,-115.3837,Provincial Land,Lightning,"161,84"
2021,SWF058,2021-06-06 13:30:00,6.0,157.0,56.623183,-114.989067,Provincial Land,Lightning,"161,84"
2021,LWF115,2021-06-06 13:40:00,6.0,157.0,55.942417,-110.882283,Provincial Land,Lightning,"168,79"
2021,LWF116,2021-06-06 16:00:00,6.0,157.0,55.729367,-111.05575,Provincial Land,Lightning,"168,78"
2021,LWF117,2021-06-06 16:15:00,6.0,157.0,55.823167,-110.225867,Provincial Land,Lightning,"170,78"
2021,LWF119,2021-06-06 19:24:00,6.0,157.0,55.2695,-113.232133,Indian Reservation,Undetermined,"163,78"
2021,GWF042,2021-06-07 14:35:00,6.0,158.0,54.737633,-117.16805,Provincial Land,Undetermined,"155,79"
2021,LWF120,2021-06-07 19:00:00,6.0,158.0,54.9278,-110.656,DND,Lightning,"168,75"
2021,SWF062,2021-06-07 21:33:00,6.0,158.0,55.9526,-113.917883,Indian Reservation,Resident,"163,81"
2021,HWF044,2021-06-05 15:40:00,6.0,156.0,59.016429,-119.746914,Provincial Land,Forest Industry,"156,95"
2021,LWF121,2021-06-10 20:30:00,6.0,161.0,54.558633,-110.991117,Private Land,Power Line Industry,"167,74"
2020,CWF193,2020-09-24 15:00:00,9.0,268.0,51.263717,-114.920367,Provincial Land,Power Line Industry,"155,66"
2020,EWF054,2020-09-30 17:50:00,9.0,274.0,53.610533,-115.856217,Provincial Land,Power Line Industry,"156,74"
2020,LWF102,2020-10-22 15:00:00,10.0,296.0,54.625977,-111.218918,Provincial Land,Recreation,"166,74"
2021,WWF002,2021-01-08 12:00:00,1.0,8.0,54.759917,-114.9033,Provincial Land,Recreation,"159,77"
2021,LWF063,2021-05-09 16:25:00,5.0,129.0,55.631584,-111.088055,Private Land,Resident,"168,78"
2021,LWF069,2021-05-09 20:44:00,5.0,129.0,56.221217,-110.875117,Provincial Land,Power Line Industry,"169,80"
2021,LWF068,2021-05-10 00:27:00,5.0,130.0,54.451683,-111.203767,Provincial Land,Incendiary,"166,74"
2021,LWF070,2021-05-09 20:44:00,5.0,129.0,56.219067,-110.878467,Provincial Land,Power Line Industry,"169,80"
2021,CWF026,2021-05-22 12:00:00,5.0,142.0,51.391783,-115.109717,Provincial Land,Recreation,"154,66"
2021,GWF028,2021-05-10 12:00:00,5.0,130.0,54.8173,-118.97635,Provincial Land,Recreation,"151,81"
2021,PWF017,2021-05-22 18:48:00,5.0,142.0,56.001833,-116.912333,Private Land,Resident,"157,83"
2021,HWF010,2021-05-10 13:55:00,5.0,130.0,58.478,-114.520833,Indian Reservation,Incendiary,"165,90"
2021,LWF109,2021-05-30 19:00:00,5.0,150.0,55.923233,-110.732767,Indian Reservation,Incendiary,"169,79"
2021,PWF024,2021-05-31 10:45:00,5.0,151.0,56.534,-119.358817,Private Land,Agriculture Industry,"153,87"
2021,SWF043,2021-05-31 11:40:00,5.0,151.0,55.019383,-115.523233,Provincial Land,Power Line Industry,"158,79"
2021,WWF033,2021-05-31 14:37:00,5.0,151.0,54.11985,-115.658173,Provincial Land,Other Industry,"157,76"
2021,HWF037,2021-06-01 11:48:00,6.0,152.0,58.459183,-114.552883,Indian Reservation,Incendiary,"165,90"
2021,EWF055,2021-06-01 13:00:00,6.0,152.0,53.168583,-115.229883,Provincial Land,Power Line Industry,"156,72"
2021,GWF037,2021-06-01 21:30:00,6.0,152.0,54.98745,-117.333867,Private Land,Power Line Industry,"155,80"
2021,LWF110,2021-06-02 12:00:00,6.0,153.0,55.9352,-110.721267,Indian Reservation,Resident,"169,79"
2020,EWF046,2020-08-11 19:30:00,8.0,224.0,53.207884,-115.599496,Provincial Land,Lightning,"156,73"
2020,GWF039,2020-08-19 01:00:00,8.0,232.0,54.71175,-118.71725,Provincial Land,Lightning,"152,80"
2020,EWF058,2020-10-09 10:00:00,10.0,283.0,53.604662,-115.159166,Private Land,Resident,"157,74"
2020,CWF213,2020-11-27 00:30:00,11.0,332.0,51.136333,-114.937633,Private Land,Railroad,"154,65"
2020,CWF214,2020-11-27 00:35:00,11.0,332.0,51.142267,-114.912817,Private Land,Railroad,"154,65"
2020,CWF215,2020-11-29 13:00:00,11.0,334.0,50.400467,-114.534283,Provincial Land,Recreation,"154,62"
2021,CWF060,2021-06-12 06:00:00,6.0,163.0,51.63,-115.0841,Provincial Land,Recreation,"155,67"
2021,SWF063,2021-06-12 13:45:00,6.0,163.0,55.2365,-116.2125,Metis Settlement,Power Line Industry,"157,80"
2021,EWF067,2021-06-13 17:00:00,6.0,164.0,53.152967,-115.269633,Provincial Land,Undetermined,"156,72"
2021,PWF027,2021-06-13 20:45:00,6.0,164.0,56.526517,-116.418817,Provincial Land,Power Line Industry,"159,85"
2021,EWF072,2021-06-14 18:30:00,6.0,165.0,53.490883,-116.682567,Provincial Land,Lightning,"154,75"
2021,GWF046,2021-06-16 10:45:00,6.0,167.0,54.856333,-118.804583,Provincial Land,Power Line Industry,"152,81"
2021,WWF049,2021-06-14 18:53:00,6.0,165.0,54.1803,-115.846583,Provincial Land,Lightning,"157,76"
2021,SWF067,2021-06-16 11:30:00,6.0,167.0,55.913617,-115.1332,Provincial Land,Undetermined,"160,82"
2021,CWF061,2021-06-16 13:30:00,6.0,167.0,51.163867,-114.949667,Indian Reservation,Undetermined,"154,65"
2021,LWF123,2021-06-16 15:30:00,6.0,167.0,55.6252,-111.09665,Private Land,Power Line Industry,"168,78"
2021,WWF051,2021-06-16 15:30:00,6.0,167.0,54.064862,-115.653053,Provincial Land,Undetermined,"157,76"
2021,WWF052,2021-06-16 18:00:00,6.0,167.0,54.114773,-116.201165,Provincial Land,Power Line Industry,"156,76"
2021,RWF048,2021-06-16 20:00:00,6.0,167.0,52.817667,-114.781233,Provincial Land,Oil & Gas Industry,"157,71"
2020,WWF033,2020-06-14 00:49:00,6.0,166.0,54.125167,-116.672883,Provincial Land,Lightning,"155,77"
2021,HWF011,2021-05-10 19:30:00,5.0,130.0,58.717583,-118.751667,Indian Reservation,Resident,"158,94"
2021,HWF012,2021-05-10 21:00:00,5.0,130.0,58.7194,-118.742783,Indian Reservation,Incendiary,"158,94"
2021,MWF009,2021-05-11 15:30:00,5.0,131.0,57.319717,-111.597117,Provincial Land,Oil & Gas Industry,"169,84"
2021,GWF030,2021-05-11 15:45:00,5.0,131.0,54.996633,-118.865833,Private Land,Resident,"152,81"
2021,PWF014,2021-05-11 17:00:00,5.0,131.0,55.838383,-116.951633,Private Land,Recreation,"157,83"
2021,SWF026,2021-05-11 15:46:00,5.0,131.0,55.3317,-114.9241,Provincial Land,Resident,"160,79"
2021,LWF073,2021-05-09 19:05:00,5.0,129.0,54.47225,-111.19715,Provincial Land,Incendiary,"166,74"
2021,HWF014,2021-05-12 11:15:00,5.0,132.0,58.721333,-118.73508,Indian Reservation,Incendiary,"158,94"
2021,LWF076,2021-05-12 14:00:00,5.0,132.0,55.927983,-110.7207,Indian Reservation,Incendiary,"169,79"
2021,HWF016,2021-05-12 17:45:00,5.0,132.0,58.71592,-118.742162,Indian Reservation,Incendiary,"158,94"
2021,HWF017,2021-05-12 18:10:00,5.0,132.0,58.715583,-118.745533,Indian Reservation,Resident,"158,94"
2021,LWF078,2021-05-12 18:00:00,5.0,132.0,54.597833,-114.102933,Provincial Land,Undetermined,"161,76"
2021,WWF015,2021-05-12 18:30:00,5.0,132.0,54.0976,-115.6027,Private Land,Resident,"157,76"
2021,EWF063,2021-06-05 12:09:00,6.0,156.0,53.29425,-116.0758,Provincial Land,Lightning,"155,73"
2021,EWF071,2021-06-14 17:30:00,6.0,165.0,53.748533,-116.666833,Provincial Land,Lightning,"154,75"
2021,SWF064,2021-06-14 18:00:00,6.0,165.0,57.209,-114.0925,Provincial Land,Lightning,"164,85"
2021,EWF073,2021-06-16 13:37:00,6.0,167.0,53.548883,-116.66105,Provincial Land,Power Line Industry,"154,75"
2021,GWF060,2021-07-01 19:00:00,7.0,182.0,54.489267,-117.804533,Provincial Land,Lightning,"153,79"
2021,SWF142,2021-08-10 15:15:00,8.0,222.0,55.9903,-113.458067,Provincial Land,Power Line Industry,"164,81"
2021,SWF143,2021-08-10 15:15:00,8.0,222.0,55.993767,-113.459383,Provincial Land,Power Line Industry,"164,81"
2020,RWF044,2020-08-24 12:37:00,8.0,237.0,52.277117,-116.319917,Provincial Land,Lightning,"153,70"
2020,CWF155,2020-09-04 08:00:00,9.0,248.0,50.779217,-114.56225,Provincial Land,Recreation,"155,64"
2020,CWF156,2020-09-04 14:00:00,9.0,248.0,51.3213,-115.28371,Provincial Park,Recreation,"154,66"
2020,CWF187,2020-09-11 15:25:00,9.0,255.0,51.2789,-114.816817,Provincial Land,Resident,"155,65"
2020,SWF069,2020-10-26 07:00:00,10.0,300.0,55.463165,-116.1476,Private Land,Resident,"158,81"
2020,CWF211,2020-11-15 16:00:00,11.0,320.0,51.180458,-114.925255,Indian Reservation,Resident,"155,65"
2021,GWF010,2020-12-23 14:00:00,12.0,358.0,55.249612,-116.939285,Private Land,Resident,"156,81"
2021,GWF011,2021-04-17 13:00:00,4.0,107.0,55.62025,-119.978333,Private Land,Resident,"151,84"
2021,LWF021,2021-04-19 12:00:00,4.0,109.0,56.002217,-110.602617,Provincial Land,Incendiary,"169,79"
2021,EWF031,2021-02-08 12:00:00,2.0,39.0,53.611717,-117.677955,Provincial Land,Forest Industry,"152,76"
2021,LWF025,2021-04-20 16:00:00,4.0,110.0,55.928833,-110.74005,Indian Reservation,Incendiary,"169,79"
2021,LWF027,2021-04-20 18:00:00,4.0,110.0,55.925617,-110.722117,Indian Reservation,Resident,"169,79"
2021,PWF003,2021-04-20 18:00:00,4.0,110.0,56.517383,-116.217083,Provincial Land,Incendiary,"159,84"
2021,LWF028,2021-04-21 11:30:00,4.0,111.0,54.76025,-111.8899,Private Land,Resident,"165,75"
2021,WWF053,2021-06-18 13:16:00,6.0,169.0,54.106283,-115.633367,Provincial Land,Incendiary,"157,76"
2021,RWF051,2021-06-22 13:30:00,6.0,173.0,52.756167,-114.509167,Private Land,Power Line Industry,"157,70"
2021,PWF028,2021-06-22 13:00:00,6.0,173.0,56.398,-118.451833,Provincial Land,Lightning,"155,86"
2021,EWF075,2021-06-22 15:30:00,6.0,173.0,53.631667,-115.141,Provincial Land,Under Investigation,"157,74"
2021,EWF077,2021-06-23 11:10:00,6.0,174.0,53.2412,-115.30645,Provincial Land,Power Line Industry,"156,73"
2021,EWF078,2021-06-26 19:45:00,6.0,177.0,53.619617,-115.900633,Private Land,Agriculture Industry,"156,74"
2021,WWF062,2021-06-27 15:10:00,6.0,178.0,54.701932,-116.186615,Provincial Land,Power Line Industry,"157,78"
2021,EWF079,2021-06-27 15:00:00,6.0,178.0,53.40775,-115.428533,Provincial Land,Recreation,"156,73"
2021,HWF049,2021-06-28 08:54:00,6.0,179.0,59.37392,-117.741022,Provincial Land,Lightning,"160,95"
2021,CWF063,2021-06-28 14:00:00,6.0,179.0,51.162,-114.8065,Indian Reservation,Other Industry,"155,65"
2020,LWF094,2020-08-21 13:00:00,8.0,234.0,55.924067,-110.692767,Indian Reservation,Incendiary,"169,79"
2020,LWF101,2020-10-03 14:00:00,10.0,277.0,54.907467,-112.38905,Private Land,Agriculture Industry,"164,76"
2021,WWF003,2021-01-11 15:15:00,1.0,11.0,54.759917,-114.9033,Provincial Land,Government,"159,77"
2021,WWF016,2021-05-12 22:45:00,5.0,132.0,54.566203,-116.796158,Provincial Land,Power Line Industry,"155,78"
2021,CWF019,2021-05-13 17:00:00,5.0,133.0,51.176833,-114.949217,Indian Reservation,Incendiary,"154,65"
2021,CWF021,2021-05-13 17:04:00,5.0,133.0,51.178033,-114.9502,Indian Reservation,Incendiary,"154,65"
2021,CWF022,2021-05-13 17:00:00,5.0,133.0,51.17895,-114.949883,Indian Reservation,Incendiary,"154,65"
2021,WWF017,2021-05-15 15:33:00,5.0,135.0,54.009323,-115.353447,Private Land,Agriculture Industry,"157,75"
2021,LWF081,2021-05-15 18:08:00,5.0,135.0,55.932383,-110.724367,Indian Reservation,Incendiary,"169,79"
2021,GWF032,2021-05-15 19:30:00,5.0,135.0,55.469633,-119.943617,Private Land,Resident,"151,84"
2021,GWF075,2021-07-09 17:30:00,7.0,190.0,54.477967,-117.83375,Provincial Land,Lightning,"153,79"
2021,LWF160,2021-07-15 15:00:00,7.0,196.0,55.400367,-110.517017,Provincial Land,Lightning,"169,77"
2021,WWF095,2021-07-21 07:27:00,7.0,202.0,54.129777,-117.42672,Provincial Land,Lightning,"153,77"
2021,LWF165,2021-07-24 16:30:00,7.0,205.0,54.8112,-114.253517,Provincial Land,Recreation,"161,77"
2020,SWF064,2020-09-30 12:00:00,9.0,274.0,55.323233,-114.92415,Provincial Land,Undetermined,"160,79"
2021,EWF032,2021-04-21 14:45:00,4.0,111.0,53.7236,-115.315567,Private Land,Power Line Industry,"157,74"
2021,WWF013,2021-04-21 14:35:00,4.0,111.0,54.079403,-115.71392,Provincial Land,Undetermined,"157,76"
2021,SWF008,2021-04-21 16:00:00,4.0,111.0,56.657783,-115.796167,Provincial Land,Power Line Industry,"160,85"
2021,EWF033,2021-04-21 17:25:00,4.0,111.0,53.468817,-117.500633,Provincial Land,Recreation,"152,75"
2021,MWF003,2021-04-21 16:03:00,4.0,111.0,57.29762,-111.514573,Provincial Land,Power Line Industry,"169,84"
2021,SWF010,2021-04-24 10:50:00,4.0,114.0,55.273167,-114.38385,Private Land,Resident,"161,79"
2021,WWF014,2021-04-23 20:58:00,4.0,113.0,54.080367,-115.353533,Private Land,Resident,"157,76"
2021,LWF030,2021-04-24 14:25:00,4.0,114.0,54.76555,-111.80265,Private Land,Resident,"165,75"
2021,LWF031,2021-04-24 17:32:00,4.0,114.0,54.56605,-111.20905,Provincial Land,Incendiary,"166,74"
2021,LWF033,2021-04-24 19:00:00,4.0,114.0,54.53785,-111.221683,Provincial Land,Incendiary,"166,74"
2021,LWF035,2021-04-25 09:00:00,4.0,115.0,54.459267,-111.20285,Provincial Land,Incendiary,"166,74"
2021,LWF036,2021-04-25 09:00:00,4.0,115.0,54.456917,-111.1964,Provincial Land,Incendiary,"166,74"
2021,HWF051,2021-06-28 08:57:00,6.0,179.0,59.293714,-119.930297,Provincial Land,Lightning,"156,96"
2021,HWF054,2021-06-28 09:07:00,6.0,179.0,59.657522,-119.581873,Provincial Land,Lightning,"158,97"
2021,HWF056,2021-06-29 09:07:00,6.0,180.0,58.445333,-119.492167,Provincial Land,Lightning,"156,93"
2021,LWF127,2021-07-01 12:20:00,7.0,182.0,54.9473,-114.039367,Provincial Land,Resident,"161,77"
2021,RWF057,2021-07-01 18:00:00,7.0,182.0,52.547733,-116.3656,Provincial Land,Lightning,"153,71"
2021,RWF058,2021-07-01 17:00:00,7.0,182.0,52.182667,-115.840267,Provincial Land,Lightning,"154,69"
2021,WWF065,2021-07-01 17:44:00,7.0,182.0,54.181157,-117.484825,Provincial Land,Lightning,"153,78"
2021,RWF060,2021-07-02 13:00:00,7.0,183.0,52.218667,-115.471333,Provincial Land,Lightning,"155,69"
2021,GWF056,2021-07-01 18:55:00,7.0,182.0,54.8172,-119.092633,Provincial Land,Lightning,"151,81"
2021,WWF073,2021-07-01 19:30:00,7.0,182.0,54.017448,-117.021867,Provincial Land,Lightning,"154,77"
2021,RWF061,2021-07-02 16:00:00,7.0,183.0,52.914233,-116.1472,Provincial Land,Lightning,"154,72"
2021,MWF026,2021-07-02 16:00:00,7.0,183.0,56.471517,-111.204917,Provincial Land,Power Line Industry,"168,81"
2021,GWF058,2021-07-01 18:12:00,7.0,182.0,54.375662,-117.609582,Provincial Land,Lightning,"153,78"
2021,MWF027,2021-07-02 17:05:00,7.0,183.0,57.0306,-112.234433,Provincial Land,Lightning,"167,83"
2021,MWF029,2021-07-02 18:30:00,7.0,183.0,56.578033,-111.7583,Provincial Land,Lightning,"167,82"
2020,CWF128,2020-08-24 06:00:00,8.0,237.0,50.61055,-115.118967,Provincial Land,Recreation,"153,63"
2020,SWF063,2020-09-28 10:00:00,9.0,272.0,55.132384,-116.875852,Private Land,Agriculture Industry,"156,80"
2020,WWF039,2020-07-28 20:39:00,7.0,210.0,54.314333,-115.7615,Provincial Land,Lightning,"157,77"
2021,EWF045,2021-05-16 15:30:00,5.0,136.0,53.6406,-118.1992,Provincial Land,Recreation,"151,76"
2021,PWF016,2021-05-16 17:23:00,5.0,136.0,56.47,-117.787,Private Land,Resident,"156,85"
2021,WWF018,2021-05-16 18:30:00,5.0,136.0,54.10439,-115.818237,Private Land,Resident,"157,76"
2021,HWF020,2021-05-20 17:00:00,5.0,140.0,59.242767,-118.570883,Provincial Land,Recreation,"159,95"
2021,HWF021,2021-05-20 12:00:00,5.0,140.0,57.829086,-116.824495,Private Land,Agriculture Industry,"160,89"
2021,SWF032,2021-05-22 20:15:00,5.0,142.0,55.316383,-115.4375,Provincial Land,Undetermined,"159,80"
2021,HWF028,2021-05-23 10:29:00,5.0,143.0,58.4619,-114.545483,Indian Reservation,Incendiary,"165,90"
2021,SWF123,2021-07-28 16:30:00,7.0,209.0,55.418908,-115.403002,Private Land,Agriculture Industry,"159,80"
2021,HWF066,2021-08-03 19:50:00,8.0,215.0,58.908919,-119.552473,Provincial Land,Lightning,"157,95"
2021,EWF146,2021-08-04 16:55:00,8.0,216.0,53.56995,-115.721458,Provincial Land,Resident,"156,74"
2021,MWF098,2021-08-05 15:25:00,8.0,217.0,56.203033,-111.238767,Provincial Land,Lightning,"168,80"
2021,SWF144,2021-08-11 10:10:00,8.0,223.0,56.5439,-113.1455,Provincial Land,Lightning,"165,82"
2021,SWF145,2021-08-03 18:00:00,8.0,215.0,56.436433,-113.179833,Provincial Land,Lightning,"165,82"
2021,WWF112,2021-07-28 19:40:00,7.0,209.0,54.320912,-115.08207,Provincial Land,Lightning,"158,76"
2020,CWF132,2020-08-25 18:00:00,8.0,238.0,51.271767,-114.9882,Provincial Land,Recreation,"154,66"
2020,LWF100,2020-09-28 15:20:00,9.0,272.0,54.965183,-112.28435,Provincial Land,Power Line Industry,"165,76"
2021,SWF011,2021-04-25 11:30:00,4.0,115.0,55.295867,-114.58765,Private Land,Undetermined,"160,79"
2021,LWF039,2021-04-25 13:50:00,4.0,115.0,55.90345,-110.752583,Provincial Land,Incendiary,"169,79"
2021,LWF040,2021-04-25 18:00:00,4.0,115.0,54.5019,-110.351917,Provincial Land,Incendiary,"168,74"
2021,GWF015,2021-04-25 14:00:00,4.0,115.0,55.019417,-118.935692,Private Land,Resident,"152,82"
2021,PWF008,2021-04-24 18:40:00,4.0,114.0,56.49805,-116.647517,Indian Reservation,Resident,"158,85"
2021,SWF012,2021-04-26 06:45:00,4.0,116.0,55.287467,-116.464717,Provincial Land,Power Line Industry,"157,80"
2021,RWF019,2021-04-26 14:00:00,4.0,116.0,52.943363,-115.897143,Provincial Land,Oil & Gas Industry,"155,72"
2021,LWF042,2021-04-26 18:10:00,4.0,116.0,54.907683,-111.820717,Provincial Land,Other Industry,"165,76"
2021,SWF013,2021-04-26 20:00:00,4.0,116.0,55.2643,-116.23175,Metis Settlement,Resident,"157,80"
2021,SWF014,2021-01-15 10:00:00,1.0,15.0,55.3097,-115.526017,Private Land,Resident,"159,80"
2021,HWF003,2021-04-28 10:25:00,4.0,118.0,58.576485,-117.117482,Private Land,Resident,"160,92"
2021,GWF017,2021-04-28 15:00:00,4.0,118.0,55.598883,-118.9838,Private Land,Resident,"153,84"
2021,SWF074,2021-07-02 03:00:00,7.0,183.0,55.308883,-115.4999,Private Land,Lightning,"159,80"
2021,MWF036,2021-07-02 19:20:00,7.0,183.0,56.360355,-111.32235,Provincial Land,Lightning,"168,81"
2021,RWF062,2021-07-02 21:00:00,7.0,183.0,51.822667,-114.754917,Private Land,Lightning,"156,67"
2021,EWF092,2021-07-01 18:29:00,7.0,182.0,53.62095,-116.871417,Provincial Land,Lightning,"154,75"
2021,EWF091,2021-07-01 18:34:00,7.0,182.0,53.630533,-116.886,Provincial Land,Lightning,"154,75"
2021,PWF034,2021-07-03 13:00:00,7.0,184.0,56.48655,-117.246883,Provincial Land,Power Line Industry,"157,85"
2021,EWF096,2021-07-01 18:52:00,7.0,182.0,53.198085,-116.67127,Provincial Land,Lightning,"154,74"
2021,EWF097,2021-07-01 18:29:00,7.0,182.0,53.71555,-116.95695,Provincial Land,Lightning,"154,76"
2021,WWF074,2021-07-01 22:49:00,7.0,182.0,54.293083,-116.737133,Provincial Land,Lightning,"155,77"
2021,CWF078,2021-07-04 12:00:00,7.0,185.0,51.634078,-115.107872,Provincial Land,Recreation,"155,67"
2021,CWF079,2021-07-04 12:00:00,7.0,185.0,51.609298,-115.150917,Provincial Land,Recreation,"155,67"
2020,SWF050,2020-09-15 17:00:00,9.0,259.0,56.25555,-115.47605,Provincial Land,Recreation,"160,83"
2020,GWF043,2020-10-02 12:10:00,10.0,276.0,55.144217,-117.254467,Provincial Land,Power Line Industry,"155,81"
2020,CWF198,2020-10-04 10:00:00,10.0,278.0,51.127817,-115.3825,Private Land,Resident,"153,65"
2021,EWF047,2021-05-16 15:00:00,5.0,136.0,53.497367,-116.139133,Provincial Land,Forest Industry,"155,74"
2021,CWF030,2021-05-23 06:00:00,5.0,143.0,50.852695,-114.618645,Provincial Land,Recreation,"155,64"
2021,CWF031,2021-05-23 06:00:00,5.0,143.0,50.812973,-114.63234,Provincial Land,Recreation,"155,64"
2021,HWF030,2021-05-23 13:17:00,5.0,143.0,58.494383,-115.153083,Indian Reservation,Incendiary,"164,90"
2021,CWF034,2021-05-23 12:00:00,5.0,143.0,51.476333,-115.100833,Provincial Land,Recreation,"155,66"
2021,CWF036,2021-05-23 12:00:00,5.0,143.0,51.4615,-115.107,Provincial Land,Recreation,"154,66"
2021,CWF040,2021-05-23 12:00:00,5.0,143.0,51.28624,-115.144577,Private Land,Recreation,"154,66"
2022,CWF115,2022-07-31 06:00:00,7.0,212.0,51.477727,-115.140007,Provincial Land,Recreation,"154,66"
2022,CWF139,2022-08-27 12:00:00,8.0,239.0,49.474917,-114.473183,Provincial Land,Recreation,"153,59"
2022,GWF056,2022-08-27 12:00:00,8.0,239.0,55.189583,-119.7038,Private Land,Resident,"151,83"
2022,LWF164,2022-08-27 13:17:00,8.0,239.0,56.1071,-110.482283,Provincial Land,Lightning,"169,79"
2022,LWF165,2022-08-27 14:14:00,8.0,239.0,55.1817,-111.398083,Provincial Land,Lightning,"167,77"
2022,LWF166,2022-08-27 14:19:00,8.0,239.0,54.718667,-110.192033,Provincial Land,Lightning,"169,74"
2022,LWF167,2022-02-08 14:07:00,2.0,39.0,54.726633,-110.190217,Provincial Land,Lightning,"169,74"
2022,LWF169,2022-08-27 14:46:00,8.0,239.0,54.944967,-110.560567,DND,Lightning,"168,75"
2022,WWF059,2022-08-26 18:38:00,8.0,238.0,54.58395,-114.765557,Provincial Land,Lightning,"159,77"
2022,CWF140,2022-08-29 06:00:00,8.0,241.0,49.8438,-113.972967,Provincial Land,Recreation,"155,60"
2022,RWF030,2022-02-01 12:00:00,2.0,32.0,52.636583,-115.65675,Provincial Land,Forest Industry,"155,71"
2022,CWF067,2022-05-25 17:00:00,5.0,145.0,49.548333,-114.356667,Private Land,Resident,"154,59"
2022,MWF006,2022-05-31 13:59:00,5.0,151.0,56.637383,-111.14545,Provincial Land,Undetermined,"169,81"
2022,HWF013,2022-06-01 10:00:00,6.0,152.0,59.71005,-119.76675,Provincial Land,Lightning,"157,98"
2022,SWF030,2022-06-01 21:35:00,6.0,152.0,57.130067,-115.09825,Provincial Land,Undetermined,"162,86"
2022,HWF023,2022-06-08 17:05:00,6.0,159.0,57.422767,-116.152517,Provincial Land,Lightning,"160,87"
2022,MWF010,2022-06-09 13:00:00,6.0,160.0,56.678467,-112.992933,Provincial Land,Lightning,"165,83"
2022,HWF024,2022-06-09 15:40:00,6.0,160.0,58.188767,-114.763683,Provincial Land,Lightning,"164,89"
2022,MWF017,2022-06-13 13:55:00,6.0,164.0,57.143583,-110.969233,Provincial Land,Lightning,"170,83"
2022,HWF038,2022-06-25 15:59:00,6.0,176.0,58.973133,-115.269867,Provincial Land,Lightning,"164,92"
2022,PWF034,2022-07-05 16:40:00,7.0,186.0,56.3013,-116.114733,Provincial Land,Lightning,"159,84"
2022,HWF051,2022-07-07 18:34:00,7.0,188.0,58.756033,-119.39795,Provincial Land,Lightning,"157,94"
2022,MWF053,2022-07-16 16:08:00,7.0,197.0,57.157427,-110.468353,Provincial Land,Lightning,"171,83"
2022,EWF048,2022-05-27 19:00:00,5.0,147.0,53.20845,-116.805,Provincial Land,Oil & Gas Industry,"153,74"
2022,LWF093,2022-05-29 19:00:00,5.0,149.0,54.628,-114.127617,Provincial Land,Lightning,"161,76"
2022,HWF012,2022-05-31 14:11:00,5.0,151.0,59.879667,-117.507567,Provincial Land,Lightning,"161,97"
2022,SWF028,2022-06-01 14:19:00,6.0,152.0,56.767838,-116.000332,Provincial Land,Lightning,"160,85"
2022,SWF029,2022-06-01 20:00:00,6.0,152.0,56.854383,-115.2389,Provincial Land,Undetermined,"161,85"
2022,PWF007,2022-01-01 12:00:00,1.0,1.0,56.37805,-118.531417,Provincial Land,Forest Industry,"155,86"
2022,WWF004,2022-04-13 20:40:00,4.0,103.0,54.209283,-115.965722,Provincial Land,Other Industry,"156,76"
2022,EWF021,2022-04-14 15:00:00,4.0,104.0,53.221118,-115.666663,Provincial Land,Undetermined,"156,73"
2022,WWF005,2022-04-15 11:00:00,4.0,105.0,54.429433,-114.462348,Private Land,Resident,"160,76"
2022,LWF003,2022-04-17 18:00:00,4.0,107.0,54.682683,-111.920833,Indian Reservation,Resident,"165,75"
2022,RWF007,2022-04-18 16:00:00,4.0,108.0,52.399567,-114.969755,Provincial Land,Incendiary,"156,69"
2022,LWF004,2022-04-20 11:00:00,4.0,110.0,55.93575,-110.721117,Indian Reservation,Incendiary,"169,79"
2022,LWF015,2022-04-23 12:50:00,4.0,113.0,55.917283,-110.735,Indian Reservation,Resident,"169,79"
2022,HWF001,2022-04-23 15:02:00,4.0,113.0,58.482639,-114.517763,Indian Reservation,Incendiary,"165,90"
2022,LWF019,2022-04-24 10:20:00,4.0,114.0,55.9292,-110.731083,Indian Reservation,Incendiary,"169,79"
2022,LWF026,2022-04-24 16:00:00,4.0,114.0,55.9312,-110.723867,Indian Reservation,Incendiary,"169,79"
2022,LWF034,2022-04-26 22:45:00,4.0,116.0,55.904033,-110.731517,Provincial Land,Incendiary,"169,79"
2022,LWF038,2022-04-27 09:30:00,4.0,117.0,55.933055,-110.73769,Indian Reservation,Incendiary,"169,79"
2022,EWF028,2022-04-06 00:01:00,4.0,96.0,53.606133,-115.859867,Private Land,Resident,"156,74"
2022,LWF043,2022-04-28 15:40:00,4.0,118.0,54.50055,-111.648583,Provincial Land,Other Industry,"165,74"
2022,GWF057,2022-08-30 13:05:00,8.0,242.0,55.803783,-119.113967,Private Land,Agriculture Industry,"153,84"
2022,WWF060,2022-08-22 19:44:00,8.0,234.0,54.076722,-117.587753,Provincial Land,Lightning,"153,77"
2022,CWF118,2022-08-01 06:00:00,8.0,213.0,49.972885,-114.471612,Provincial Land,Recreation,"154,61"
2022,GWF058,2022-08-22 19:49:00,8.0,234.0,55.34805,-118.240333,Provincial Land,Lightning,"154,82"
2022,MWF106,2022-08-26 16:45:00,8.0,238.0,57.48025,-111.85155,Provincial Land,Lightning,"168,85"
2022,WWF061,2022-08-31 18:03:00,8.0,243.0,54.372117,-115.962083,Provincial Land,Lightning,"157,77"
2022,WWF063,2022-08-31 18:03:00,8.0,243.0,54.37875,-115.994117,Provincial Land,Lightning,"157,77"
2022,HWF092,2022-09-01 01:00:00,9.0,244.0,57.993833,-116.2667,Private Land,Resident,"161,89"
2022,WWF064,2022-08-31 21:11:00,8.0,243.0,54.3153,-115.4081,Provincial Land,Lightning,"158,76"
2022,GWF063,2022-08-22 19:37:00,8.0,234.0,54.919667,-119.460467,Provincial Land,Lightning,"151,82"
2022,EWF084,2022-08-22 21:28:00,8.0,234.0,53.742017,-117.468667,Provincial Land,Lightning,"153,76"
2022,PWF101,2022-08-22 18:00:00,8.0,234.0,56.541867,-118.565583,Provincial Land,Lightning,"155,86"
2022,LWF173,2022-09-02 16:00:00,9.0,245.0,55.062167,-111.433667,Provincial Land,Undetermined,"166,76"
2022,CWF141,2022-09-02 12:00:00,9.0,245.0,51.268,-114.935852,Provincial Land,Recreation,"155,66"
2022,CWF143,2022-09-02 16:00:00,9.0,245.0,51.413487,-115.086205,Provincial Land,Recreation,"154,66"
2022,WWF069,2022-09-02 18:55:00,9.0,245.0,54.093733,-115.606167,Provincial Land,Undetermined,"157,76"
2022,CWF144,2022-09-03 12:00:00,9.0,246.0,49.978767,-114.494683,Provincial Land,Recreation,"154,61"
2022,CWF145,2022-09-03 12:00:00,9.0,246.0,51.55582,-115.209962,Provincial Land,Recreation,"154,67"
2022,LWF047,2022-04-28 15:40:00,4.0,118.0,54.500517,-111.764217,Provincial Land,Other Industry,"165,74"
2022,LWF048,2022-04-28 15:50:00,4.0,118.0,54.500533,-111.773933,Provincial Land,Other Industry,"165,74"
2022,WWF007,2021-12-19 15:00:00,12.0,353.0,54.115783,-116.909417,Provincial Land,Government,"154,77"
2022,SWF014,2022-04-30 13:40:00,4.0,120.0,55.816533,-113.419033,Provincial Land,Resident,"163,80"
2022,PWF014,2022-05-03 17:30:00,5.0,123.0,57.953467,-117.52995,Metis Settlement,Resident,"159,90"
2022,SWF015,2022-05-04 09:15:00,5.0,124.0,55.719383,-116.373767,Private Land,Resident,"158,82"
2022,EWF034,2022-05-07 14:00:00,5.0,127.0,53.5486,-116.642532,Private Land,Undetermined,"154,75"
2022,WWF009,2022-05-12 15:00:00,5.0,132.0,54.377197,-115.339912,Provincial Land,Recreation,"158,77"
2022,SWF017,2022-05-12 17:00:00,5.0,132.0,55.16182,-116.735024,Provincial Land,Undetermined,"156,80"
2022,LWF070,2022-05-12 19:45:00,5.0,132.0,55.90475,-110.746017,Provincial Land,Incendiary,"169,79"
2022,CWF017,2022-05-13 16:00:00,5.0,133.0,49.546633,-114.497267,Provincial Land,Incendiary,"153,59"
2022,CWF019,2022-05-14 12:00:00,5.0,134.0,49.56855,-114.466617,Provincial Land,Incendiary,"153,59"
2022,PWF021,2022-05-15 03:00:00,5.0,135.0,56.4445,-116.10655,Provincial Land,Resident,"159,84"
2022,GWF059,2022-08-30 14:30:00,8.0,242.0,55.591983,-119.111417,Provincial Land,Power Line Industry,"152,84"
2022,HWF089,2022-08-30 17:00:00,8.0,242.0,58.234133,-115.581867,Private Land,Agriculture Industry,"162,90"
2022,HWF090,2022-08-30 17:30:00,8.0,242.0,58.101533,-116.290167,Private Land,Resident,"161,90"
2022,GWF060,2022-08-30 14:50:00,8.0,242.0,55.021367,-119.149408,Provincial Land,Oil & Gas Industry,"151,82"
2022,GWF061,2022-08-30 22:00:00,8.0,242.0,55.061767,-118.658767,Provincial Land,Recreation,"152,82"
2022,GWF062,2022-08-12 19:22:00,8.0,224.0,55.661183,-118.9471,Private Land,Lightning,"153,84"
2022,LWF171,2022-08-31 15:45:00,8.0,243.0,54.518183,-110.4106,Provincial Land,Incendiary,"168,74"
2022,HWF091,2022-08-31 10:00:00,8.0,243.0,58.212217,-116.329633,Private Land,Agriculture Industry,"161,90"
2022,WWF062,2022-08-31 16:29:00,8.0,243.0,54.221127,-117.274865,Provincial Land,Lightning,"154,78"
2022,WWF065,2022-08-31 21:50:00,8.0,243.0,54.561767,-114.9781,Provincial Land,Lightning,"159,77"
2022,SWF150,2022-09-01 13:00:00,9.0,244.0,55.334167,-116.763333,Private Land,Resident,"156,81"
2022,WWF066,2022-08-31 21:49:00,8.0,243.0,54.278793,-115.370148,Provincial Land,Lightning,"158,76"
2022,RWF061,2022-09-04 15:00:00,9.0,247.0,53.143308,-115.194278,Provincial Land,Undetermined,"157,72"
2022,RWF062,2022-09-04 12:00:00,9.0,247.0,52.256947,-115.651417,Provincial Land,Undetermined,"154,70"
2022,PWF104,2022-09-04 15:00:00,9.0,247.0,56.875333,-117.349967,Private Land,Agriculture Industry,"157,86"
2022,CWF152,2022-09-04 12:00:00,9.0,247.0,51.392357,-115.111808,Provincial Land,Recreation,"154,66"
2022,WWF075,2022-08-20 22:54:00,8.0,232.0,54.474683,-116.71095,Provincial Land,Lightning,"155,78"
2022,GWF066,2022-09-07 18:50:00,9.0,250.0,55.116302,-117.987595,Provincial Land,Power Line Industry,"154,81"
2021,MWF102,2021-08-25 12:00:00,8.0,237.0,56.457637,-112.985925,Provincial Land,Lightning,"165,82"
2021,GWF095,2021-08-05 21:00:00,8.0,217.0,55.546217,-117.8832,Provincial Land,Government,"155,82"
2021,MWF103,2021-08-24 20:10:00,8.0,236.0,57.18995,-112.033817,Provincial Land,Lightning,"168,84"
2022,SWF153,2022-09-07 18:00:00,9.0,250.0,56.10495,-115.3009,Provincial Land,Lightning,"160,82"
2022,EWF088,2022-09-09 09:00:00,9.0,252.0,53.9085,-118.750667,Provincial Land,Undetermined,"150,78"
2022,MWF108,2022-08-26 18:00:00,8.0,238.0,57.4782,-111.826683,Provincial Land,Lightning,"168,85"
2022,PWF109,2022-09-02 16:20:00,9.0,245.0,55.687933,-116.809567,Provincial Land,Lightning,"157,82"
2022,GWF068,2022-09-11 17:00:00,9.0,254.0,55.466737,-119.903892,Private Land,Incendiary,"151,84"
2022,LWF078,2022-05-15 19:00:00,5.0,135.0,55.916,-110.736517,Indian Reservation,Incendiary,"169,79"
2022,HWF007,2022-05-18 00:00:00,5.0,138.0,58.618283,-117.17605,Provincial Land,Incendiary,"160,92"
2022,LWF081,2022-05-18 11:55:00,5.0,138.0,55.925717,-110.723467,Indian Reservation,Incendiary,"169,79"
2022,RWF022,2022-05-18 16:30:00,5.0,138.0,52.1006,-114.8824,Private Land,Power Line Industry,"156,68"
2022,SWF019,2022-05-19 16:30:00,5.0,139.0,55.903017,-113.51345,Indian Reservation,Resident,"163,80"
2022,WWF014,2022-05-20 22:00:00,5.0,140.0,54.177357,-115.759498,Provincial Land,Recreation,"157,76"
2022,LWF086,2022-05-21 15:00:00,5.0,141.0,55.269721,-113.229759,Indian Reservation,Resident,"163,78"
2022,LWF085,2022-05-21 14:00:00,5.0,141.0,54.600165,-113.662432,Provincial Land,Recreation,"161,76"
2022,MWF004,2022-05-21 16:00:00,5.0,141.0,56.431033,-111.16015,Provincial Land,Resident,"168,81"
2022,CWF032,2022-05-22 06:00:00,5.0,142.0,51.628227,-115.063323,Provincial Land,Recreation,"155,67"
2022,CWF038,2022-05-22 17:00:00,5.0,142.0,51.277733,-115.055053,Provincial Land,Recreation,"154,66"
2022,SWF022,2022-05-22 23:15:00,5.0,142.0,55.341983,-115.747933,Provincial Land,Incendiary,"158,80"
2022,CWF045,2022-05-23 06:00:00,5.0,143.0,51.269325,-114.968597,Provincial Land,Recreation,"155,66"
2022,WWF067,2022-08-31 20:38:00,8.0,243.0,54.690467,-115.44715,Provincial Land,Lightning,"158,78"
2022,LWF172,2022-08-31 23:00:00,8.0,243.0,55.183167,-110.2212,DND,Lightning,"169,76"
2022,WWF068,2022-08-13 10:31:00,8.0,225.0,54.284488,-115.646255,Provincial Park,Lightning,"157,76"
2022,PWF102,2022-09-02 19:30:00,9.0,245.0,56.535833,-117.6305,Private Land,Resident,"156,86"
2022,CWF142,2022-09-03 12:00:00,9.0,246.0,51.411137,-115.082375,Provincial Land,Undetermined,"154,66"
2022,CWF146,2022-09-03 06:00:00,9.0,246.0,51.55663,-115.212289,Provincial Land,Recreation,"154,67"
2022,PWF103,2022-09-04 16:20:00,9.0,247.0,57.621783,-117.229183,Private Land,Agriculture Industry,"159,89"
2022,CWF147,2022-09-04 12:00:00,9.0,247.0,49.989183,-114.40455,Provincial Land,Recreation,"154,61"
2022,CWF148,2022-09-04 06:00:00,9.0,247.0,51.403595,-115.065407,Provincial Land,Recreation,"154,66"
2022,PWF108,2022-09-07 12:00:00,9.0,250.0,56.503433,-117.224433,Private Land,Agriculture Industry,"157,85"
2022,SWF155,2022-09-12 18:00:00,9.0,255.0,56.454717,-115.804967,Provincial Land,Recreation,"160,84"
2022,PWF111,2022-09-13 17:45:00,9.0,256.0,56.42995,-117.296,Private Land,Agriculture Industry,"157,85"
2022,GWF071,2022-09-16 18:00:00,9.0,259.0,54.167767,-118.72645,Provincial Land,Lightning,"151,79"
2022,CWF161,2022-09-18 20:00:00,9.0,261.0,51.5912,-114.7134,Provincial Land,Incendiary,"155,66"
2022,HWF096,2022-09-15 12:00:00,9.0,258.0,58.8811,-114.997833,Provincial Land,Lightning,"164,92"
2022,LWF179,2022-09-19 10:00:00,9.0,262.0,54.789417,-111.856927,Private Land,Resident,"165,75"
2022,HWF098,2022-09-22 15:00:00,9.0,265.0,58.88785,-114.948417,Provincial Land,Lightning,"164,92"
2022,HWF099,2022-09-28 19:30:00,9.0,271.0,58.511857,-117.072448,Indian Reservation,Incendiary,"160,92"
2022,GWF073,2022-10-05 02:00:00,10.0,278.0,54.57003,-118.310135,Provincial Land,Railroad,"152,80"
2022,SWF160,2022-09-29 18:00:00,9.0,272.0,55.823843,-115.675738,Metis Settlement,Recreation,"159,82"
2022,HWF117,2022-10-23 12:00:00,10.0,296.0,58.463203,-114.463794,Indian Reservation,Incendiary,"165,90"
2022,HWF118,2022-10-23 08:00:00,10.0,296.0,58.461296,-114.447388,Indian Reservation,Incendiary,"165,90"
2022,RWF076,2022-10-26 08:00:00,10.0,299.0,52.3941,-116.071,Provincial Land,Recreation,"154,70"
2022,PWF120,2022-10-01 12:00:00,10.0,274.0,55.902517,-116.643117,Provincial Land,Lightning,"157,83"
2022,EWF102,2022-10-27 11:10:00,10.0,300.0,53.568083,-116.626133,Provincial Land,Undetermined,"154,75"
2022,SWF173,2022-10-27 12:55:00,10.0,300.0,55.402333,-116.147333,Indian Reservation,Power Line Industry,"158,81"
2022,WWF086,2022-10-27 13:30:00,10.0,300.0,54.061747,-115.839193,Private Land,Power Line Industry,"156,76"
2022,CWF049,2022-05-23 06:00:00,5.0,143.0,49.605917,-114.38155,Provincial Land,Recreation,"154,59"
2022,RWF024,2022-05-23 12:00:00,5.0,143.0,52.165233,-115.367117,Provincial Land,Recreation,"155,69"
2022,RWF025,2022-05-23 13:00:00,5.0,143.0,52.999967,-115.803783,Provincial Land,Undetermined,"155,72"
2022,CWF065,2022-05-23 12:00:00,5.0,143.0,51.270748,-115.020905,Provincial Land,Recreation,"154,66"
2022,CWF057,2022-05-23 12:00:00,5.0,143.0,51.402808,-115.054665,Provincial Land,Recreation,"155,66"
2022,WWF028,2022-05-25 10:00:00,5.0,145.0,54.510948,-114.573158,Private Land,Resident,"160,76"
2022,GWF012,2022-05-26 13:20:00,5.0,146.0,55.0675,-117.413,Indian Reservation,Incendiary,"155,80"
2022,EWF049,2022-05-28 17:45:00,5.0,148.0,53.265083,-115.415367,Provincial Land,Undetermined,"156,73"
2022,EWF012,2022-04-08 17:00:00,4.0,98.0,53.437417,-115.471833,Provincial Land,Forest Industry,"156,73"
2022,EWF014,2022-04-08 17:00:00,4.0,98.0,53.434033,-115.485133,Provincial Land,Forest Industry,"156,73"
2022,EWF013,2022-04-08 19:00:00,4.0,98.0,53.568583,-116.711417,Provincial Land,Power Line Industry,"154,75"
2022,WWF071,2022-08-31 17:40:00,8.0,243.0,54.227878,-116.41645,Provincial Land,Lightning,"155,77"
2022,WWF074,2022-08-26 17:00:00,8.0,238.0,54.1863,-115.164167,Provincial Land,Lightning,"158,76"
2022,CWF149,2022-09-04 12:00:00,9.0,247.0,51.40358,-115.065247,Provincial Land,Recreation,"154,66"
2022,PWF105,2022-07-31 12:00:00,7.0,212.0,57.627533,-117.243783,Private Land,Agriculture Industry,"159,89"
2022,CWF150,2022-09-04 12:00:00,9.0,247.0,51.393223,-115.09111,Provincial Land,Recreation,"154,66"
2022,CWF151,2022-09-03 12:00:00,9.0,246.0,51.555825,-115.209953,Provincial Land,Recreation,"154,67"
2022,PWF106,2022-09-05 17:00:00,9.0,248.0,57.717767,-117.881217,Provincial Land,Lightning,"158,90"
2022,PWF107,2022-09-05 17:00:00,9.0,248.0,56.45475,-116.133583,Private Land,Undetermined,"159,84"
2022,WWF076,2022-08-20 22:43:00,8.0,232.0,54.069917,-115.55246,Provincial Land,Lightning,"157,76"
2022,CWF153,2022-09-05 08:00:00,9.0,248.0,51.551632,-115.205703,Provincial Land,Recreation,"154,67"
2022,GWF080,2022-10-27 09:00:00,10.0,300.0,55.757636,-119.522197,Provincial Land,Power Line Industry,"152,85"
2022,SWF174,2022-10-27 14:45:00,10.0,300.0,55.407722,-115.335392,Indian Reservation,Undetermined,"159,80"
2022,EWF103,2022-10-27 11:10:00,10.0,300.0,53.581467,-116.7515,Provincial Land,Power Line Industry,"154,75"
2022,SWF175,2022-10-27 14:00:00,10.0,300.0,56.136783,-113.848917,Indian Reservation,Power Line Industry,"163,81"
2022,RWF077,2022-10-27 15:00:00,10.0,300.0,52.474917,-115.5422,Provincial Land,Power Line Industry,"155,70"
2022,EWF105,2022-10-28 05:00:00,10.0,301.0,53.67045,-116.084383,Private Land,Resident,"155,75"
2023,HWF001,2023-01-16 08:00:00,1.0,16.0,57.817939,-116.655138,Provincial Land,Recreation,"160,89"
2022,RWF078,2022-10-27 17:00:00,10.0,300.0,52.092183,-115.037033,Private Land,Power Line Industry,"155,68"
2022,EWF106,2022-10-29 14:55:00,10.0,302.0,53.714867,-115.1322,Provincial Land,Undetermined,"157,74"
2022,WWF088,2022-10-14 11:00:00,10.0,287.0,54.419056,-116.952192,Provincial Land,Recreation,"155,78"
2022,EWF107,2022-10-29 09:00:00,10.0,302.0,53.785317,-116.056527,Private Land,Resident,"156,75"
2022,SWF176,2022-10-29 21:09:00,10.0,302.0,55.254833,-114.225167,Private Land,Resident,"161,79"
2022,SWF177,2022-10-30 06:00:00,10.0,303.0,55.857167,-115.192333,Provincial Land,Power Line Industry,"160,81"
2022,PWF112,2022-09-23 09:00:00,9.0,266.0,56.492167,-116.42625,Provincial Land,Power Line Industry,"159,84"
2022,RWF066,2022-09-14 18:00:00,9.0,257.0,52.7027,-115.998667,Provincial Land,Lightning,"154,71"
2022,LWF180,2022-09-25 00:00:00,9.0,268.0,54.954317,-111.034683,DND,Lightning,"167,75"
2022,SWF158,2022-09-24 20:00:00,9.0,267.0,55.957858,-115.592202,Indian Reservation,Resident,"159,82"
2022,RWF067,2022-09-25 08:00:00,9.0,268.0,52.234083,-116.450467,Provincial Land,Recreation,"153,70"
2022,MWF007,2022-06-03 05:17:00,6.0,154.0,56.623083,-111.3421,Provincial Land,Power Line Industry,"168,81"
2022,EWF053,2022-06-03 13:45:00,6.0,154.0,53.292167,-115.3575,Provincial Land,Power Line Industry,"156,73"
2022,WWF033,2022-06-03 15:00:00,6.0,154.0,54.636265,-114.2789,Private Land,Resident,"160,77"
2022,EWF054,2022-06-03 16:00:00,6.0,154.0,53.752883,-115.588083,Provincial Land,Power Line Industry,"157,75"
2022,SWF032,2022-06-03 20:15:00,6.0,154.0,55.95255,-113.918133,Indian Reservation,Resident,"163,81"
2022,WWF034,2022-06-04 08:56:00,6.0,155.0,54.149067,-116.921387,Provincial Land,Lightning,"154,77"
2022,SWF036,2022-06-05 13:30:00,6.0,156.0,55.2908,-116.490817,Provincial Land,Power Line Industry,"157,80"
2022,WWF035,2022-06-05 13:45:00,6.0,156.0,54.681983,-114.228867,Provincial Land,Power Line Industry,"160,77"
2022,SWF037,2022-06-05 13:10:00,6.0,156.0,56.6521,-115.825783,Provincial Land,Power Line Industry,"160,85"
2022,MWF009,2022-06-05 16:30:00,6.0,156.0,56.432167,-111.03975,Provincial Land,Power Line Industry,"169,81"
2022,SWF038,2022-06-05 20:40:00,6.0,156.0,55.997733,-113.763183,Provincial Land,Recreation,"163,81"
2022,WWF087,2022-08-26 10:28:00,8.0,238.0,54.259183,-116.242318,Provincial Land,Lightning,"156,77"
2022,MWF113,2022-10-19 17:00:00,10.0,292.0,56.8121,-111.441217,Provincial Land,Recreation,"168,82"
2022,WWF085,2022-09-17 01:59:00,9.0,260.0,54.006659,-115.516569,Private Land,Lightning,"157,75"
2022,MWF112,2022-10-18 17:30:00,10.0,291.0,56.757533,-111.548,Provincial Land,Recreation,"168,82"
2022,GWF064,2022-08-19 19:19:00,8.0,231.0,54.461783,-118.821783,Provincial Land,Lightning,"151,80"
2022,MWF107,2022-09-05 13:00:00,9.0,248.0,59.935867,-111.763833,Provincial Land,Recreation,"171,93"
2022,CWF154,2022-09-05 12:00:00,9.0,248.0,51.633862,-115.106492,Provincial Land,Recreation,"155,67"
2022,SWF151,2022-09-03 14:00:00,9.0,246.0,55.306033,-113.8402,Provincial Land,Recreation,"162,79"
2022,CWF155,2022-09-05 12:00:00,9.0,248.0,51.632695,-115.110145,Provincial Land,Recreation,"155,67"
2022,CWF156,2022-09-05 12:00:00,9.0,248.0,51.63356,-115.085998,Provincial Land,Recreation,"155,67"
2022,CWF157,2022-09-05 12:00:00,9.0,248.0,51.633129,-115.0882,Provincial Land,Recreation,"155,67"
2022,CWF158,2022-09-05 08:00:00,9.0,248.0,51.2785,-115.053483,Provincial Land,Recreation,"154,66"
2022,CWF159,2022-09-05 06:00:00,9.0,248.0,51.289317,-115.1424,Provincial Land,Recreation,"154,66"
2022,CWF160,2022-09-05 13:22:00,9.0,248.0,51.285917,-115.1434,Provincial Land,Recreation,"154,66"
2022,SWF152,2022-08-31 22:23:00,8.0,243.0,55.404433,-113.8547,Provincial Land,Lightning,"162,79"
2022,GWF065,2022-08-21 00:49:00,8.0,233.0,55.063333,-117.593333,Provincial Land,Lightning,"154,81"
2022,EWF087,2022-09-07 12:00:00,9.0,250.0,53.611778,-116.445465,Private Land,Resident,"155,75"
2022,WWF077,2022-09-07 18:17:00,9.0,250.0,54.2767,-116.134,Provincial Land,Resident,"156,77"
2022,LWF174,2022-09-08 12:50:00,9.0,251.0,54.921967,-112.542367,Provincial Land,Resident,"164,76"
2022,PWF114,2022-09-26 02:30:00,9.0,269.0,56.477817,-118.702317,Provincial Land,Resident,"154,86"
2022,HWF100,2022-09-29 13:30:00,9.0,272.0,58.053581,-116.672129,Private Land,Agriculture Industry,"160,90"
2022,WWF081,2022-09-29 19:00:00,9.0,272.0,54.419312,-116.952103,Provincial Land,Recreation,"155,78"
2022,EWF093,2022-10-01 12:30:00,10.0,274.0,53.824185,-116.518707,Provincial Land,Under Investigation,"155,76"
2022,SWF159,2022-10-01 14:00:00,10.0,274.0,55.23,-114.499667,Provincial Land,Power Line Industry,"161,79"
2022,HWF101,2022-10-01 18:18:00,10.0,274.0,58.175442,-116.594718,Provincial Land,Resident,"161,90"
2022,WWF082,2022-08-31 17:40:00,8.0,243.0,54.227867,-116.41645,Provincial Land,Government,"155,77"
2022,WWF083,2022-08-19 16:19:00,8.0,231.0,54.31795,-117.271805,Provincial Land,Lightning,"154,78"
2022,RWF065,2022-09-21 14:45:00,9.0,264.0,52.612367,-116.580883,Provincial Land,Lightning,"153,72"
2022,HWF097,2022-09-22 10:00:00,9.0,265.0,58.491061,-116.688837,Private Land,Lightning,"161,91"
2022,SWF157,2022-09-23 16:00:00,9.0,266.0,55.404033,-116.72675,Provincial Land,Agriculture Industry,"157,81"
2022,CWF162,2022-09-25 15:30:00,9.0,268.0,51.183133,-114.95225,Indian Reservation,Resident,"154,65"
2022,GWF072,2022-09-25 13:40:00,9.0,268.0,54.805217,-119.055783,Provincial Land,Oil & Gas Industry,"151,81"
2022,PWF113,2022-09-26 17:00:00,9.0,269.0,56.387,-118.580333,Provincial Land,Forest Industry,"154,86"
2022,RWF068,2022-10-03 06:00:00,10.0,276.0,53.11275,-115.6627,Provincial Land,Recreation,"156,72"
2022,SWF039,2022-06-09 13:20:00,6.0,160.0,54.84625,-115.304117,Provincial Land,Power Line Industry,"159,78"
2022,MWF011,2022-06-09 14:59:00,6.0,160.0,56.849617,-112.55925,Provincial Land,Lightning,"166,83"
2022,MWF012,2022-06-09 15:00:00,6.0,160.0,56.990917,-112.446433,Provincial Land,Lightning,"167,83"
2022,HWF030,2022-06-11 09:00:00,6.0,162.0,58.529933,-115.155733,Indian Reservation,Incendiary,"164,90"
2022,LWF098,2022-06-11 21:00:00,6.0,162.0,55.909317,-110.8306,Provincial Land,Lightning,"169,79"
2022,MWF018,2022-06-13 14:00:00,6.0,164.0,59.641017,-111.325233,Provincial Land,Lightning,"172,92"
2022,PWF026,2022-06-14 19:30:00,6.0,165.0,56.253,-118.339033,Private Land,Lightning,"155,85"
2022,CWF075,2022-06-18 12:00:00,6.0,169.0,49.673243,-114.59337,Provincial Land,Recreation,"153,60"
2022,WWF036,2022-06-20 14:30:00,6.0,171.0,54.13638,-115.757882,Provincial Land,Power Line Industry,"157,76"
2022,HWF033,2022-06-20 16:30:00,6.0,171.0,59.8565,-118.316167,Provincial Land,Lightning,"160,97"
2022,SWF042,2022-06-20 16:15:00,6.0,171.0,55.7635,-116.4047,Metis Settlement,Resident,"158,82"
2022,HWF034,2022-06-20 20:13:00,6.0,171.0,59.162883,-118.449667,Provincial Land,Lightning,"159,95"
2022,LWF175,2022-09-07 23:00:00,9.0,250.0,55.267383,-113.165183,Provincial Land,Undetermined,"163,78"
2022,HWF093,2022-09-10 13:00:00,9.0,253.0,58.859583,-118.08525,Provincial Land,Lightning,"159,94"
2022,GWF067,2022-08-23 04:14:00,8.0,235.0,54.582467,-117.409383,Provincial Land,Lightning,"154,79"
2022,HWF094,2022-09-10 12:00:00,9.0,253.0,58.77825,-118.081517,Provincial Land,Lightning,"159,93"
2022,WWF078,2022-09-10 20:01:00,9.0,253.0,54.446033,-114.515083,Provincial Land,Undetermined,"160,76"
2022,WWF079,2022-09-11 11:00:00,9.0,254.0,54.193367,-116.218253,Provincial Land,Undetermined,"156,77"
2022,RWF063,2022-09-11 12:00:00,9.0,254.0,52.1315,-115.867783,Provincial Land,Recreation,"154,69"
2022,SWF154,2022-09-07 18:06:00,9.0,250.0,57.109667,-114.140833,Provincial Land,Lightning,"164,85"
2022,PWF110,2022-09-05 16:00:00,9.0,248.0,57.771487,-117.710355,Private Land,Lightning,"158,90"
2022,LWF176,2022-09-12 13:00:00,9.0,255.0,54.86564,-113.058497,Provincial Land,Lightning,"163,77"
2022,LWF177,2022-09-12 09:00:00,9.0,255.0,54.503733,-110.248083,Indian Reservation,Undetermined,"168,73"
2022,WWF080,2020-08-26 13:07:00,8.0,239.0,54.14806,-116.984345,Provincial Land,Lightning,"154,77"
2022,LWF178,2022-09-14 12:30:00,9.0,257.0,54.610733,-110.8015,Provincial Land,Government,"167,74"
2022,HWF102,2022-10-03 09:00:00,10.0,276.0,58.690033,-116.73505,Provincial Land,Lightning,"161,92"
2022,HWF104,2022-10-05 08:00:00,10.0,278.0,58.51905,-117.075133,Indian Reservation,Incendiary,"160,92"
2022,CWF165,2022-10-09 14:00:00,10.0,282.0,51.599483,-115.014533,Provincial Land,Under Investigation,"155,67"
2022,LWF183,2022-08-15 17:00:00,8.0,227.0,54.97365,-113.246633,Provincial Land,Lightning,"163,77"
2022,MWF110,2022-10-09 12:00:00,10.0,282.0,56.658525,-111.382863,Provincial Land,Recreation,"168,82"
2022,GWF074,2022-10-09 16:59:00,10.0,282.0,55.02022,-118.552412,Provincial Land,Recreation,"152,81"
2022,HWF106,2022-10-10 08:00:00,10.0,283.0,58.688783,-114.06405,Provincial Land,Recreation,"166,90"
2022,CWF166,2022-10-10 12:00:00,10.0,283.0,49.905117,-114.451217,Provincial Land,Under Investigation,"154,60"
2022,WWF084,2022-08-31 15:18:00,8.0,243.0,54.195071,-115.606324,Provincial Land,Lightning,"157,76"
2022,RWF069,2022-10-10 20:00:00,10.0,283.0,52.711333,-115.105,Provincial Land,Lightning,"156,71"
2022,GWF075,2022-10-11 15:55:00,10.0,284.0,54.6968,-117.64845,Provincial Land,Power Line Industry,"154,79"
2022,LWF195,2022-10-30 16:10:00,10.0,303.0,55.950111,-110.70707,Indian Reservation,Incendiary,"169,79"
2022,MWF114,2022-10-30 16:30:00,10.0,303.0,56.4175,-111.400997,Provincial Land,Recreation,"168,81"
2022,LWF196,2022-10-30 18:00:00,10.0,303.0,55.927104,-110.71684,Indian Reservation,Undetermined,"169,79"
2022,PWF121,2022-10-21 16:00:00,10.0,294.0,56.395783,-118.937583,Private Land,Agriculture Industry,"154,86"
2022,WWF089,2022-10-29 19:00:00,10.0,302.0,54.19667,-115.9889,Provincial Land,Recreation,"156,76"
2022,HWF119,2022-10-31 10:30:00,10.0,304.0,58.447389,-114.540949,Indian Reservation,Incendiary,"165,90"
2022,GWF082,2022-10-30 14:15:00,10.0,303.0,54.957757,-119.190524,Provincial Land,Oil & Gas Industry,"151,82"
2022,MWF115,2022-10-24 19:00:00,10.0,297.0,56.7862,-111.8734,Provincial Land,Recreation,"167,82"
2022,PWF122,2022-10-31 11:00:00,10.0,304.0,56.30605,-117.847467,Private Land,Agriculture Industry,"156,85"
2022,GWF025,2022-06-21 12:00:00,6.0,172.0,54.862167,-117.472633,Private Land,Resident,"154,80"
2022,SWF044,2022-06-21 15:23:00,6.0,172.0,56.599667,-113.904867,Provincial Land,Lightning,"163,83"
2022,HWF036,2022-06-25 14:20:00,6.0,176.0,59.414138,-117.863352,Provincial Land,Lightning,"160,95"
2022,MWF029,2022-06-25 15:00:00,6.0,176.0,57.68255,-112.42035,Provincial Land,Lightning,"167,86"
2022,MWF030,2022-06-25 17:13:00,6.0,176.0,59.870033,-111.567017,Provincial Land,Lightning,"171,93"
2022,SWF046,2022-06-26 13:48:00,6.0,177.0,56.311,-113.102867,Provincial Land,Lightning,"165,82"
2022,SWF048,2022-06-26 15:14:00,6.0,177.0,56.157317,-113.79735,Provincial Land,Lightning,"163,81"
2022,LWF103,2022-06-26 16:30:00,6.0,177.0,55.38295,-112.686117,Provincial Land,Lightning,"164,78"
2022,LWF104,2022-06-26 18:00:00,6.0,177.0,54.9503,-112.418667,Provincial Land,Lightning,"164,76"
2022,SWF049,2022-06-26 17:00:00,6.0,177.0,55.198217,-116.7848,Provincial Land,Lightning,"156,80"
2022,SWF050,2022-06-29 10:55:00,6.0,180.0,56.101017,-113.4431,Provincial Land,Undetermined,"164,81"
2022,HWF003,2022-05-02 12:30:00,5.0,122.0,58.498833,-119.333033,Provincial Land,Oil & Gas Industry,"156,93"
2022,LWF059,2022-05-04 17:00:00,5.0,124.0,55.934733,-110.72035,Indian Reservation,Resident,"169,79"
2022,LWF060,2022-05-05 00:10:00,5.0,125.0,55.259667,-113.224833,Indian Reservation,Resident,"163,78"
2022,LWF068,2022-05-12 10:20:00,5.0,132.0,54.694648,-111.903672,Indian Reservation,Government,"165,75"
2022,PWF017,2022-05-11 16:57:00,5.0,131.0,56.386547,-116.871617,Provincial Land,Power Line Industry,"158,84"
2022,PWF018,2022-01-01 12:00:00,1.0,1.0,57.437417,-117.637033,Provincial Land,Forest Industry,"158,89"
2022,PWF019,2022-05-12 14:30:00,5.0,132.0,56.489535,-119.964782,Provincial Land,Undetermined,"152,87"
2022,EWF037,2022-05-12 15:55:00,5.0,132.0,53.60645,-115.263633,Provincial Land,Undetermined,"157,74"
2022,LWF074,2022-05-14 16:00:00,5.0,134.0,55.909383,-110.745183,Provincial Land,Incendiary,"169,79"
2022,WWF010,2022-05-15 09:00:00,5.0,135.0,54.063317,-115.498667,Provincial Land,Other Industry,"157,76"
2022,RWF020,2022-05-16 14:00:00,5.0,136.0,53.084,-115.013283,Provincial Land,Power Line Industry,"157,72"
2022,LWF082,2022-05-19 15:00:00,5.0,139.0,55.934717,-110.720033,Indian Reservation,Resident,"169,79"
2022,GWF081,2022-10-27 18:45:00,10.0,300.0,54.972303,-119.133402,Private Land,Incendiary,"151,82"
2022,PWF123,2022-11-03 12:15:00,11.0,307.0,56.499083,-117.280967,Provincial Land,Resident,"157,85"
2022,GWF083,2022-10-30 12:00:00,10.0,303.0,55.507733,-118.48755,Provincial Land,Recreation,"153,83"
2022,MWF116,2022-11-05 09:00:00,11.0,309.0,57.242883,-111.193033,Provincial Land,Recreation,"169,84"
2022,PWF124,2022-11-05 00:00:00,11.0,309.0,56.0148,-116.871867,Private Land,Resident,"157,83"
2022,SWF178,2022-11-07 08:00:00,11.0,311.0,55.91869,-113.902397,Indian Reservation,Resident,"163,81"
2022,MWF117,2022-11-05 14:30:00,11.0,309.0,57.265417,-111.04875,Provincial Land,Recreation,"170,84"
2022,GWF084,2022-10-10 11:40:00,10.0,283.0,55.344242,-117.715592,Provincial Land,Lightning,"155,82"
2022,LWF197,2022-11-15 00:00:00,11.0,319.0,55.7218,-112.312083,Provincial Land,Recreation,"165,79"
2022,HWF103,2022-10-04 20:30:00,10.0,277.0,59.51527,-117.18306,Provincial Land,Incendiary,"161,95"
2022,EWF094,2022-10-05 16:00:00,10.0,278.0,53.343887,-117.851822,Provincial Land,Railroad,"151,75"
2022,LWF181,2022-10-05 16:00:00,10.0,278.0,54.875133,-111.920283,Private Land,Resident,"165,76"
2022,MWF109,2022-08-24 17:58:00,8.0,236.0,59.5555,-110.380933,Provincial Land,Lightning,"173,91"
2022,HWF105,2022-10-06 09:00:00,10.0,279.0,58.772186,-116.536483,Provincial Land,Recreation,"161,92"
2022,EWF095,2022-10-07 00:01:00,10.0,280.0,53.886388,-119.1075,Provincial Land,Undetermined,"150,78"
2022,CWF164,2022-10-07 21:00:00,10.0,280.0,50.779914,-114.560268,Provincial Land,Recreation,"155,64"
2022,SWF161,2022-08-13 16:00:00,8.0,225.0,55.820567,-115.80695,Metis Settlement,Lightning,"159,82"
2022,LWF182,2022-10-09 00:00:00,10.0,282.0,55.136667,-112.0735,Provincial Land,Resident,"165,77"
2022,PWF115,2022-10-01 12:00:00,10.0,274.0,56.52565,-117.657533,Provincial Land,Power Line Industry,"156,86"
2022,EWF020,2021-11-18 10:00:00,11.0,322.0,53.1358,-116.446007,Provincial Land,Forest Industry,"154,73"
2023,WWF005,2023-04-09 13:00:00,4.0,99.0,54.357247,-116.620193,Provincial Land,Lightning,"155,77"
2022,PWF116,2022-10-07 12:00:00,10.0,280.0,56.600783,-117.287445,Private Land,Agriculture Industry,"157,86"
2022,LWF107,2022-06-27 14:00:00,6.0,178.0,54.9269,-111.138517,DND,Lightning,"167,75"
2022,CWF081,2022-07-02 12:00:00,7.0,183.0,49.608757,-114.374827,Provincial Land,Recreation,"154,59"
2022,CWF086,2022-07-03 06:00:00,7.0,184.0,49.614117,-114.675667,Provincial Land,Recreation,"153,60"
2022,CWF088,2022-07-03 12:00:00,7.0,184.0,51.6334,-115.10495,Provincial Land,Recreation,"155,67"
2022,CWF091,2022-07-03 12:00:00,7.0,184.0,51.550922,-115.201355,Provincial Land,Recreation,"154,67"
2022,CWF094,2022-07-03 12:15:00,7.0,184.0,49.628367,-114.49275,Private Land,Power Line Industry,"153,60"
2022,CWF095,2022-07-03 12:00:00,7.0,184.0,51.633567,-115.089367,Provincial Land,Recreation,"155,67"
2022,CWF102,2022-07-03 12:00:00,7.0,184.0,51.278243,-115.090495,Provincial Land,Recreation,"154,66"
2022,MWF035,2022-07-03 16:00:00,7.0,184.0,57.381767,-110.167267,Provincial Land,Lightning,"171,83"
2022,CWF104,2022-07-03 12:00:00,7.0,184.0,51.272767,-115.008567,Provincial Land,Recreation,"154,66"
2022,PWF033,2022-07-04 09:30:00,7.0,185.0,56.302619,-117.90979,Provincial Land,Recreation,"156,85"
2022,PWF036,2022-07-05 18:15:00,7.0,186.0,56.535633,-116.787333,Provincial Land,Lightning,"158,85"
2022,LWF108,2022-07-05 19:00:00,7.0,186.0,54.4987,-111.7269,Provincial Land,Power Line Industry,"165,74"
2022,HWF053,2022-07-10 11:00:00,7.0,191.0,59.40055,-115.561583,Provincial Land,Lightning,"164,94"
2022,CWF106,2022-07-10 12:00:00,7.0,191.0,50.014107,-114.529617,Provincial Land,Recreation,"154,61"
2022,SWF054,2022-07-10 14:30:00,7.0,191.0,54.81755,-115.45585,Provincial Land,Power Line Industry,"158,78"
2022,MWF042,2022-07-11 13:00:00,7.0,192.0,57.918967,-111.068417,Provincial Land,Recreation,"170,86"
2022,MWF043,2022-07-09 18:30:00,7.0,190.0,57.43005,-111.294333,Provincial Land,Lightning,"169,84"
2022,MWF044,2022-07-11 13:00:00,7.0,192.0,56.6798,-111.258,Private Land,Resident,"169,82"
2022,HWF008,2022-05-21 15:12:00,5.0,141.0,58.02135,-116.319117,Private Land,Resident,"161,90"
2022,CWF027,2022-05-22 12:00:00,5.0,142.0,51.28844,-115.141783,Provincial Land,Recreation,"154,66"
2022,CWF029,2022-05-22 12:00:00,5.0,142.0,50.2533,-114.336583,Provincial Land,Recreation,"155,62"
2022,CWF030,2022-05-22 12:00:00,5.0,142.0,51.281483,-115.164267,Provincial Land,Recreation,"154,66"
2022,CWF036,2022-05-22 12:00:00,5.0,142.0,51.282067,-115.0811,Provincial Land,Recreation,"154,66"
2022,CWF046,2022-05-23 06:00:00,5.0,143.0,51.609767,-115.169867,Provincial Land,Recreation,"155,67"
2022,CWF051,2022-05-23 06:00:00,5.0,143.0,51.6346,-115.130733,Provincial Land,Recreation,"155,67"
2022,CWF063,2022-05-23 12:00:00,5.0,143.0,49.841783,-114.413933,Provincial Land,Recreation,"154,60"
2022,CWF060,2022-05-23 12:00:00,5.0,143.0,49.920881,-114.394844,Provincial Land,Recreation,"154,60"
2022,CWF062,2022-05-23 12:00:00,5.0,143.0,51.28137,-115.1569,Provincial Land,Recreation,"154,66"
2022,SWF026,2022-05-24 18:00:00,5.0,144.0,56.0107,-115.199717,Provincial Land,Lightning,"160,82"
2022,HWF009,2022-05-24 17:12:00,5.0,144.0,58.046266,-116.824185,Private Land,Agriculture Industry,"160,90"
2022,GWF013,2022-05-25 15:50:00,5.0,145.0,54.76425,-118.803867,Provincial Land,Lightning,"152,81"
2022,CWF071,2022-05-28 20:00:00,5.0,148.0,51.14295,-114.799283,Indian Reservation,Incendiary,"155,65"
2022,WWF031,2022-05-29 10:50:00,5.0,149.0,54.093297,-115.82077,Provincial Land,Power Line Industry,"156,76"
2022,SWF163,2022-09-13 21:00:00,9.0,256.0,55.358833,-116.240833,Provincial Land,Undetermined,"157,81"
2022,LWF184,2022-10-12 07:00:00,10.0,285.0,54.694917,-111.05995,Provincial Land,Recreation,"167,75"
2022,LWF186,2022-10-12 18:00:00,10.0,285.0,54.846283,-113.544383,Provincial Land,Recreation,"162,77"
2022,HWF109,2022-10-13 07:30:00,10.0,286.0,58.383087,-114.706033,Provincial Land,Recreation,"164,90"
2022,LWF187,2022-10-13 15:00:00,10.0,286.0,55.93475,-110.721367,Indian Reservation,Resident,"169,79"
2022,SWF164,2022-08-14 12:55:00,8.0,226.0,55.236117,-115.55335,Provincial Land,Lightning,"159,80"
2022,HWF110,2022-10-13 17:00:00,10.0,286.0,58.385624,-116.095775,Provincial Land,Incendiary,"162,91"
2022,LWF188,2022-10-14 14:00:00,10.0,287.0,54.682167,-111.847,Indian Reservation,Undetermined,"165,75"
2022,MWF111,2022-10-13 15:34:00,10.0,286.0,56.366767,-111.283717,Provincial Land,Recreation,"168,81"
2022,EWF097,2022-09-30 14:00:00,9.0,273.0,53.61195,-115.228367,Private Land,Undetermined,"157,74"
2022,LWF189,2022-10-14 00:00:00,10.0,287.0,54.6745,-111.8625,Indian Reservation,Resident,"165,75"
2022,GWF077,2022-10-14 13:00:00,10.0,287.0,56.176438,-119.484433,Provincial Land,Recreation,"152,86"
2022,HWF111,2022-10-15 08:00:00,10.0,288.0,58.490167,-115.174833,Indian Reservation,Incendiary,"164,90"
2022,HWF112,2022-10-15 08:00:00,10.0,288.0,59.042833,-117.762,Provincial Land,Recreation,"160,94"
2022,GWF078,2022-10-09 12:00:00,10.0,282.0,55.47345,-118.780217,Provincial Land,Recreation,"153,83"
2022,SWF165,2022-10-14 19:30:00,10.0,287.0,55.22578,-113.85146,Provincial Land,Power Line Industry,"162,78"
2022,PWF117,2022-02-01 12:00:00,2.0,32.0,56.621133,-117.327083,Private Land,Resident,"157,86"
2022,LWF191,2022-10-01 00:00:00,10.0,274.0,54.9646,-112.09425,Provincial Land,Undetermined,"165,76"
2022,HWF108,2022-10-12 08:00:00,10.0,285.0,58.580733,-114.5079,Provincial Land,Recreation,"165,90"
2022,SWF162,2022-10-10 16:00:00,10.0,283.0,55.306883,-113.817183,Provincial Land,Recreation,"162,79"
2022,LWF185,2022-10-12 14:00:00,10.0,285.0,54.615033,-110.244983,Provincial Land,Power Line Industry,"168,74"
2022,RWF070,2022-10-10 14:00:00,10.0,283.0,52.639967,-115.958633,Provincial Land,Lightning,"154,71"
2022,RWF071,2022-10-12 08:00:00,10.0,285.0,52.695,-115.944533,Provincial Land,Recreation,"154,71"
2022,GWF076,2022-10-14 00:45:00,10.0,287.0,55.771717,-119.299367,Provincial Land,Oil & Gas Industry,"152,84"
2022,RWF072,2022-10-16 13:00:00,10.0,289.0,52.414383,-114.9935,Provincial Land,Incendiary,"156,70"
2022,LWF190,2022-10-01 00:00:00,10.0,274.0,54.763383,-110.264867,DND,Lightning,"168,74"
2022,SWF168,2022-10-16 17:15:00,10.0,289.0,56.097528,-113.33862,Provincial Land,Undetermined,"164,81"
2022,EWF098,2022-10-16 16:00:00,10.0,289.0,53.817967,-116.504383,Provincial Land,Undetermined,"155,76"
2022,RWF073,2022-10-17 11:00:00,10.0,290.0,52.417917,-114.9809,Provincial Land,Incendiary,"156,70"
2022,SWF169,2022-10-18 17:00:00,10.0,291.0,55.678917,-116.407633,Private Land,Resident,"158,82"
2022,SWF170,2022-10-15 17:00:00,10.0,288.0,55.26605,-114.917883,Provincial Land,Undetermined,"160,79"
2022,RWF074,2022-10-19 18:20:00,10.0,292.0,53.0578,-115.107283,Provincial Land,Recreation,"157,72"
2022,RWF075,2022-10-19 12:00:00,10.0,292.0,52.171667,-116.3025,Provincial Land,Recreation,"153,70"
2022,HWF059,2022-07-14 10:56:00,7.0,195.0,59.050217,-116.908517,Provincial Land,Lightning,"161,93"
2022,HWF060,2022-07-14 14:02:00,7.0,195.0,58.450533,-119.230333,Provincial Land,Oil & Gas Industry,"156,93"
2022,LWF110,2022-07-14 14:00:00,7.0,195.0,55.684767,-112.672317,Provincial Land,Lightning,"165,79"
2022,MWF047,2022-07-13 18:30:00,7.0,194.0,56.438983,-112.5449,Provincial Land,Lightning,"166,82"
2022,MWF048,2022-07-14 23:58:00,7.0,195.0,56.372967,-112.554167,Provincial Land,Lightning,"166,81"
2022,SWF058,2022-07-15 18:36:00,7.0,196.0,55.532083,-114.722017,Provincial Land,Lightning,"161,80"
2022,SWF059,2022-07-15 18:56:00,7.0,196.0,55.5888,-114.574083,Provincial Land,Lightning,"161,80"
2022,SWF069,2022-07-16 15:19:00,7.0,197.0,56.785117,-113.380533,Provincial Land,Lightning,"165,83"
2022,SWF070,2022-07-16 15:19:00,7.0,197.0,56.7725,-113.3995,Provincial Land,Lightning,"165,83"
2022,HWF062,2022-07-16 15:56:00,7.0,197.0,59.3015,-117.216167,Provincial Land,Lightning,"161,94"
2022,GWF028,2022-07-16 14:30:00,7.0,197.0,55.120183,-117.664917,Provincial Land,Power Line Industry,"154,81"
2022,HWF063,2022-07-16 16:15:00,7.0,197.0,58.527683,-119.809213,Provincial Land,Lightning,"155,94"
2022,HWF064,2022-07-16 16:45:00,7.0,197.0,57.77295,-115.1867,Provincial Land,Lightning,"163,88"
2022,MWF052,2022-07-16 18:28:00,7.0,197.0,57.5685,-111.758333,Provincial Land,Lightning,"169,85"
2022,SWF076,2022-07-16 18:46:00,7.0,197.0,57.098517,-115.24185,Provincial Land,Lightning,"162,86"
2022,SWF077,2022-07-16 15:22:00,7.0,197.0,56.865975,-113.350332,Provincial Land,Lightning,"165,84"
2022,SWF080,2022-07-16 18:38:00,7.0,197.0,57.094188,-115.149768,Provincial Land,Lightning,"162,86"
2022,SWF081,2022-07-16 19:19:00,7.0,197.0,57.239717,-114.874917,Provincial Land,Lightning,"162,86"
2022,WWF039,2022-07-17 17:56:00,7.0,198.0,54.38536,-117.122573,Provincial Land,Lightning,"154,78"
2022,MWF056,2022-07-19 14:37:00,7.0,200.0,57.5233,-111.511767,Provincial Land,Lightning,"169,85"
2022,LWF121,2022-07-19 15:15:00,7.0,200.0,55.243312,-112.390176,Provincial Land,Other Industry,"165,77"
2022,SWF027,2022-05-31 15:10:00,5.0,151.0,54.79525,-115.511317,Provincial Land,Power Line Industry,"158,78"
2022,HWF014,2022-06-01 12:00:00,6.0,152.0,59.971333,-119.9997,Provincial Land,Lightning,"157,99"
2022,GWF015,2022-06-01 09:00:00,6.0,152.0,54.962493,-117.335052,Private Land,Resident,"155,80"
2022,HWF095,2022-09-14 17:00:00,9.0,257.0,58.286783,-115.954517,Private Land,Agriculture Industry,"162,90"
2022,SWF156,2022-09-15 14:00:00,9.0,258.0,55.350243,-115.048981,Provincial Land,Recreation,"160,80"
2022,GWF069,2022-08-23 17:00:00,8.0,235.0,54.4883,-118.3062,Provincial Land,Lightning,"152,79"
2022,EWF092,2022-08-22 21:28:00,8.0,234.0,53.719283,-117.441467,Provincial Land,Lightning,"153,76"
2022,GWF070,2022-09-16 15:00:00,9.0,259.0,56.177267,-119.3162,Private Land,Agriculture Industry,"153,86"
2022,RWF064,2022-09-16 20:00:00,9.0,259.0,52.747667,-115.592,Provincial Land,Incendiary,"155,71"
2022,HWF113,2022-10-17 20:00:00,10.0,290.0,58.716833,-118.746167,Indian Reservation,Incendiary,"158,94"
2022,PWF118,2022-10-12 11:00:00,10.0,285.0,56.600533,-119.032217,Provincial Land,Forest Industry,"154,87"
2021,RWF100,2021-09-14 09:00:00,9.0,257.0,52.3625,-116.604633,Provincial Land,Recreation,"153,71"
2021,PWF059,2021-09-12 12:00:00,9.0,255.0,56.49655,-116.501617,Provincial Land,Undetermined,"158,85"
2022,SWF123,2022-08-20 16:28:00,8.0,232.0,55.998417,-114.1184,Provincial Land,Lightning,"162,81"
2022,HWF081,2022-08-21 10:30:00,8.0,233.0,58.4615,-114.540217,Indian Reservation,Incendiary,"165,90"
2022,RWF060,2022-08-20 19:00:00,8.0,232.0,52.28975,-116.3738,Provincial Land,Recreation,"153,70"
2021,LWF188,2021-08-14 09:00:00,8.0,226.0,54.578532,-111.476031,Provincial Land,Lightning,"166,74"
2021,RWF091,2021-08-14 18:00:00,8.0,226.0,52.485533,-116.129917,Provincial Land,Recreation,"154,71"
2021,GWF093,2021-08-05 21:09:00,8.0,217.0,55.593233,-119.956,Private Land,Lightning,"151,84"
2021,WWF118,2021-08-18 12:30:00,8.0,230.0,54.354453,-115.138618,Private Land,Resident,"158,76"
2022,MWF058,2022-07-23 15:40:00,7.0,204.0,56.708867,-111.475683,Provincial Land,Resident,"168,82"
2022,HWF068,2022-07-25 12:00:00,7.0,206.0,59.403333,-117.7245,Provincial Land,Lightning,"160,95"
2022,SWF001,2022-02-06 10:00:00,2.0,37.0,55.044801,-116.596962,Provincial Land,Power Line Industry,"156,80"
2022,EWF002,2022-02-15 15:00:00,2.0,46.0,53.260367,-116.253383,Provincial Land,Forest Industry,"154,73"
2022,CWF002,2022-02-01 10:00:00,2.0,32.0,50.271522,-114.564944,Provincial Land,Forest Industry,"154,62"
2022,RWF039,2022-07-19 13:00:00,7.0,200.0,52.510667,-115.932417,Provincial Land,Recreation,"154,71"
2022,LWF192,2022-10-20 10:30:00,10.0,293.0,55.9162,-110.73985,Indian Reservation,Incendiary,"169,79"
2022,LWF193,2022-10-19 18:00:00,10.0,292.0,55.9161,-110.73835,Indian Reservation,Incendiary,"169,79"
2022,HWF114,2022-10-20 08:00:00,10.0,293.0,58.452863,-116.754941,Private Land,Agriculture Industry,"161,91"
2022,LWF194,2022-10-19 18:00:00,10.0,292.0,55.935133,-110.719983,Indian Reservation,Incendiary,"169,79"
2022,HWF115,2022-10-20 15:00:00,10.0,293.0,58.022321,-116.920651,Private Land,Agriculture Industry,"160,90"
2022,SWF171,2022-10-20 15:00:00,10.0,293.0,56.81161,-114.808368,Provincial Land,Power Line Industry,"162,84"
2022,SWF172,2022-10-20 15:30:00,10.0,293.0,56.845667,-115.480417,Provincial Land,Power Line Industry,"161,85"
2022,HWF116,2022-10-21 08:00:00,10.0,294.0,58.409248,-116.587614,Private Land,Agriculture Industry,"161,91"
2022,PWF119,2022-10-20 13:00:00,10.0,293.0,56.102717,-116.88545,Private Land,Power Line Industry,"157,84"
2022,GWF079,2022-10-18 19:05:00,10.0,291.0,55.268717,-117.981747,Private Land,Resident,"154,82"
2021,EWF154,2021-07-16 22:49:00,7.0,197.0,53.34975,-115.448183,Provincial Land,Lightning,"156,73"
2021,LWF190,2021-08-16 14:00:00,8.0,228.0,55.2627,-113.216967,Indian Reservation,Resident,"163,78"
2021,WWF117,2021-08-05 23:24:00,8.0,217.0,54.45694,-117.08825,Provincial Land,Lightning,"154,78"
2021,RWF094,2021-08-17 08:34:00,8.0,229.0,52.84755,-115.165583,Provincial Land,Lightning,"156,71"
2021,RWF095,2021-08-11 16:00:00,8.0,223.0,53.086217,-115.219433,Provincial Land,Lightning,"156,72"
2021,WWF120,2021-07-29 00:40:00,7.0,210.0,54.051705,-115.921372,Provincial Land,Lightning,"156,76"
2021,SWF152,2021-08-18 18:00:00,8.0,230.0,56.54495,-113.684233,Provincial Land,Lightning,"164,83"
2022,LWF130,2022-07-27 13:00:00,7.0,208.0,55.258217,-113.2258,Indian Reservation,Resident,"163,78"
2022,LWF131,2022-07-27 17:20:00,7.0,208.0,54.687433,-110.019883,Provincial Park,Lightning,"169,74"
2022,SWF094,2022-07-28 18:50:00,7.0,209.0,56.666183,-113.62655,Provincial Land,Lightning,"164,83"
2022,MWF067,2022-07-28 18:59:00,7.0,209.0,56.755383,-112.246667,Provincial Land,Lightning,"167,82"
2022,MWF066,2022-07-28 19:01:00,7.0,209.0,57.1615,-112.806167,Provincial Land,Lightning,"166,84"
2022,SWF096,2022-07-29 15:28:00,7.0,210.0,54.795117,-115.83335,Provincial Land,Lightning,"157,78"
2022,CWF110,2022-07-29 17:00:00,7.0,210.0,51.282183,-114.851933,Provincial Land,Lightning,"155,66"
2022,EWF061,2022-07-29 19:30:00,7.0,210.0,53.237583,-117.2066,Provincial Land,Lightning,"153,74"
2022,RWF046,2022-08-06 20:00:00,8.0,218.0,52.719828,-115.637468,Provincial Land,Lightning,"155,71"
2022,GWF038,2022-08-12 10:45:00,8.0,224.0,54.903033,-119.225217,Provincial Land,Recreation,"151,81"
2022,EWF072,2022-08-12 15:55:00,8.0,224.0,53.9276,-118.19835,Provincial Land,Lightning,"152,77"
2021,MWF101,2021-08-22 19:05:00,8.0,234.0,57.601517,-112.528167,Provincial Land,Lightning,"167,86"
2021,HWF070,2021-08-15 12:09:00,8.0,227.0,58.8624,-114.5446,Provincial Land,Lightning,"165,91"
2021,CWF112,2021-08-27 15:00:00,8.0,239.0,51.158,-114.848967,Indian Reservation,Resident,"155,65"
2021,CWF124,2021-09-06 12:00:00,9.0,249.0,49.672893,-114.590805,Provincial Land,Recreation,"153,60"
2021,SWF154,2021-09-06 14:00:00,9.0,249.0,55.465038,-116.710192,Provincial Land,Undetermined,"157,81"
2021,LWF198,2021-09-25 13:00:00,9.0,268.0,55.92225,-110.72995,Indian Reservation,Resident,"169,79"
2021,CWF145,2021-09-25 12:00:00,9.0,268.0,49.358783,-114.155383,Provincial Land,Recreation,"154,58"
2021,CWF157,2021-10-09 08:00:00,10.0,282.0,51.549957,-114.780862,Private Land,Resident,"155,66"
2022,LWF005,2022-04-20 15:00:00,4.0,110.0,55.93375,-110.7211,Indian Reservation,Incendiary,"169,79"
2022,LWF007,2022-04-20 14:00:00,4.0,110.0,55.990967,-110.62355,Provincial Land,Incendiary,"169,79"
2022,SWF012,2022-04-22 11:02:00,4.0,112.0,55.34853,-114.735712,Provincial Land,Power Line Industry,"160,79"
2022,WWF008,2022-05-04 09:30:00,5.0,124.0,54.291947,-115.197777,Private Land,Resident,"158,76"
2022,RWF013,2022-05-04 13:30:00,5.0,124.0,52.6942,-115.26895,Indian Reservation,Power Line Industry,"156,71"
2022,CWF015,2022-05-04 08:00:00,5.0,124.0,49.606083,-114.391433,Provincial Land,Recreation,"154,59"
2022,SWF122,2022-08-20 18:11:00,8.0,232.0,55.457667,-114.554333,Provincial Land,Lightning,"161,80"
2021,CWF111,2021-08-25 06:00:00,8.0,237.0,51.0745,-115.028883,Private Land,Resident,"154,65"
2021,GWF096,2021-08-05 21:00:00,8.0,217.0,55.458046,-117.773501,Provincial Land,Lightning,"155,82"
2021,HWF071,2021-08-27 17:15:00,8.0,239.0,59.350136,-117.816141,Provincial Land,Lightning,"160,95"
2021,MWF107,2021-08-27 19:09:00,8.0,239.0,56.382817,-112.832817,Provincial Land,Lightning,"165,82"
2021,HWF075,2021-08-27 13:26:00,8.0,239.0,59.743674,-117.761708,Provincial Land,Lightning,"161,96"
2021,MWF108,2021-08-27 18:38:00,8.0,239.0,56.07639,-111.35603,Provincial Land,Lightning,"168,80"
2021,LWF195,2021-08-29 11:00:00,8.0,241.0,55.815667,-110.853667,Provincial Land,Lightning,"168,78"
2021,HWF076,2021-08-29 15:00:00,8.0,241.0,58.463278,-114.476066,Indian Reservation,Incendiary,"165,90"
2021,RWF098,2021-09-04 00:00:00,9.0,247.0,52.231383,-115.323617,Provincial Land,Recreation,"155,69"
2021,CWF115,2021-09-05 12:00:00,9.0,248.0,51.632222,-115.089553,Provincial Land,Recreation,"155,67"
2021,CWF117,2021-09-05 12:00:00,9.0,248.0,51.632358,-115.105217,Provincial Land,Recreation,"155,67"
2022,GWF039,2022-08-12 17:17:00,8.0,224.0,54.3385,-118.437167,Provincial Land,Lightning,"152,79"
2022,PWF078,2022-08-13 15:15:00,8.0,225.0,57.135,-119.186167,Provincial Land,Lightning,"154,89"
2022,PWF079,2022-08-13 15:40:00,8.0,225.0,57.129,-119.2005,Provincial Land,Lightning,"154,89"
2022,PWF080,2022-08-13 15:15:00,8.0,225.0,57.141333,-119.236833,Provincial Land,Lightning,"154,89"
2022,SWF105,2022-08-13 16:18:00,8.0,225.0,57.242283,-115.672958,Provincial Land,Lightning,"161,86"
2022,SWF107,2022-08-13 16:38:00,8.0,225.0,54.969605,-115.686242,Provincial Land,Lightning,"158,79"
2022,CWF126,2022-08-13 12:00:00,8.0,225.0,51.271323,-115.001633,Provincial Land,Recreation,"154,66"
2022,PWF088,2022-08-13 18:57:00,8.0,225.0,57.211333,-118.283833,Provincial Land,Lightning,"156,88"
2022,PWF089,2022-08-13 18:58:00,8.0,225.0,57.211167,-118.283767,Provincial Land,Lightning,"156,88"
2022,RWF050,2022-08-16 19:00:00,8.0,228.0,52.586352,-115.74837,Provincial Land,Lightning,"155,71"
2022,SWF113,2022-08-20 16:20:00,8.0,232.0,55.86255,-116.469917,Metis Settlement,Lightning,"158,82"
2022,LWF146,2022-08-20 17:53:00,8.0,232.0,55.71185,-111.05945,Provincial Land,Lightning,"168,78"
2022,SWF115,2022-08-20 16:37:00,8.0,232.0,55.5945,-115.5908,Provincial Land,Lightning,"159,81"
2021,RWF092,2021-08-14 19:30:00,8.0,226.0,52.48455,-116.127667,Provincial Land,Recreation,"154,71"
2021,LWF191,2021-08-17 14:00:00,8.0,229.0,55.352,-110.967667,Provincial Land,Power Line Industry,"168,77"
2021,SWF151,2021-08-04 18:00:00,8.0,216.0,55.760483,-114.594933,Provincial Land,Lightning,"161,81"
2021,LWF193,2021-08-18 12:00:00,8.0,230.0,55.085783,-112.523733,Private Land,Agriculture Industry,"164,77"
2021,WWF119,2021-08-18 17:00:00,8.0,230.0,54.296435,-115.12394,Private Land,Resident,"158,76"
2021,EWF155,2021-08-19 17:00:00,8.0,231.0,53.560333,-115.52595,Provincial Land,Undetermined,"156,74"
2021,PWF055,2021-08-24 16:30:00,8.0,236.0,56.475683,-116.379183,Indian Reservation,Resident,"159,84"
2021,MWF104,2021-08-26 18:00:00,8.0,238.0,56.998933,-111.584467,Provincial Land,Undetermined,"168,83"
2021,GWF097,2021-08-05 21:00:00,8.0,217.0,55.411133,-117.73965,Provincial Land,Lightning,"155,82"
2022,EWF075,2022-08-20 17:11:00,8.0,232.0,53.72425,-119.41725,Provincial Park,Lightning,"149,78"
2022,LWF150,2022-08-21 17:20:00,8.0,233.0,54.559533,-114.038567,Provincial Land,Resident,"161,76"
2022,LWF153,2022-08-21 17:20:00,8.0,233.0,54.559533,-114.032733,Provincial Land,Resident,"161,76"
2022,LWF155,2022-08-21 17:20:00,8.0,233.0,54.55955,-114.030917,Provincial Land,Resident,"161,76"
2022,LWF156,2022-08-21 17:20:00,8.0,233.0,54.55955,-114.029817,Provincial Land,Resident,"161,76"
2022,PWF095,2022-08-22 04:45:00,8.0,234.0,56.418667,-116.8555,Provincial Land,Resident,"158,85"
2022,RWF057,2022-08-19 20:00:00,8.0,231.0,52.0798,-115.928917,Provincial Land,Recreation,"154,69"
2022,MWF087,2022-08-20 03:52:00,8.0,232.0,59.201645,-110.552017,Provincial Land,Lightning,"173,90"
2022,MWF088,2022-08-19 22:16:00,8.0,231.0,59.434333,-111.003,Provincial Land,Lightning,"172,91"
2021,EWF157,2021-08-31 11:15:00,8.0,243.0,53.6235,-115.2355,Private Land,Lightning,"157,74"
2021,EWF158,2021-09-05 12:00:00,9.0,248.0,53.511028,-117.43171,Provincial Land,Recreation,"152,75"
2021,CWF128,2021-09-06 12:00:00,9.0,249.0,49.666383,-114.585678,Provincial Land,Recreation,"153,60"
2021,CWF131,2021-09-06 12:00:00,9.0,249.0,51.537633,-115.183233,Provincial Land,Recreation,"154,67"
2021,CWF136,2021-09-06 12:00:00,9.0,249.0,51.47685,-115.136567,Provincial Land,Recreation,"154,66"
2021,CWF139,2021-09-06 17:00:00,9.0,249.0,51.403783,-115.054333,Provincial Land,Recreation,"155,66"
2021,HWF078,2021-09-05 20:00:00,9.0,248.0,58.4862,-117.026117,Provincial Land,Lightning,"160,92"
2021,EWF160,2021-08-07 15:30:00,8.0,219.0,53.61259,-115.358375,Provincial Land,Resident,"157,74"
2021,PWF056,2021-09-08 15:30:00,9.0,251.0,56.076333,-116.957617,Private Land,Agriculture Industry,"157,83"
2021,HWF079,2021-09-01 00:00:00,9.0,244.0,58.4121,-114.76355,Provincial Land,Recreation,"164,90"
2021,PWF058,2021-09-13 12:00:00,9.0,256.0,56.510717,-116.929167,Provincial Land,Resident,"158,85"
2021,HWF081,2021-09-14 09:00:00,9.0,257.0,58.191642,-116.12002,Private Land,Resident,"161,90"
2021,PWF060,2021-09-14 22:30:00,9.0,257.0,56.735717,-117.664183,Private Land,Lightning,"157,86"
2022,EWF076,2022-08-20 18:56:00,8.0,232.0,53.7344,-117.16752,Provincial Land,Lightning,"153,76"
2022,MWF085,2022-08-19 22:27:00,8.0,231.0,59.367847,-111.162254,Provincial Land,Lightning,"172,91"
2022,MWF086,2022-08-19 21:58:00,8.0,231.0,59.4787,-111.322767,Provincial Land,Lightning,"171,91"
2022,LWF149,2022-08-21 17:00:00,8.0,233.0,55.397833,-113.439367,Provincial Land,Lightning,"163,79"
2022,LWF151,2022-08-21 17:20:00,8.0,233.0,54.55955,-114.03645,Provincial Land,Resident,"161,76"
2022,LWF152,2022-08-21 17:20:00,8.0,233.0,54.559517,-114.034817,Provincial Land,Resident,"161,76"
2022,LWF154,2022-08-21 17:20:00,8.0,233.0,54.559533,-114.03215,Provincial Land,Resident,"161,76"
2022,LWF157,2022-08-21 17:20:00,8.0,233.0,54.559517,-114.025733,Provincial Land,Resident,"161,76"
2022,LWF158,2022-08-21 17:20:00,8.0,233.0,54.559533,-114.025167,Provincial Land,Resident,"161,76"
2022,LWF159,2022-08-21 17:20:00,8.0,233.0,54.55955,-114.0233,Provincial Land,Resident,"161,76"
2022,RWF059,2022-08-20 16:00:00,8.0,232.0,52.31275,-116.316667,Provincial Land,Recreation,"153,70"
2022,SWF124,2022-08-13 16:13:00,8.0,225.0,57.220233,-115.92125,Provincial Land,Lightning,"160,87"
2022,RWF058,2022-08-20 15:00:00,8.0,232.0,52.312967,-116.308917,Provincial Land,Recreation,"153,70"
2022,CWF138,2022-08-21 21:00:00,8.0,233.0,51.074833,-115.330783,Provincial Land,Recreation,"153,65"
2021,HWF083,2021-09-22 09:45:00,9.0,265.0,58.164386,-116.378927,Private Land,Agriculture Industry,"161,90"
2021,SWF158,2021-09-26 14:00:00,9.0,269.0,55.368403,-115.671102,Private Land,Undetermined,"158,80"
2021,EWF166,2021-09-27 16:00:00,9.0,270.0,53.7223,-117.90645,Provincial Land,Undetermined,"152,76"
2021,CWF158,2021-10-09 12:00:00,10.0,282.0,51.267747,-114.969132,Provincial Land,Recreation,"155,66"
2021,LWF208,2021-09-13 15:24:00,9.0,256.0,55.87675,-112.63795,Provincial Land,Lightning,"165,80"
2021,CWF160,2021-10-13 12:00:00,10.0,286.0,49.9155,-114.355483,Provincial Land,Undetermined,"154,60"
2021,EWF169,2021-09-27 13:00:00,9.0,270.0,53.544583,-115.0293,Private Land,Resident,"157,73"
2021,WWF124,2021-10-14 08:00:00,10.0,287.0,54.362003,-115.579803,Provincial Land,Incendiary,"157,77"
2021,PWF066,2021-10-20 17:00:00,10.0,293.0,56.2017,-117.092083,Private Land,Incendiary,"157,84"
2021,SWF165,2021-10-26 18:00:00,10.0,299.0,55.609307,-114.565117,Provincial Land,Recreation,"161,80"
2021,MWF113,2021-11-01 15:00:00,11.0,305.0,56.633067,-111.366383,Provincial Land,Power Line Industry,"168,82"
2021,GWF104,2021-11-03 10:00:00,11.0,307.0,54.79713,-117.30429,Private Land,Agriculture Industry,"155,79"
2021,RWF113,2021-11-13 13:00:00,11.0,317.0,53.126383,-115.897867,Provincial Land,Undetermined,"155,73"
2022,MWF091,2022-08-20 00:28:00,8.0,232.0,59.670117,-110.70995,Provincial Land,Lightning,"173,92"
2022,WWF052,2022-08-22 12:00:00,8.0,234.0,54.118617,-115.5627,Provincial Land,Incendiary,"157,76"
2022,SWF128,2022-08-22 16:45:00,8.0,234.0,57.125167,-115.760667,Provincial Land,Lightning,"161,86"
2022,GWF049,2022-08-22 15:36:00,8.0,234.0,55.509967,-119.739083,Provincial Land,Lightning,"151,84"
2022,GWF050,2022-08-22 15:48:00,8.0,234.0,55.4717,-119.728083,Provincial Land,Lightning,"151,84"
2022,EWF079,2022-08-22 16:24:00,8.0,234.0,53.57885,-117.55965,Provincial Land,Lightning,"152,76"
2022,GWF053,2022-08-22 21:40:00,8.0,234.0,54.417583,-118.508417,Provincial Land,Lightning,"152,79"
2022,MWF093,2022-08-22 01:34:00,8.0,234.0,59.746167,-110.424433,Provincial Land,Lightning,"173,92"
2022,SWF129,2022-08-23 18:45:00,8.0,235.0,55.468633,-114.6581,Provincial Land,Lightning,"161,80"
2022,HWF084,2022-08-24 17:00:00,8.0,236.0,59.043,-117.761117,Provincial Land,Lightning,"160,94"
2022,MWF094,2022-08-24 17:38:00,8.0,236.0,59.551483,-111.135233,Provincial Land,Lightning,"172,91"
2022,GWF054,2022-08-23 03:57:00,8.0,235.0,54.537167,-118.011467,Provincial Land,Lightning,"153,79"
2021,EWF162,2021-09-19 12:00:00,9.0,262.0,53.333967,-117.844917,Provincial Land,Recreation,"151,75"
2021,CWF147,2021-09-26 17:00:00,9.0,269.0,50.754112,-114.547828,Provincial Land,Recreation,"155,63"
2021,SWF159,2021-09-28 17:00:00,9.0,271.0,55.213333,-114.77455,Provincial Land,Recreation,"160,79"
2021,WWF122,2021-09-22 15:38:00,9.0,265.0,54.303197,-115.296158,Provincial Land,Lightning,"158,76"
2021,GWF101,2021-10-01 14:19:00,10.0,274.0,55.692139,-119.024236,Private Land,Resident,"153,84"
2021,CWF152,2021-10-06 16:45:00,10.0,279.0,50.422822,-114.459382,Indian Reservation,Resident,"155,62"
2021,CWF154,2021-10-08 10:00:00,10.0,281.0,51.266217,-114.96695,Provincial Land,Recreation,"155,66"
2021,LWF205,2021-10-09 17:00:00,10.0,282.0,55.717456,-112.272265,Provincial Land,Recreation,"166,79"
2021,CWF155,2021-10-08 06:00:00,10.0,281.0,49.519917,-114.396317,Provincial Land,Recreation,"154,59"
2021,HWF085,2021-10-08 19:40:00,10.0,281.0,58.198973,-116.244259,Private Land,Undetermined,"161,90"
2021,CWF156,2021-10-09 12:00:00,10.0,282.0,51.271802,-114.988213,Provincial Land,Recreation,"154,66"
2021,CWF159,2021-10-12 12:00:00,10.0,285.0,49.8938,-114.412383,Provincial Land,Undetermined,"154,60"
2021,HWF087,2021-10-12 15:00:00,10.0,285.0,58.460801,-114.443502,Provincial Land,Resident,"165,90"
2021,LWF209,2021-10-14 16:00:00,10.0,287.0,55.738333,-112.557167,Provincial Land,Recreation,"165,79"
2021,RWF106,2021-10-16 15:00:00,10.0,289.0,52.396833,-115.190048,Provincial Land,Incendiary,"156,70"
2022,EWF077,2022-08-22 13:35:00,8.0,234.0,54.181867,-118.21155,Provincial Land,Lightning,"152,78"
2022,LWF160,2022-08-21 17:20:00,8.0,233.0,54.559533,-114.035333,Provincial Land,Resident,"161,76"
2022,LWF161,2022-08-21 17:20:00,8.0,233.0,54.559533,-114.0268,Provincial Land,Resident,"161,76"
2022,MWF089,2022-08-19 22:44:00,8.0,231.0,59.547317,-111.102183,Provincial Land,Lightning,"172,91"
2022,MWF090,2022-08-20 00:30:00,8.0,232.0,59.641802,-110.587089,Provincial Land,Lightning,"173,91"
2022,SWF125,2022-08-20 18:00:00,8.0,232.0,55.507967,-114.645783,Provincial Land,Lightning,"161,80"
2022,MWF092,2022-08-20 00:00:00,8.0,232.0,59.674933,-111.079867,Provincial Park,Lightning,"172,92"
2022,SWF126,2022-08-22 16:20:00,8.0,234.0,57.15,-115.518833,Provincial Land,Lightning,"161,86"
2022,SWF127,2022-08-22 16:47:00,8.0,234.0,57.123583,-115.69545,Provincial Land,Lightning,"161,86"
2022,GWF051,2022-08-22 16:46:00,8.0,234.0,55.640167,-119.391167,Provincial Land,Lightning,"152,84"
2022,GWF052,2022-08-22 17:54:00,8.0,234.0,54.432533,-118.24,Provincial Park,Lightning,"152,79"
2022,PWF096,2022-08-22 10:10:00,8.0,234.0,57.777268,-117.836326,Private Land,Resident,"158,90"
2022,EWF080,2022-08-22 22:11:00,8.0,234.0,53.265967,-117.741467,Provincial Land,Lightning,"151,75"
2022,PWF097,2022-08-23 18:15:00,8.0,235.0,56.011098,-116.554138,Provincial Land,Lightning,"158,83"
2022,SWF131,2022-08-23 18:45:00,8.0,235.0,55.495917,-114.696433,Provincial Land,Lightning,"161,80"
2022,LWF061,2022-05-05 10:49:00,5.0,125.0,55.934583,-110.720117,Indian Reservation,Incendiary,"169,79"
2022,HWF005,2022-05-05 16:09:00,5.0,125.0,58.146,-117.2925,Provincial Land,Resident,"159,91"
2022,LWF062,2022-05-05 13:30:00,5.0,125.0,55.9202,-110.73695,Indian Reservation,Incendiary,"169,79"
2022,LWF064,2022-05-05 22:00:00,5.0,125.0,55.908783,-110.744233,Private Land,Incendiary,"169,79"
2022,LWF065,2022-05-06 10:20:00,5.0,126.0,55.909867,-110.743333,Provincial Land,Incendiary,"169,79"
2022,RWF016,2022-05-09 00:00:00,5.0,129.0,52.610267,-114.933742,Provincial Land,Undetermined,"156,70"
2022,EWF035,2022-05-10 16:00:00,5.0,130.0,53.79975,-116.133283,Private Land,Resident,"155,75"
2022,EWF036,2022-05-11 12:00:00,5.0,131.0,53.175133,-115.254383,Provincial Land,Under Investigation,"156,72"
2022,LWF069,2022-05-13 09:50:00,5.0,133.0,55.929217,-110.73165,Indian Reservation,Resident,"169,79"
2022,LWF071,2022-05-12 19:45:00,5.0,132.0,55.925867,-110.723983,Indian Reservation,Incendiary,"169,79"
2022,EWF039,2022-05-13 12:45:00,5.0,133.0,53.1695,-115.457167,Provincial Land,Oil & Gas Industry,"156,72"
2022,EWF038,2022-05-13 09:35:00,5.0,133.0,53.610467,-115.241033,Private Land,Resident,"157,74"
2022,CWF016,2022-05-12 16:00:00,5.0,132.0,49.570883,-114.462,Provincial Land,Incendiary,"153,59"
2022,MWF095,2022-08-25 02:45:00,8.0,237.0,58.710967,-111.173217,Provincial Land,Incendiary,"171,89"
2022,EWF081,2022-08-15 18:09:00,8.0,227.0,53.307867,-116.553883,Provincial Land,Lightning,"154,74"
2022,PWF098,2022-08-21 18:00:00,8.0,233.0,56.659083,-118.973783,Provincial Land,Lightning,"154,87"
2022,HWF087,2022-08-25 16:00:00,8.0,237.0,57.412418,-115.258105,Provincial Land,Lightning,"162,87"
2022,HWF088,2022-08-25 17:00:00,8.0,237.0,57.735083,-114.459033,Provincial Land,Lightning,"164,87"
2022,SWF132,2022-08-25 17:00:00,8.0,237.0,55.085117,-115.6999,Provincial Land,Power Line Industry,"158,79"
2022,MWF096,2022-08-10 16:40:00,8.0,222.0,56.684524,-111.53605,Provincial Land,Lightning,"168,82"
2022,WWF053,2022-08-22 18:08:00,8.0,234.0,54.058563,-116.957382,Provincial Land,Lightning,"154,77"
2021,CWF163,2021-10-17 09:00:00,10.0,290.0,50.812467,-114.5747,Provincial Land,Recreation,"155,64"
2021,LWF212,2021-10-09 11:00:00,10.0,282.0,55.187183,-113.148967,Provincial Land,Undetermined,"163,78"
2021,RWF109,2021-10-27 16:00:00,10.0,300.0,51.704692,-115.465892,Provincial Land,Recreation,"154,67"
2021,WWF126,2021-11-03 09:20:00,11.0,307.0,54.06665,-115.520967,Provincial Land,Other Industry,"157,76"
2021,EWF173,2021-11-10 12:40:00,11.0,314.0,53.4445,-115.91895,Provincial Land,Oil & Gas Industry,"155,74"
2021,RWF112,2021-11-13 10:00:00,11.0,317.0,51.731083,-114.869967,Provincial Land,Recreation,"155,67"
2022,CWF001,2022-02-12 08:00:00,2.0,43.0,51.113333,-115.018333,Indian Reservation,Resident,"154,65"
2021,CWF171,2021-01-11 00:00:00,1.0,11.0,51.154717,-114.776742,Indian Reservation,Power Line Industry,"155,65"
2022,CWF006,2022-03-13 14:00:00,3.0,72.0,51.2693,-115.040817,Provincial Land,Incendiary,"154,66"
2022,EWF008,2022-02-14 12:01:00,2.0,45.0,54.090568,-118.549125,Provincial Land,Government,"151,78"
2022,PWF005,2022-01-01 12:00:00,1.0,1.0,56.772667,-117.6745,Provincial Land,Forest Industry,"157,86"
2022,PWF004,2022-01-01 12:00:00,1.0,1.0,56.74945,-117.675967,Provincial Land,Forest Industry,"157,86"
2022,WWF002,2021-12-19 15:00:00,12.0,353.0,54.1201,-116.90865,Provincial Land,Forest Industry,"154,77"
2022,SWF130,2022-08-23 18:45:00,8.0,235.0,55.469967,-114.654233,Provincial Land,Lightning,"161,80"
2022,HWF082,2022-08-24 06:45:00,8.0,236.0,58.441967,-117.21385,Provincial Land,Forest Industry,"160,92"
2022,HWF083,2022-08-24 17:00:00,8.0,236.0,58.2474,-116.096266,Private Land,Agriculture Industry,"162,90"
2022,HWF085,2022-08-24 18:00:00,8.0,236.0,58.392848,-116.012112,Provincial Land,Incendiary,"162,91"
2022,HWF086,2022-08-25 12:30:00,8.0,237.0,59.651667,-117.556167,Provincial Land,Lightning,"161,96"
2022,LWF162,2022-08-25 12:00:00,8.0,237.0,55.507011,-110.270219,Provincial Park,Lightning,"169,77"
2022,EWF082,2022-08-19 23:46:00,8.0,231.0,53.294283,-116.589883,Provincial Land,Lightning,"154,74"
2022,WWF055,2022-08-26 12:51:00,8.0,238.0,54.188042,-117.255988,Provincial Land,Lightning,"154,77"
2022,MWF097,2022-08-24 22:03:00,8.0,236.0,59.928353,-110.78601,Provincial Land,Lightning,"173,93"
2022,GWF055,2022-08-23 04:12:00,8.0,235.0,54.5335,-117.28775,Provincial Park,Lightning,"154,79"
2022,SWF139,2022-08-26 16:04:00,8.0,238.0,55.40515,-116.202417,Provincial Land,Lightning,"158,81"
2022,SWF140,2022-08-26 16:12:00,8.0,238.0,55.466402,-116.792858,Provincial Land,Lightning,"156,81"
2022,WWF057,2022-08-01 16:51:00,8.0,213.0,54.252663,-115.284005,Provincial Land,Lightning,"158,76"
2022,SWF144,2022-08-26 17:45:00,8.0,238.0,55.314333,-116.3175,Provincial Land,Lightning,"157,80"
2022,SWF143,2022-08-26 17:39:00,8.0,238.0,55.319167,-116.369333,Provincial Land,Lightning,"157,80"
2022,SWF142,2022-08-26 17:29:00,8.0,238.0,56.7855,-113.663083,Provincial Land,Lightning,"164,84"
2022,MWF099,2022-08-26 16:40:00,8.0,238.0,57.688767,-112.099683,Provincial Land,Lightning,"168,86"
2022,EWF083,2022-08-22 17:27:00,8.0,234.0,53.305883,-117.501533,Provincial Land,Lightning,"152,75"
2022,SWF146,2022-08-26 18:37:00,8.0,238.0,55.009533,-115.069133,Provincial Land,Lightning,"159,78"
2022,MWF100,2022-08-26 18:04:00,8.0,238.0,56.3946,-112.82855,Provincial Land,Lightning,"165,82"
2022,MWF101,2022-08-26 16:40:00,8.0,238.0,57.680733,-112.069167,Provincial Land,Lightning,"168,86"
2022,LWF163,2022-08-26 19:08:00,8.0,238.0,56.190117,-112.92405,Provincial Land,Lightning,"165,81"
2022,SWF147,2022-08-26 17:32:00,8.0,238.0,56.49825,-113.0681,Provincial Land,Lightning,"165,82"
2022,MWF104,2022-08-26 17:57:00,8.0,238.0,56.412633,-112.99805,Provincial Land,Lightning,"165,82"
2022,SWF149,2022-08-26 18:28:00,8.0,238.0,54.865333,-115.068833,Provincial Land,Lightning,"159,78"
2022,RWF019,2022-05-15 11:30:00,5.0,135.0,52.491949,-116.072083,Provincial Land,Government,"154,71"
2022,LWF079,2022-05-15 19:00:00,5.0,135.0,55.897383,-110.748217,Private Land,Incendiary,"169,79"
2022,MWF003,2022-03-30 12:00:00,3.0,89.0,56.769017,-111.724917,Provincial Land,Incendiary,"168,82"
2022,CWF035,2022-05-22 12:00:00,5.0,142.0,51.271133,-114.99435,Provincial Land,Recreation,"154,66"
2022,CWF042,2022-05-22 17:00:00,5.0,142.0,51.270245,-115.042683,Provincial Land,Recreation,"154,66"
2022,EWF044,2022-05-22 18:00:00,5.0,142.0,53.306283,-117.874217,Private Land,Undetermined,"151,75"
2022,CWF059,2022-05-23 12:00:00,5.0,143.0,51.28353,-115.17012,Provincial Land,Recreation,"154,66"
2022,SWF023,2022-05-23 16:15:00,5.0,143.0,55.408867,-116.213467,Indian Reservation,Resident,"158,81"
2022,RWF027,2022-05-23 16:00:00,5.0,143.0,51.620333,-114.749833,Provincial Land,Recreation,"155,67"
2022,RWF029,2022-05-24 15:30:00,5.0,144.0,52.569517,-115.039517,Private Land,Resident,"156,70"
2022,SWF025,2022-05-24 17:10:00,5.0,144.0,55.529533,-116.159417,Private Land,Resident,"158,81"
2022,WWF054,2022-08-13 23:20:00,8.0,225.0,54.096592,-116.095055,Provincial Land,Lightning,"156,76"
2022,PWF099,2022-08-26 15:00:00,8.0,238.0,56.7402,-119.28565,Provincial Land,Lightning,"154,88"
2022,SWF133,2022-08-20 18:59:00,8.0,232.0,55.6505,-114.666183,Provincial Land,Lightning,"161,80"
2022,SWF134,2022-08-26 15:29:00,8.0,238.0,57.233867,-115.623417,Provincial Land,Lightning,"161,86"
2022,SWF135,2022-08-26 15:54:00,8.0,238.0,57.23565,-115.6275,Provincial Land,Lightning,"161,86"
2022,SWF136,2022-08-26 16:02:00,8.0,238.0,57.180967,-115.640983,Provincial Land,Lightning,"161,86"
2022,WWF056,2022-08-26 07:35:00,8.0,238.0,54.173305,-116.792442,Provincial Land,Lightning,"155,77"
2022,SWF137,2022-08-26 17:04:00,8.0,238.0,57.314758,-112.989613,Provincial Land,Lightning,"166,85"
2022,SWF138,2022-08-26 16:59:00,8.0,238.0,57.339583,-113.040483,Provincial Land,Lightning,"166,85"
2022,PWF100,2022-08-26 17:00:00,8.0,238.0,56.660883,-119.322167,Provincial Land,Lightning,"154,87"
2022,SWF141,2022-08-26 17:29:00,8.0,238.0,56.782533,-113.662617,Provincial Land,Lightning,"164,83"
2022,SWF145,2022-08-26 17:38:00,8.0,238.0,55.292333,-116.594,Provincial Land,Lightning,"157,81"
2022,MWF102,2022-08-26 17:58:00,8.0,238.0,56.392483,-112.883667,Provincial Land,Lightning,"165,82"
2022,MWF103,2022-08-26 18:10:00,8.0,238.0,56.3945,-112.857117,Provincial Land,Lightning,"165,82"
2022,MWF105,2022-08-26 17:58:00,8.0,238.0,56.392783,-112.916417,Provincial Land,Lightning,"165,82"
2022,SWF148,2022-08-26 19:24:00,8.0,238.0,56.8426,-113.497133,Provincial Land,Lightning,"164,84"
2022,LWF168,2022-08-27 14:09:00,8.0,239.0,55.164783,-111.304617,DND,Lightning,"167,76"
2022,LWF170,2022-08-27 01:52:00,8.0,239.0,55.953967,-111.254033,Provincial Land,Lightning,"168,79"
2022,SWF007,2022-04-19 11:00:00,4.0,109.0,55.942499,-113.773321,Indian Reservation,Resident,"163,81"
2022,EWF022,2022-04-21 11:00:00,4.0,111.0,53.508417,-115.0212,Private Land,Agriculture Industry,"157,73"
2022,LWF010,2022-04-21 16:00:00,4.0,111.0,55.958467,-110.712133,Indian Reservation,Incendiary,"169,79"
2022,LWF013,2022-04-21 19:00:00,4.0,111.0,55.939833,-110.716717,Indian Reservation,Resident,"169,79"
2022,LWF014,2022-04-22 12:30:00,4.0,112.0,55.929533,-110.725,Indian Reservation,Incendiary,"169,79"
2022,EWF023,2022-04-23 12:00:00,4.0,113.0,53.87125,-119.154583,Provincial Land,Recreation,"150,78"
2022,LWF021,2022-04-24 14:00:00,4.0,114.0,55.918233,-110.739867,Indian Reservation,Resident,"169,79"
2022,WWF006,2022-04-24 15:30:00,4.0,114.0,54.277161,-115.203714,Private Land,Resident,"158,76"
2022,LWF024,2022-04-24 16:08:00,4.0,114.0,55.9295,-110.7257,Indian Reservation,Incendiary,"169,79"
2022,EWF024,2022-04-24 13:30:00,4.0,114.0,53.696732,-116.054322,Private Land,Resident,"155,75"
2022,LWF025,2022-04-24 15:25:00,4.0,114.0,55.232436,-113.178917,Provincial Land,Government,"163,78"
2022,EWF026,2022-04-25 11:05:00,4.0,115.0,53.791947,-116.057915,Private Land,Resident,"156,75"
2022,GWF006,2022-03-18 13:00:00,3.0,77.0,55.019558,-118.866626,Private Land,Resident,"152,82"
2022,LWF032,2022-04-26 13:10:00,4.0,116.0,54.681617,-111.9212,Indian Reservation,Resident,"165,75"
2022,LWF006,2022-04-20 14:30:00,4.0,110.0,55.92625,-110.724167,Indian Reservation,Incendiary,"169,79"
2022,LWF011,2022-04-21 18:00:00,4.0,111.0,55.931667,-110.724883,Indian Reservation,Incendiary,"169,79"
2022,LWF012,2022-04-21 18:30:00,4.0,111.0,55.916133,-110.73755,Indian Reservation,Resident,"169,79"
2022,PWF011,2022-04-22 05:00:00,4.0,112.0,56.4893,-116.453633,Private Land,Resident,"159,84"
2022,LWF018,2022-04-24 10:00:00,4.0,114.0,55.918033,-110.739467,Indian Reservation,Resident,"169,79"
2022,MWF002,2022-04-25 22:10:00,4.0,115.0,56.58955,-111.3217,Provincial Land,Recreation,"168,81"
2022,EWF027,2022-04-25 21:30:00,4.0,115.0,53.597605,-115.351501,Private Land,Undetermined,"157,74"
2022,SWF040,2022-06-13 19:20:00,6.0,164.0,55.400033,-116.044933,Private Land,Resident,"158,81"
2022,MWF026,2022-06-14 14:00:00,6.0,165.0,56.662667,-111.157833,Private Land,Resident,"169,82"
2022,GWF024,2022-06-15 18:34:00,6.0,166.0,54.369417,-118.51795,Provincial Land,Lightning,"152,79"
2022,EWF057,2022-06-08 17:51:00,6.0,159.0,53.707713,-117.028648,Provincial Land,Lightning,"154,76"
2022,PWF027,2022-06-16 22:00:00,6.0,167.0,56.508333,-116.645883,Indian Reservation,Recreation,"158,85"
2022,HWF031,2022-06-17 14:02:00,6.0,168.0,59.150617,-115.072583,Provincial Land,Lightning,"165,92"
2022,SWF002,2022-04-07 17:00:00,4.0,97.0,55.895165,-113.823022,Indian Reservation,Incendiary,"163,81"
2022,SWF003,2022-04-08 15:30:00,4.0,98.0,54.806883,-115.38745,Provincial Land,Power Line Industry,"158,78"
2022,RWF003,2022-04-08 15:00:00,4.0,98.0,52.393583,-114.9497,Private Land,Resident,"156,69"
2022,EWF018,2022-04-01 12:00:00,4.0,91.0,53.626583,-115.232117,Private Land,Resident,"157,74"
2022,PWF008,2022-01-01 12:00:00,1.0,1.0,56.388917,-118.509167,Provincial Land,Forest Industry,"155,86"
2022,RWF004,2022-02-01 12:00:00,2.0,32.0,52.408617,-116.016,Provincial Land,Forest Industry,"154,70"
2022,PWF009,2022-01-01 12:00:00,1.0,1.0,56.371133,-118.5473,Provincial Land,Forest Industry,"154,86"
2022,RWF005,2022-04-09 17:00:00,4.0,99.0,52.18855,-115.165717,Provincial Land,Undetermined,"155,69"
2022,CWF012,2022-04-10 10:55:00,4.0,100.0,51.1022,-114.926888,Indian Reservation,Resident,"154,65"
2022,EWF004,2022-03-06 18:00:00,3.0,65.0,53.429456,-117.788291,Provincial Land,Recreation,"152,75"
2022,SWF004,2022-04-14 13:30:00,4.0,104.0,55.372017,-115.145228,Provincial Land,Railroad,"160,80"
2022,EWF019,2021-11-18 10:00:00,11.0,322.0,53.356678,-116.903847,Provincial Land,Forest Industry,"153,74"
2022,LWF002,2022-04-17 16:00:00,4.0,107.0,55.955883,-110.709567,Indian Reservation,Incendiary,"169,79"
2022,PWF010,2022-04-16 16:00:00,4.0,106.0,56.333917,-117.344783,Private Land,Resident,"157,85"
2022,MWF001,2022-04-15 07:30:00,4.0,105.0,58.756517,-111.085083,Indian Reservation,Other Industry,"171,89"
2022,LWF008,2022-04-21 14:30:00,4.0,111.0,55.917633,-110.737033,Indian Reservation,Incendiary,"169,79"
2022,LWF009,2022-04-21 15:30:00,4.0,111.0,55.923867,-110.734133,Indian Reservation,Resident,"169,79"
2022,RWF011,2022-04-28 15:00:00,4.0,118.0,52.78315,-114.5817,Provincial Land,Resident,"157,70"
2022,LWF053,2022-04-30 15:00:00,4.0,120.0,54.663167,-111.9464,Private Land,Resident,"165,75"
2022,LWF051,2022-04-28 16:00:00,4.0,118.0,54.520567,-111.831733,Provincial Land,Other Industry,"165,75"
2022,EWF031,2022-05-03 11:45:00,5.0,123.0,53.240508,-116.959598,Provincial Land,Under Investigation,"153,74"
2022,EWF032,2022-05-03 10:30:00,5.0,123.0,53.565333,-115.746367,Private Land,Resident,"156,74"
2022,HWF004,2022-05-04 13:33:00,5.0,124.0,58.053581,-116.313128,Private Land,Agriculture Industry,"161,90"
2022,RWF014,2022-05-04 09:00:00,5.0,124.0,52.340583,-115.089783,Private Land,Resident,"156,69"
2022,LWF063,2022-05-05 18:00:00,5.0,125.0,54.503333,-110.263,Indian Reservation,Resident,"168,73"
2022,RWF015,2022-05-06 10:00:00,5.0,126.0,52.327317,-115.102,Private Land,Resident,"156,69"
2022,EWF033,2022-05-06 17:30:00,5.0,126.0,53.193333,-115.316967,Provincial Land,Power Line Industry,"156,72"
2022,PWF015,2022-05-11 16:40:00,5.0,131.0,56.367983,-116.966817,Provincial Land,Power Line Industry,"157,84"
2022,LWF072,2022-05-13 12:40:00,5.0,133.0,55.932417,-110.721917,Indian Reservation,Incendiary,"169,79"
2022,LWF077,2022-05-15 13:00:00,5.0,135.0,54.736,-113.566,Provincial Land,Undetermined,"162,76"
2022,WWF013,2022-05-16 19:59:00,5.0,136.0,54.334652,-116.50882,Provincial Land,Lightning,"155,77"
2022,SWF043,2022-06-21 12:20:00,6.0,172.0,55.026667,-115.441883,Provincial Land,Power Line Industry,"158,79"
2022,CWF076,2022-06-21 14:00:00,6.0,172.0,51.039133,-114.830383,Provincial Land,Resident,"155,65"
2022,MWF027,2022-06-22 10:32:00,6.0,173.0,57.205867,-111.501717,Provincial Land,Power Line Industry,"169,84"
2022,LWF101,2022-06-22 01:30:00,6.0,173.0,54.912895,-112.855126,Private Land,Undetermined,"163,77"
2022,MWF028,2022-06-25 12:18:00,6.0,176.0,56.695488,-110.024469,Provincial Park,Lightning,"171,81"
2022,HWF039,2022-06-25 15:58:00,6.0,176.0,58.971867,-115.233733,Provincial Land,Lightning,"164,92"
2022,HWF041,2022-06-25 21:25:00,6.0,176.0,59.06995,-116.431267,Provincial Land,Lightning,"162,93"
2022,HWF042,2022-06-25 21:40:00,6.0,176.0,59.035283,-116.872883,Provincial Land,Lightning,"161,93"
2022,SWF047,2022-06-26 13:30:00,6.0,177.0,54.994333,-115.435,Provincial Land,Power Line Industry,"158,79"
2022,MWF032,2022-06-26 12:59:00,6.0,177.0,56.451883,-110.07845,Provincial Land,Lightning,"171,80"
2022,LWF102,2022-06-26 16:12:00,6.0,177.0,56.0475,-112.4783,Provincial Land,Lightning,"165,80"
2022,HWF043,2022-06-27 14:19:00,6.0,178.0,59.86815,-118.298637,Provincial Land,Lightning,"160,97"
2022,LWF105,2022-06-27 16:40:00,6.0,178.0,55.936383,-110.743233,Indian Reservation,Resident,"169,79"
2022,LWF106,2022-06-28 13:00:00,6.0,179.0,56.313309,-110.524768,Provincial Land,Lightning,"170,80"
2022,MWF034,2022-06-30 16:24:00,6.0,181.0,59.5952,-110.8377,Provincial Land,Lightning,"172,91"
2022,PWF031,2022-06-30 15:41:00,6.0,181.0,57.690767,-118.36925,Provincial Land,Lightning,"157,90"
2022,CWF079,2022-07-02 12:00:00,7.0,183.0,49.936417,-114.065467,Provincial Land,Recreation,"155,60"
2022,CWF087,2022-07-03 06:00:00,7.0,184.0,49.831762,-113.958833,Provincial Land,Recreation,"155,60"
2022,CWF092,2022-07-03 12:00:00,7.0,184.0,51.630217,-115.09385,Provincial Land,Recreation,"155,67"
2022,CWF093,2022-07-03 12:00:00,7.0,184.0,51.274192,-115.007898,Provincial Land,Recreation,"154,66"
2022,CWF101,2022-07-03 12:00:00,7.0,184.0,49.825717,-114.539123,Provincial Land,Recreation,"154,60"
2021,CWF109,2021-08-14 16:00:00,8.0,226.0,51.03485,-114.86115,Provincial Land,Recreation,"154,65"
2021,GWF094,2021-08-21 12:41:00,8.0,233.0,55.214583,-117.0385,Private Land,Agriculture Industry,"156,81"
2022,SWF008,2022-04-22 22:00:00,4.0,112.0,55.261042,-116.235187,Metis Settlement,Resident,"157,80"
2022,LWF016,2022-04-23 15:00:00,4.0,113.0,55.936167,-110.72025,Indian Reservation,Incendiary,"169,79"
2022,LWF017,2022-04-23 15:00:00,4.0,113.0,55.917467,-110.735783,Indian Reservation,Resident,"169,79"
2022,SWF010,2022-04-23 18:00:00,4.0,113.0,55.234994,-114.547271,Provincial Land,Undetermined,"160,79"
2022,SWF009,2022-04-22 22:00:00,4.0,112.0,55.261973,-116.236523,Metis Settlement,Resident,"157,80"
2022,LWF020,2022-04-24 12:18:00,4.0,114.0,55.928717,-110.7284,Indian Reservation,Incendiary,"169,79"
2022,LWF022,2022-04-24 14:30:00,4.0,114.0,55.9287,-110.7206,Indian Reservation,Incendiary,"169,79"
2022,LWF023,2022-04-23 18:00:00,4.0,113.0,56.034928,-110.605213,Provincial Land,Incendiary,"169,79"
2022,SWF011,2022-04-24 14:20:00,4.0,114.0,55.254617,-115.26105,Provincial Land,Recreation,"159,79"
2022,EWF025,2022-04-24 15:45:00,4.0,114.0,53.314683,-115.20425,Private Land,Resident,"157,73"
2022,LWF027,2022-04-25 09:30:00,4.0,115.0,54.439704,-110.940945,Private Land,Resident,"167,74"
2022,PWF012,2022-04-24 18:00:00,4.0,114.0,56.5662,-117.949617,Provincial Land,Undetermined,"156,86"
2022,PWF013,2022-04-24 18:00:00,4.0,114.0,56.566483,-117.967483,Provincial Land,Undetermined,"156,86"
2023,HWF002,2023-03-30 08:00:00,3.0,89.0,58.522083,-115.166883,Indian Reservation,Incendiary,"164,90"
2023,SWF001,2023-04-09 12:00:00,4.0,99.0,55.54385,-116.1552,Provincial Land,Resident,"158,81"
2023,LWF002,2023-04-07 16:15:00,4.0,97.0,55.9185,-110.734,Indian Reservation,Resident,"169,79"
2021,GWF102,2021-10-09 14:00:00,10.0,282.0,55.425182,-118.004067,Private Land,Undetermined,"154,82"
2022,SWF018,2022-05-18 15:00:00,5.0,138.0,55.348833,-114.9988,Provincial Land,Undetermined,"160,80"
2022,CWF021,2022-05-20 12:00:00,5.0,140.0,50.812983,-114.632433,Provincial Land,Recreation,"155,64"
2022,LWF083,2022-05-20 13:20:00,5.0,140.0,55.92455,-110.717867,Indian Reservation,Incendiary,"169,79"
2022,EWF042,2022-05-20 14:40:00,5.0,140.0,53.628167,-115.517333,Provincial Land,Undetermined,"156,74"
2022,CWF023,2022-05-21 06:00:00,5.0,141.0,51.388883,-114.675717,Private Land,Resident,"155,66"
2022,CWF025,2022-05-22 12:00:00,5.0,142.0,50.237,-114.368,Provincial Land,Recreation,"155,62"
2022,WWF015,2022-05-22 13:00:00,5.0,142.0,54.162198,-116.211161,Provincial Land,Recreation,"156,76"
2022,LWF088,2022-05-22 18:30:00,5.0,142.0,54.768583,-113.578883,Private Land,Recreation,"162,77"
2022,CWF047,2022-05-23 06:00:00,5.0,143.0,51.609767,-115.169867,Provincial Land,Recreation,"155,67"
2022,CWF048,2022-05-23 06:00:00,5.0,143.0,51.277885,-115.014625,Provincial Land,Recreation,"154,66"
2022,HWF037,2022-06-25 15:03:00,6.0,176.0,58.820667,-115.111283,Provincial Land,Lightning,"164,91"
2022,GWF026,2022-07-05 13:15:00,7.0,186.0,55.472917,-119.056217,Provincial Land,Oil & Gas Industry,"152,83"
2022,PWF035,2022-07-05 18:15:00,7.0,186.0,56.5358,-116.787283,Provincial Land,Lightning,"158,85"
2022,GWF027,2022-07-06 13:30:00,7.0,187.0,54.65095,-118.933467,Provincial Land,Other Industry,"151,80"
2022,HWF047,2022-07-06 16:00:00,7.0,187.0,58.6984,-119.2912,Provincial Land,Lightning,"157,94"
2022,HWF048,2022-07-06 16:10:00,7.0,187.0,58.713767,-119.322717,Provincial Land,Lightning,"157,94"
2022,SWF052,2022-07-08 15:00:00,7.0,189.0,57.225583,-115.353233,Provincial Land,Lightning,"162,86"
2022,PWF039,2022-07-08 15:30:00,7.0,189.0,57.582,-118.125,Provincial Land,Lightning,"157,89"
2022,SWF053,2022-07-08 15:35:00,7.0,189.0,56.46455,-113.0727,Provincial Land,Lightning,"165,82"
2022,PWF040,2022-07-08 17:25:00,7.0,189.0,57.66,-117.92545,Provincial Land,Lightning,"157,90"
2022,MWF040,2022-07-08 22:53:00,7.0,189.0,57.414133,-111.560283,Provincial Land,Lightning,"169,84"
2022,MWF041,2022-07-09 16:30:00,7.0,190.0,59.091583,-110.970055,Provincial Land,Lightning,"172,90"
2022,PWF041,2022-07-09 17:00:00,7.0,190.0,56.756417,-117.632883,Private Land,Agriculture Industry,"157,86"
2022,MWF049,2022-07-14 13:33:00,7.0,195.0,56.90495,-111.631117,Provincial Land,Lightning,"168,83"
2022,MWF050,2022-07-15 17:55:00,7.0,196.0,58.714,-111.186667,Provincial Land,Resident,"171,89"
2022,SWF063,2022-07-15 19:49:00,7.0,196.0,55.6845,-114.8825,Provincial Land,Lightning,"160,81"
2022,SWF066,2022-07-16 12:26:00,7.0,197.0,56.98415,-115.3534,Provincial Land,Lightning,"161,85"
2022,HWF061,2022-07-16 13:10:00,7.0,197.0,59.27325,-119.6668,Provincial Land,Lightning,"157,96"
2022,WWF038,2022-07-15 22:37:00,7.0,196.0,54.462022,-116.310803,Provincial Land,Lightning,"156,78"
2022,SWF072,2022-07-16 15:19:00,7.0,197.0,56.796817,-113.339133,Provincial Land,Lightning,"165,83"
2022,HWF065,2022-07-16 17:25:00,7.0,197.0,57.738383,-114.376283,Provincial Land,Lightning,"164,87"
2022,PWF047,2022-07-16 16:30:00,7.0,197.0,56.8652,-118.513217,Provincial Land,Lightning,"155,87"
2022,LWF115,2022-07-16 19:31:00,7.0,197.0,56.013,-111.046967,Provincial Land,Lightning,"168,79"
2022,HWF066,2022-07-16 19:00:00,7.0,197.0,58.549583,-115.289967,Provincial Land,Lightning,"163,91"
2022,LWF117,2022-07-17 14:28:00,7.0,198.0,56.069217,-110.705883,Provincial Land,Lightning,"169,79"
2022,LWF118,2022-07-18 14:55:00,7.0,199.0,56.041133,-110.318967,Provincial Land,Lightning,"170,79"
2022,MWF054,2022-07-16 16:20:00,7.0,197.0,57.014483,-110.221017,Provincial Land,Lightning,"171,82"
2022,HWF067,2022-07-18 16:41:00,7.0,199.0,58.162833,-116.418167,Private Land,Agriculture Industry,"161,90"
2022,LWF120,2022-07-18 15:55:00,7.0,199.0,55.140083,-112.496217,Private Land,Resident,"164,77"
2022,PWF051,2022-07-16 18:30:00,7.0,197.0,56.392917,-117.639183,Private Land,Government,"156,85"
2022,LWF122,2022-07-19 15:15:00,7.0,200.0,54.624167,-110.52015,Provincial Land,Power Line Industry,"168,74"
2022,WWF041,2022-07-19 16:00:00,7.0,200.0,54.324616,-116.611206,Provincial Land,Power Line Industry,"155,77"
2022,LWF028,2022-04-25 14:00:00,4.0,115.0,54.874547,-113.137053,Provincial Land,Undetermined,"163,77"
2022,LWF029,2022-04-25 17:00:00,4.0,115.0,55.926583,-110.7223,Indian Reservation,Resident,"169,79"
2022,SWF013,2022-04-25 18:55:00,4.0,115.0,56.552033,-115.309167,Private Land,Resident,"161,84"
2022,LWF030,2022-04-26 11:00:00,4.0,116.0,55.930683,-110.726617,Indian Reservation,Incendiary,"169,79"
2022,LWF031,2022-04-26 12:52:00,4.0,116.0,55.940523,-110.718293,Indian Reservation,Incendiary,"169,79"
2022,LWF033,2022-04-26 18:10:00,4.0,116.0,55.927533,-110.7221,Indian Reservation,Incendiary,"169,79"
2022,LWF100,2022-06-19 02:00:00,6.0,170.0,54.384217,-111.0297,Private Land,Undetermined,"167,74"
2022,HWF032,2022-06-20 16:00:00,6.0,171.0,59.849323,-118.31276,Provincial Land,Lightning,"160,97"
2022,CWF077,2022-06-22 06:00:00,6.0,173.0,49.575733,-114.449817,Provincial Land,Under Investigation,"153,59"
2022,CWF053,2022-05-23 12:00:00,5.0,143.0,51.260912,-115.0887,Provincial Land,Recreation,"154,66"
2022,EWF046,2022-05-23 13:45:00,5.0,143.0,53.649433,-116.434367,Provincial Land,Resident,"155,75"
2022,WWF023,2022-05-22 22:00:00,5.0,142.0,54.660998,-114.543307,Provincial Land,Recreation,"160,77"
2022,CWF064,2022-05-23 12:00:00,5.0,143.0,51.2781,-115.1478,Provincial Land,Recreation,"154,66"
2022,PWF022,2022-05-26 16:00:00,5.0,146.0,56.544933,-119.553567,Private Land,Agriculture Industry,"153,87"
2022,HWF011,2022-05-26 17:36:00,5.0,146.0,58.535283,-118.934967,Provincial Land,Power Line Industry,"157,93"
2022,RWF032,2022-05-27 10:00:00,5.0,147.0,52.480583,-115.750967,Provincial Land,Recreation,"154,70"
2022,HWF029,2022-06-11 11:25:00,6.0,162.0,59.221783,-114.531267,Provincial Land,Lightning,"166,92"
2022,GWF022,2022-06-11 17:28:00,6.0,162.0,54.514167,-117.396967,Provincial Land,Lightning,"154,79"
2022,GWF023,2022-06-12 13:00:00,6.0,163.0,55.279417,-119.90805,Private Land,Resident,"150,83"
2022,MWF015,2022-06-12 16:00:00,6.0,163.0,59.817133,-111.118583,Provincial Land,Lightning,"172,92"
2022,LWF099,2022-06-13 12:45:00,6.0,164.0,56.163217,-110.65525,Provincial Land,Lightning,"169,79"
2022,MWF019,2022-06-13 14:00:00,6.0,164.0,57.175583,-110.38455,Provincial Land,Lightning,"171,83"
2022,MWF020,2022-06-13 13:40:00,6.0,164.0,57.247867,-110.679767,Provincial Land,Lightning,"170,83"
2022,MWF021,2022-06-13 15:30:00,6.0,164.0,57.337302,-111.024469,Provincial Land,Lightning,"170,84"
2022,HWF054,2022-07-10 15:58:00,7.0,191.0,58.832783,-115.130083,Provincial Land,Lightning,"164,91"
2022,LWF123,2022-07-19 17:30:00,7.0,200.0,55.249483,-112.391983,Provincial Land,Other Industry,"165,77"
2022,SWF083,2022-07-19 17:00:00,7.0,200.0,55.255033,-116.148117,Provincial Land,Lightning,"157,80"
2022,SWF085,2022-07-19 20:45:00,7.0,200.0,55.9772,-113.75665,Provincial Land,Resident,"163,81"
2022,LWF124,2022-07-20 13:30:00,7.0,201.0,56.161417,-110.430333,Provincial Land,Lightning,"170,79"
2022,GWF029,2022-07-15 20:10:00,7.0,196.0,55.177733,-117.41455,Provincial Land,Lightning,"155,81"
2022,CWF108,2022-07-21 06:00:00,7.0,202.0,51.53,-115.183,Provincial Park,Recreation,"154,67"
2022,LWF127,2022-07-21 17:30:00,7.0,202.0,55.2506,-112.471967,Provincial Land,Power Line Industry,"165,77"
2022,SWF086,2022-07-21 18:00:00,7.0,202.0,56.4166,-113.172783,Provincial Land,Lightning,"165,82"
2022,PWF054,2022-07-22 10:45:00,7.0,203.0,56.424717,-119.1769,Private Land,Resident,"153,86"
2022,LWF126,2022-07-21 14:37:00,7.0,202.0,54.6353,-113.830083,Provincial Park,Power Line Industry,"161,76"
2022,LWF128,2022-07-23 04:20:00,7.0,204.0,54.878817,-113.366267,Private Land,Resident,"162,77"
2022,PWF055,2022-07-23 17:30:00,7.0,204.0,57.547883,-117.488267,Provincial Land,Lightning,"158,89"
2022,RWF040,2022-07-23 00:00:00,7.0,204.0,52.714883,-115.49855,Provincial Land,Lightning,"155,71"
2022,RWF041,2022-07-23 18:00:00,7.0,204.0,52.816467,-115.174633,Provincial Land,Recreation,"156,71"
2022,GWF030,2022-07-23 16:00:00,7.0,204.0,55.06315,-118.658717,Provincial Land,Recreation,"152,82"
2022,LWF129,2022-07-26 13:00:00,7.0,207.0,55.495767,-113.274033,Provincial Land,Lightning,"163,79"
2022,MWF059,2022-07-24 15:00:00,7.0,205.0,56.544717,-111.556233,Provincial Land,Lightning,"168,81"
2022,PWF058,2022-07-27 15:45:00,7.0,208.0,57.1347,-117.788283,Provincial Land,Lightning,"157,88"
2022,PWF059,2022-07-27 22:00:00,7.0,208.0,56.69466,-119.284452,Provincial Land,Lightning,"154,87"
2022,CWF109,2022-07-29 06:00:00,7.0,210.0,49.65545,-114.542367,Provincial Land,Recreation,"153,60"
2022,GWF033,2022-07-28 12:25:00,7.0,209.0,55.118617,-117.209833,Private Land,Agriculture Industry,"155,80"
2022,HWF035,2022-06-25 14:06:00,6.0,176.0,59.438283,-117.679417,Provincial Land,Lightning,"160,95"
2022,HWF046,2022-07-05 18:47:00,7.0,186.0,58.514833,-119.976333,Provincial Land,Lightning,"155,94"
2022,HWF049,2022-07-06 16:10:00,7.0,187.0,58.723445,-119.327878,Provincial Land,Lightning,"157,94"
2022,MWF037,2022-07-05 18:39:00,7.0,186.0,56.45945,-112.597683,Provincial Land,Lightning,"166,82"
2022,HWF050,2022-07-06 18:40:00,7.0,187.0,59.978167,-117.746833,Provincial Land,Lightning,"161,97"
2022,PWF037,2022-07-07 10:00:00,7.0,188.0,56.349037,-118.553742,Provincial Land,Recreation,"154,86"
2022,PWF038,2022-07-08 09:30:00,7.0,189.0,56.62645,-117.688433,Private Land,Resident,"156,86"
2022,MWF038,2022-07-08 17:04:00,7.0,189.0,56.540497,-112.487022,Provincial Land,Lightning,"166,82"
2022,MWF039,2022-07-08 22:30:00,7.0,189.0,58.93695,-111.090617,Provincial Land,Lightning,"171,89"
2022,WWF037,2022-07-06 18:47:00,7.0,187.0,54.500408,-117.415977,Provincial Land,Lightning,"154,79"
2022,CWF105,2022-07-10 06:00:00,7.0,191.0,51.169417,-114.759167,Indian Reservation,Resident,"155,65"
2022,HWF052,2022-07-09 23:34:00,7.0,190.0,58.519283,-115.77555,Private Land,Incendiary,"162,91"
2022,PWF024,2022-06-10 12:00:00,6.0,161.0,56.47523,-116.40932,Indian Reservation,Lightning,"159,84"
2022,MWF022,2022-06-13 16:00:00,6.0,164.0,59.418367,-110.812683,Provincial Land,Lightning,"172,91"
2022,MWF023,2022-06-13 18:00:00,6.0,164.0,59.400417,-110.669083,Provincial Land,Lightning,"173,91"
2022,MWF025,2022-06-13 18:31:00,6.0,164.0,56.682867,-110.714433,Provincial Land,Lightning,"170,81"
2022,SWF041,2022-06-11 14:00:00,6.0,162.0,56.918,-114.638983,Provincial Land,Lightning,"162,85"
2022,PWF025,2022-06-14 18:20:00,6.0,165.0,57.21455,-117.00777,Provincial Land,Lightning,"159,87"
2022,HWF040,2022-06-25 18:24:00,6.0,176.0,58.968,-118.179167,Provincial Land,Lightning,"159,94"
2022,MWF031,2022-06-25 18:21:00,6.0,176.0,59.031033,-111.156367,Provincial Land,Lightning,"171,90"
2022,SWF045,2022-06-26 13:04:00,6.0,177.0,56.64978,-113.560092,Provincial Land,Lightning,"164,83"
2022,PWF028,2022-06-27 13:00:00,6.0,178.0,57.047833,-117.490267,Private Land,Agriculture Industry,"157,87"
2022,PWF029,2022-06-26 18:00:00,6.0,177.0,56.475083,-116.409067,Indian Reservation,Lightning,"159,84"
2022,RWF037,2022-06-28 23:05:00,6.0,179.0,53.053767,-115.651317,Provincial Land,Power Line Industry,"155,72"
2022,MWF033,2022-06-30 13:02:00,6.0,181.0,59.768217,-111.047133,Provincial Land,Lightning,"172,92"
2022,PWF030,2022-06-30 16:13:00,6.0,181.0,57.569883,-118.342967,Provincial Land,Lightning,"157,90"
2022,HWF044,2022-07-01 14:08:00,7.0,182.0,58.472433,-117.139283,Private Land,Agriculture Industry,"160,92"
2022,CWF080,2022-07-02 12:00:00,7.0,183.0,51.2989,-115.1531,Provincial Land,Recreation,"154,66"
2022,CWF078,2022-07-02 12:00:00,7.0,183.0,51.551227,-115.276203,Provincial Land,Recreation,"154,67"
2022,RWF042,2022-07-23 18:00:00,7.0,204.0,52.552083,-115.746833,Provincial Land,Lightning,"155,71"
2022,GWF031,2022-07-28 12:25:00,7.0,209.0,55.118617,-117.209833,Private Land,Agriculture Industry,"155,80"
2022,PWF060,2022-07-28 15:40:00,7.0,209.0,56.6113,-118.384567,Provincial Land,Lightning,"155,86"
2022,GWF032,2022-07-28 07:00:00,7.0,209.0,54.338267,-117.73445,Provincial Land,Lightning,"153,78"
2022,PWF061,2022-07-28 14:00:00,7.0,209.0,56.616533,-118.443567,Provincial Land,Lightning,"155,86"
2022,SWF090,2022-07-28 15:29:00,7.0,209.0,56.6709,-114.50525,Provincial Land,Lightning,"162,84"
2022,PWF062,2022-07-28 16:00:00,7.0,209.0,56.647633,-118.50675,Provincial Land,Lightning,"155,87"
2022,SWF091,2022-07-28 15:29:00,7.0,209.0,55.933333,-114.683333,Provincial Land,Lightning,"161,81"
2022,PWF063,2022-07-28 16:00:00,7.0,209.0,56.546517,-118.552383,Provincial Land,Lightning,"155,86"
2022,PWF064,2022-07-28 16:00:00,7.0,209.0,56.511095,-118.562133,Provincial Land,Lightning,"155,86"
2022,MWF060,2022-07-28 16:51:00,7.0,209.0,57.020317,-112.721217,Provincial Land,Lightning,"166,84"
2022,MWF061,2022-07-28 16:58:00,7.0,209.0,56.868407,-112.744982,Provincial Land,Lightning,"166,83"
2022,SWF092,2022-07-28 16:09:00,7.0,209.0,57.329067,-114.753517,Provincial Land,Lightning,"163,86"
2022,SWF093,2022-07-28 15:50:00,7.0,209.0,57.335483,-114.89945,Provincial Land,Lightning,"163,86"
2022,HWF072,2022-07-28 16:10:00,7.0,209.0,58.3847,-116.093533,Provincial Land,Undetermined,"162,91"
2022,PWF065,2022-07-28 16:00:00,7.0,209.0,56.369633,-118.354573,Provincial Land,Lightning,"155,86"
2022,PWF066,2022-07-28 16:00:00,7.0,209.0,56.416667,-118.385167,Provincial Land,Lightning,"155,86"
2022,PWF067,2022-07-28 17:00:00,7.0,209.0,56.600667,-117.284833,Provincial Land,Lightning,"157,86"
2022,WWF042,2022-07-29 17:56:00,7.0,210.0,54.466545,-115.545365,Provincial Land,Lightning,"158,77"
2022,WWF043,2022-07-29 18:53:00,7.0,210.0,54.378487,-115.397492,Provincial Land,Lightning,"158,77"
2022,PWF068,2022-07-28 16:00:00,7.0,209.0,56.365883,-118.35195,Provincial Land,Lightning,"155,86"
2022,EWF062,2022-07-29 19:33:00,7.0,210.0,53.2291,-117.16175,Provincial Land,Lightning,"153,74"
2022,EWF063,2022-07-29 20:02:00,7.0,210.0,53.280783,-116.60245,Provincial Land,Lightning,"154,74"
2022,PWF069,2022-07-30 11:30:00,7.0,211.0,55.8798,-116.63195,Provincial Land,Lightning,"157,83"
2022,CWF113,2022-07-31 06:00:00,7.0,212.0,49.855383,-114.390917,Provincial Land,Recreation,"154,60"
2022,PWF052,2022-07-17 15:53:00,7.0,198.0,57.7304,-117.252833,Provincial Land,Power Line Industry,"159,89"
2022,SWF084,2022-02-14 00:00:00,2.0,45.0,55.375867,-115.1171,Private Land,Resident,"160,80"
2022,MWF057,2022-07-19 12:12:00,7.0,200.0,57.402367,-111.876217,Provincial Land,Lightning,"168,84"
2022,LWF125,2022-07-20 14:45:00,7.0,201.0,55.859517,-111.124017,Private Land,Lightning,"168,79"
2022,PWF053,2022-07-19 16:20:00,7.0,200.0,56.354918,-117.780892,Provincial Land,Lightning,"156,85"
2022,CWF107,2022-07-20 18:10:00,7.0,201.0,51.281633,-114.842367,Private Land,Power Line Industry,"155,66"
2022,CWF083,2022-07-02 12:00:00,7.0,183.0,51.2869,-115.12489,Provincial Land,Recreation,"154,66"
2022,CWF082,2022-07-02 12:00:00,7.0,183.0,51.278947,-115.072182,Provincial Land,Recreation,"154,66"
2022,CWF084,2022-07-03 06:00:00,7.0,184.0,51.2677,-114.969078,Provincial Land,Recreation,"155,66"
2022,CWF085,2022-07-03 06:00:00,7.0,184.0,51.270823,-115.000823,Provincial Land,Recreation,"154,66"
2022,CWF089,2022-07-03 12:00:00,7.0,184.0,51.2711,-115.015633,Provincial Land,Recreation,"154,66"
2022,CWF090,2022-07-03 12:00:00,7.0,184.0,50.2648,-114.315533,Provincial Land,Recreation,"155,62"
2022,CWF096,2022-07-03 12:00:00,7.0,184.0,50.252367,-114.339667,Provincial Land,Recreation,"155,62"
2022,CWF097,2022-07-03 12:00:00,7.0,184.0,51.278827,-115.017597,Provincial Land,Recreation,"154,66"
2022,CWF098,2022-07-03 12:00:00,7.0,184.0,49.831067,-114.424517,Provincial Land,Recreation,"154,60"
2022,CWF100,2022-07-03 12:00:00,7.0,184.0,49.826158,-114.513762,Provincial Land,Recreation,"154,60"
2022,CWF103,2022-07-03 12:00:00,7.0,184.0,49.6665,-114.53795,Provincial Land,Recreation,"153,60"
2022,CWF099,2022-07-03 12:00:00,7.0,184.0,51.27105,-115.047853,Provincial Land,Recreation,"154,66"
2022,PWF032,2022-07-03 08:00:00,7.0,184.0,56.359617,-117.372483,Private Land,Agriculture Industry,"157,85"
2022,MWF036,2022-07-04 12:50:00,7.0,185.0,57.133617,-112.57155,Provincial Park,Lightning,"167,84"
2022,HWF045,2022-06-28 15:00:00,6.0,179.0,59.107265,-118.261753,Provincial Land,Lightning,"159,95"
2022,SWF051,2022-07-04 17:52:00,7.0,185.0,55.861717,-113.803233,Provincial Land,Lightning,"163,80"
2022,MWF051,2022-07-15 19:44:00,7.0,196.0,56.4863,-112.987717,Provincial Land,Lightning,"165,82"
2022,MWF062,2022-07-28 17:59:00,7.0,209.0,56.899833,-112.892667,Provincial Land,Lightning,"166,83"
2022,MWF063,2022-07-28 18:12:00,7.0,209.0,56.789867,-112.7282,Provincial Land,Lightning,"166,83"
2022,MWF064,2022-07-28 18:14:00,7.0,209.0,56.853217,-112.6377,Provincial Land,Lightning,"166,83"
2022,MWF065,2022-07-28 19:12:00,7.0,209.0,56.8928,-112.977317,Provincial Land,Lightning,"166,83"
2022,MWF069,2022-07-28 19:54:00,7.0,209.0,56.605283,-112.628533,Provincial Land,Lightning,"166,82"
2022,MWF068,2022-07-28 19:41:00,7.0,209.0,56.656483,-112.759237,Provincial Land,Lightning,"166,82"
2022,MWF070,2022-07-28 19:29:00,7.0,209.0,56.487633,-112.296267,Provincial Land,Lightning,"166,82"
2022,SWF097,2022-07-29 15:18:00,7.0,210.0,54.82555,-115.921667,Provincial Land,Lightning,"157,78"
2022,MWF071,2022-07-28 22:36:00,7.0,209.0,57.432683,-111.746683,Provincial Land,Lightning,"168,85"
2022,EWF060,2022-07-29 18:42:00,7.0,210.0,52.87915,-116.953267,Provincial Land,Lightning,"153,73"
2022,WWF044,2022-07-29 18:45:00,7.0,210.0,54.408017,-115.40815,Provincial Land,Lightning,"158,77"
2022,RWF043,2022-07-29 19:00:00,7.0,210.0,52.436283,-115.4168,Provincial Land,Undetermined,"155,70"
2022,SWF098,2022-07-29 14:46:00,7.0,210.0,54.823567,-115.9217,Provincial Land,Lightning,"157,78"
2022,CWF111,2022-07-30 06:00:00,7.0,211.0,50.0252,-114.044617,Provincial Land,Recreation,"155,61"
2022,EWF064,2022-07-29 18:28:00,7.0,210.0,52.873,-116.7115,Provincial Land,Lightning,"153,73"
2022,CWF112,2022-07-30 12:00:00,7.0,211.0,51.2792,-115.0756,Provincial Land,Recreation,"154,66"
2022,SWF099,2022-07-29 19:52:00,7.0,210.0,54.998858,-115.739137,Provincial Land,Lightning,"158,79"
2022,SWF100,2022-07-30 19:20:00,7.0,211.0,55.340083,-114.970033,Provincial Land,Resident,"160,80"
2022,CWF114,2022-07-31 06:00:00,7.0,212.0,51.402795,-115.071702,Provincial Land,Recreation,"154,66"
2022,SWF095,2022-07-29 15:28:00,7.0,210.0,54.79545,-115.838183,Provincial Land,Lightning,"157,78"
2022,EWF065,2022-07-30 17:17:00,7.0,211.0,53.111883,-116.919133,Provincial Land,Lightning,"153,73"
2022,EWF066,2022-07-30 17:56:00,7.0,211.0,52.970583,-116.634333,Provincial Land,Lightning,"153,73"
2022,CWF116,2022-07-31 12:00:00,7.0,212.0,51.41348,-115.086227,Provincial Land,Recreation,"154,66"
2022,PWF070,2022-07-28 19:00:00,7.0,209.0,56.366333,-118.353883,Provincial Land,Lightning,"155,86"
2022,PWF072,2022-07-28 19:00:00,7.0,209.0,56.36815,-118.3563,Provincial Land,Lightning,"155,86"
2022,HWF055,2022-07-12 15:00:00,7.0,193.0,59.183,-117.116667,Provincial Land,Lightning,"161,94"
2022,LWF109,2022-07-13 15:00:00,7.0,194.0,55.707648,-112.638712,Provincial Land,Lightning,"165,79"
2022,HWF056,2022-07-13 16:31:00,7.0,194.0,59.096067,-116.8914,Provincial Land,Lightning,"161,94"
2022,HWF057,2022-07-13 16:35:00,7.0,194.0,58.476383,-118.445583,Provincial Land,Lightning,"158,93"
2022,MWF045,2022-07-13 12:56:00,7.0,194.0,56.159467,-111.711548,Provincial Land,Recreation,"167,80"
2022,HWF058,2022-07-13 21:00:00,7.0,194.0,58.47291,-116.807274,Private Land,Resident,"161,91"
2022,LWF111,2022-07-14 17:40:00,7.0,195.0,55.924217,-110.691917,Indian Reservation,Undetermined,"169,79"
2022,LWF112,2022-07-14 17:10:00,7.0,195.0,54.487667,-113.615167,Private Land,Agriculture Industry,"161,76"
2022,SWF060,2022-07-15 19:14:00,7.0,196.0,55.215525,-114.970085,Provincial Park,Lightning,"160,79"
2022,SWF061,2022-07-15 19:49:00,7.0,196.0,55.689967,-114.877933,Provincial Land,Lightning,"160,81"
2022,SWF062,2022-07-15 19:49:00,7.0,196.0,55.688983,-114.896033,Provincial Land,Lightning,"160,81"
2022,SWF064,2022-07-15 22:10:00,7.0,196.0,55.575283,-115.762483,Provincial Land,Lightning,"159,81"
2022,SWF065,2022-07-16 12:18:00,7.0,197.0,57.006012,-115.16893,Provincial Land,Lightning,"162,85"
2022,SWF067,2022-07-16 12:26:00,7.0,197.0,56.98375,-115.348583,Provincial Land,Lightning,"161,85"
2022,SWF068,2022-07-16 12:26:00,7.0,197.0,56.982017,-115.3514,Provincial Land,Lightning,"161,85"
2022,EWF058,2022-07-15 18:56:00,7.0,196.0,53.140533,-116.236783,Provincial Land,Lightning,"154,73"
2022,LWF113,2022-07-16 15:01:00,7.0,197.0,55.649833,-112.141467,Provincial Land,Other Industry,"166,79"
2022,PWF071,2022-07-28 19:00:00,7.0,209.0,56.366333,-118.354333,Provincial Land,Lightning,"155,86"
2022,LWF132,2022-07-31 17:00:00,7.0,212.0,55.0657,-112.484755,Private Land,Agriculture Industry,"164,77"
2022,GWF034,2022-07-31 14:18:00,7.0,212.0,54.39885,-119.825547,Provincial Land,Lightning,"149,80"
2022,WWF045,2022-07-31 20:19:00,7.0,212.0,54.374367,-117.4889,Provincial Land,Lightning,"154,78"
2022,CWF117,2022-08-01 12:00:00,8.0,213.0,50.005458,-114.095453,Provincial Land,Recreation,"155,61"
2022,RWF044,2022-08-01 14:30:00,8.0,213.0,52.389367,-115.9172,Provincial Land,Undetermined,"154,70"
2022,SWF101,2022-08-01 16:04:00,8.0,213.0,55.762027,-115.030385,Provincial Land,Lightning,"160,81"
2022,SWF102,2022-08-01 16:54:00,8.0,213.0,55.726933,-115.151167,Provincial Land,Lightning,"160,81"
2022,CWF119,2022-08-01 17:00:00,8.0,213.0,49.606062,-114.39154,Provincial Land,Recreation,"154,59"
2022,CWF120,2022-08-06 06:00:00,8.0,218.0,51.269383,-114.994417,Provincial Land,Recreation,"154,66"
2022,GWF035,2022-08-07 12:30:00,8.0,219.0,55.117467,-117.98495,Provincial Land,Power Line Industry,"154,81"
2022,CWF121,2022-08-07 12:00:00,8.0,219.0,50.810933,-114.629717,Provincial Land,Recreation,"155,64"
2022,PWF073,2022-08-07 20:00:00,8.0,219.0,56.46255,-116.840667,Provincial Land,Power Line Industry,"158,85"
2022,CWF122,2022-08-08 06:00:00,8.0,220.0,49.659252,-114.539245,Provincial Land,Recreation,"153,60"
2022,LWF133,2022-08-08 13:40:00,8.0,220.0,54.474367,-111.241067,Provincial Land,Power Line Industry,"166,74"
2022,EWF067,2022-08-08 15:17:00,8.0,220.0,53.177913,-115.469117,Provincial Land,Undetermined,"156,73"
2022,PWF074,2022-08-06 12:00:00,8.0,218.0,56.284283,-118.940167,Private Land,Agriculture Industry,"154,86"
2022,PWF077,2022-08-11 09:20:00,8.0,223.0,56.609667,-119.460717,Provincial Land,Power Line Industry,"153,87"
2022,CWF123,2022-08-12 00:00:00,8.0,224.0,51.500008,-114.916778,Provincial Land,Lightning,"155,66"
2022,WWF046,2022-08-12 16:26:00,8.0,224.0,54.171852,-116.91468,Provincial Land,Lightning,"154,77"
2022,RWF052,2022-08-19 18:00:00,8.0,231.0,52.0524,-115.19871,Provincial Land,Recreation,"155,68"
2022,CWF131,2022-08-19 12:00:00,8.0,231.0,51.402225,-115.056725,Provincial Land,Recreation,"155,66"
2022,MWF076,2022-08-04 13:58:00,8.0,216.0,57.297283,-110.617733,Provincial Land,Lightning,"170,83"
2022,GWF045,2022-08-19 16:45:00,8.0,231.0,54.2512,-118.355917,Provincial Land,Lightning,"152,79"
2022,CWF132,2022-08-19 12:00:00,8.0,231.0,51.542338,-115.098495,Provincial Land,Recreation,"155,67"
2022,MWF077,2022-08-20 03:47:00,8.0,232.0,59.223283,-110.579683,Provincial Land,Lightning,"173,90"
2022,GWF046,2022-08-13 18:56:00,8.0,225.0,56.1955,-119.083217,Provincial Park,Lightning,"153,86"
2022,MWF078,2022-08-20 12:30:00,8.0,232.0,56.690083,-111.41565,Private Land,Recreation,"168,82"
2022,GWF047,2022-08-20 12:00:00,8.0,232.0,55.067833,-117.4122,Indian Reservation,Incendiary,"155,80"
2022,HWF078,2022-08-20 15:00:00,8.0,232.0,59.932667,-116.658183,Provincial Land,Lightning,"163,96"
2022,SWF071,2022-07-16 15:19:00,7.0,197.0,56.79135,-113.366,Provincial Land,Lightning,"165,83"
2022,SWF073,2022-07-16 15:11:00,7.0,197.0,56.790567,-113.3074,Provincial Land,Lightning,"165,83"
2022,SWF074,2022-07-16 15:26:00,7.0,197.0,56.818367,-113.164583,Provincial Land,Lightning,"165,83"
2022,SWF075,2022-07-15 23:50:00,7.0,196.0,56.003867,-114.839833,Provincial Land,Lightning,"161,82"
2022,PWF044,2022-07-16 16:24:00,7.0,197.0,56.916367,-117.8871,Provincial Land,Lightning,"156,87"
2022,PWF045,2022-07-16 17:40:00,7.0,197.0,57.56305,-119.889667,Provincial Land,Lightning,"154,91"
2022,PWF046,2022-07-16 17:00:00,7.0,197.0,57.77135,-119.999983,Provincial Land,Lightning,"154,92"
2022,PWF048,2022-07-16 16:20:00,7.0,197.0,56.976333,-118.312467,Provincial Land,Lightning,"156,88"
2022,LWF114,2022-07-16 19:10:00,7.0,197.0,56.0022,-111.026217,Provincial Land,Lightning,"168,79"
2022,PWF049,2022-07-16 18:30:00,7.0,197.0,56.394917,-117.637417,Private Land,Lightning,"156,85"
2022,LWF116,2022-07-16 21:40:00,7.0,197.0,55.859533,-111.12395,Provincial Land,Lightning,"168,79"
2022,PWF050,2022-07-17 14:01:00,7.0,198.0,57.4658,-117.615367,Provincial Land,Lightning,"158,89"
2022,SWF078,2022-07-16 19:12:00,7.0,197.0,57.175183,-113.100917,Provincial Land,Lightning,"166,84"
2022,SWF079,2022-07-16 15:19:00,7.0,197.0,56.791302,-113.307457,Provincial Land,Lightning,"165,83"
2022,SWF082,2022-07-15 22:58:00,7.0,196.0,56.155933,-115.121533,Provincial Land,Lightning,"161,82"
2022,LWF119,2022-07-18 15:15:00,7.0,199.0,55.91114,-111.299099,Provincial Land,Lightning,"168,79"
2022,MWF055,2022-07-18 16:42:00,7.0,199.0,57.270786,-110.115172,Provincial Land,Lightning,"171,83"
2022,PWF083,2022-08-13 18:20:00,8.0,225.0,57.217,-118.321,Provincial Land,Lightning,"156,88"
2022,PWF084,2022-08-13 18:50:00,8.0,225.0,56.7601,-118.84725,Provincial Land,Lightning,"155,87"
2022,PWF085,2022-08-13 19:50:00,8.0,225.0,56.747933,-118.781267,Provincial Land,Lightning,"155,87"
2022,EWF073,2022-08-13 20:40:00,8.0,225.0,53.556377,-116.211258,Private Land,Power Line Industry,"155,74"
2022,PWF086,2022-08-13 21:00:00,8.0,225.0,56.482667,-116.413167,Provincial Land,Power Line Industry,"159,84"
2022,PWF087,2022-08-13 19:45:00,8.0,225.0,57.133283,-118.7787,Provincial Land,Lightning,"155,88"
2022,CWF125,2022-08-13 12:00:00,8.0,225.0,51.286808,-115.144692,Provincial Land,Recreation,"154,66"
2022,WWF048,2022-08-01 16:28:00,8.0,213.0,54.130583,-115.80745,Private Land,Lightning,"157,76"
2022,PWF090,2022-08-13 18:00:00,8.0,225.0,57.329217,-119.631633,Provincial Land,Lightning,"154,90"
2022,HWF075,2022-08-15 15:38:00,8.0,227.0,59.385667,-115.5218,Provincial Land,Lightning,"164,94"
2022,RWF045,2022-08-04 08:00:00,8.0,216.0,52.400467,-115.980917,Provincial Land,Recreation,"154,70"
2022,PWF092,2022-07-16 17:00:00,7.0,197.0,57.734233,-119.97065,Provincial Land,Lightning,"154,91"
2022,RWF048,2022-08-15 18:00:00,8.0,227.0,52.480117,-115.62855,Provincial Land,Power Line Industry,"155,70"
2022,CWF130,2022-08-16 12:00:00,8.0,228.0,50.145917,-114.44645,Provincial Land,Lightning,"154,61"
2022,PWF094,2022-08-16 20:30:00,8.0,228.0,57.032017,-117.724867,Private Land,Resident,"157,87"
2022,LWF140,2022-08-19 09:00:00,8.0,231.0,54.56505,-111.594833,Private Land,Incendiary,"166,75"
2022,CWF133,2022-08-19 12:00:00,8.0,231.0,51.402645,-115.064788,Provincial Land,Recreation,"154,66"
2022,CWF134,2022-08-20 12:00:00,8.0,232.0,51.271633,-114.992267,Provincial Land,Recreation,"154,66"
2022,MWF079,2022-08-20 15:18:00,8.0,232.0,56.518083,-113.02455,Provincial Land,Lightning,"165,82"
2022,SWF110,2022-08-20 15:35:00,8.0,232.0,55.868122,-116.49366,Metis Settlement,Lightning,"158,82"
2022,SWF111,2022-08-20 16:10:00,8.0,232.0,55.856533,-116.502533,Metis Settlement,Lightning,"158,82"
2022,MWF072,2022-08-03 14:00:00,8.0,215.0,56.426867,-111.338967,Provincial Land,Power Line Industry,"168,81"
2022,HWF073,2022-08-05 12:00:00,8.0,217.0,57.844552,-114.534084,Provincial Land,Lightning,"164,88"
2022,PWF075,2022-08-07 19:00:00,8.0,219.0,56.32705,-119.08425,Provincial Land,Lightning,"153,86"
2022,PWF076,2022-08-09 16:00:00,8.0,221.0,56.869933,-117.7541,Private Land,Agriculture Industry,"157,87"
2022,LWF134,2022-08-09 17:30:00,8.0,221.0,54.559333,-111.7205,Private Land,Agriculture Industry,"165,75"
2022,LWF135,2022-08-09 21:00:00,8.0,221.0,54.6512,-110.259583,Provincial Land,Recreation,"168,74"
2022,HWF074,2022-08-10 15:00:00,8.0,222.0,58.627317,-115.031017,Provincial Land,Lightning,"164,91"
2022,LWF092,2022-05-25 14:00:00,5.0,145.0,55.93595,-110.719633,Indian Reservation,Incendiary,"169,79"
2022,RWF038,2022-07-19 12:00:00,7.0,200.0,52.45577,-116.29365,Provincial Land,Lightning,"153,71"
2022,WWF040,2022-07-15 18:10:00,7.0,196.0,54.245605,-115.736603,Provincial Land,Lightning,"157,76"
2022,EWF059,2022-07-24 08:00:00,7.0,205.0,53.6157,-115.38205,Provincial Land,Power Line Industry,"157,74"
2022,SWF088,2022-07-24 13:00:00,7.0,205.0,55.262483,-114.751533,Provincial Land,Undetermined,"160,79"
2022,PWF056,2022-07-23 18:00:00,7.0,204.0,57.2061,-117.918417,Provincial Land,Lightning,"157,88"
2022,SWF087,2022-07-23 23:00:00,7.0,204.0,55.98055,-113.892283,Provincial Land,Undetermined,"163,81"
2022,PWF057,2022-07-24 19:00:00,7.0,205.0,56.3928,-117.166267,Provincial Land,Undetermined,"157,85"
2022,SWF112,2022-08-20 16:10:00,8.0,232.0,55.855267,-116.499717,Metis Settlement,Lightning,"158,82"
2022,MWF080,2022-08-19 22:59:00,8.0,231.0,59.32135,-110.984167,Provincial Land,Lightning,"172,91"
2022,HWF079,2022-08-20 12:00:00,8.0,232.0,59.681696,-117.170373,Provincial Land,Lightning,"162,96"
2022,RWF053,2022-08-20 15:00:00,8.0,232.0,52.675,-116.492833,Provincial Land,Lightning,"153,72"
2022,CWF135,2022-08-20 12:00:00,8.0,232.0,51.269383,-115.017917,Provincial Land,Recreation,"154,66"
2022,SWF114,2022-08-20 16:06:00,8.0,232.0,56.077867,-114.248333,Provincial Land,Lightning,"162,81"
2022,MWF081,2022-08-19 22:04:00,8.0,231.0,59.459533,-111.039733,Provincial Land,Lightning,"172,91"
2022,LWF141,2022-08-20 17:00:00,8.0,232.0,55.755217,-110.748,Provincial Land,Lightning,"169,78"
2022,LWF142,2022-08-20 17:00:00,8.0,232.0,55.756267,-110.72875,Provincial Land,Lightning,"169,78"
2022,MWF082,2022-08-19 22:24:00,8.0,231.0,59.428072,-111.092309,Provincial Land,Lightning,"172,91"
2022,LWF143,2022-08-20 17:00:00,8.0,232.0,55.749933,-110.713217,Provincial Land,Lightning,"169,78"
2022,LWF144,2022-08-20 17:00:00,8.0,232.0,55.686717,-110.676867,Provincial Land,Lightning,"169,78"
2022,HWF080,2022-08-20 17:00:00,8.0,232.0,59.537058,-117.682434,Provincial Land,Lightning,"161,96"
2022,LWF145,2022-08-20 17:10:00,8.0,232.0,55.658717,-110.646333,Provincial Land,Lightning,"169,78"
2022,CWF136,2022-08-20 17:00:00,8.0,232.0,51.287133,-115.144383,Provincial Land,Recreation,"154,66"
2022,GWF048,2022-08-19 19:16:00,8.0,231.0,54.402083,-118.7375,Provincial Land,Lightning,"151,79"
2022,LWF147,2022-08-20 18:00:00,8.0,232.0,55.839817,-111.2056,Provincial Land,Lightning,"168,79"
2022,RWF054,2022-08-20 17:00:00,8.0,232.0,52.312483,-115.973667,Provincial Land,Lightning,"154,70"
2022,MWF083,2022-08-19 22:47:00,8.0,231.0,59.540967,-111.12985,Provincial Land,Lightning,"172,91"
2022,LWF148,2022-08-20 18:26:00,8.0,232.0,55.717183,-111.031167,Provincial Land,Lightning,"168,78"
2022,MWF084,2022-08-19 22:15:00,8.0,231.0,59.331233,-111.215083,Provincial Land,Lightning,"171,91"
2022,SWF116,2022-08-20 18:14:00,8.0,232.0,55.502002,-114.564415,Provincial Land,Lightning,"161,80"
2022,SWF117,2022-08-20 17:56:00,8.0,232.0,55.512367,-114.544972,Provincial Land,Lightning,"161,80"
2022,SWF118,2022-08-20 18:11:00,8.0,232.0,55.546572,-115.937685,Provincial Land,Lightning,"158,81"
2022,CWF137,2022-08-17 17:00:00,8.0,229.0,50.49095,-114.746533,Provincial Land,Recreation,"154,63"
2022,SWF121,2022-08-20 17:14:00,8.0,232.0,55.899717,-114.0671,Provincial Land,Lightning,"162,81"
2022,SWF120,2022-08-20 18:11:00,8.0,232.0,55.461117,-114.547783,Provincial Land,Lightning,"161,80"
2022,SWF119,2022-08-20 16:06:00,8.0,232.0,55.99995,-114.1234,Provincial Land,Lightning,"162,81"
2022,RWF055,2022-08-20 18:00:00,8.0,232.0,52.315583,-116.34255,Provincial Land,Recreation,"153,70"
2022,RWF056,2022-08-20 19:00:00,8.0,232.0,52.22115,-115.506467,Provincial Land,Lightning,"155,69"
2022,RWF047,2022-08-10 12:00:00,8.0,222.0,52.643,-116.2275,Provincial Land,Recreation,"154,71"
2022,EWF068,2022-07-29 19:30:00,7.0,210.0,53.625217,-115.263,Private Land,Undetermined,"157,74"
2022,LWF136,2022-08-11 15:20:00,8.0,223.0,55.511167,-113.411,Provincial Land,Lightning,"163,79"
2022,SWF103,2022-08-11 15:23:00,8.0,223.0,55.4426,-113.506617,Provincial Land,Lightning,"163,79"
2022,GWF036,2022-08-11 15:55:00,8.0,223.0,55.156167,-117.4745,Provincial Land,Power Line Industry,"155,81"
2022,EWF070,2022-08-11 17:56:00,8.0,223.0,53.797217,-116.494833,Provincial Land,Lightning,"155,75"
2022,EWF071,2022-08-11 18:30:00,8.0,223.0,53.599533,-116.120865,Private Land,Undetermined,"155,74"
2022,SWF104,2022-08-11 20:45:00,8.0,223.0,55.323283,-115.805633,Provincial Land,Resident,"158,80"
2022,GWF037,2022-08-12 10:50:00,8.0,224.0,54.9123,-119.20025,Provincial Land,Recreation,"151,81"
2022,CWF124,2022-08-13 12:00:00,8.0,225.0,51.274398,-115.024703,Provincial Land,Recreation,"154,66"
2022,GWF040,2022-08-12 15:41:00,8.0,224.0,54.3002,-119.304533,Provincial Land,Lightning,"150,80"
2022,SWF106,2022-08-13 16:32:00,8.0,225.0,57.207802,-115.68924,Provincial Land,Lightning,"161,86"
2022,SWF108,2022-08-13 17:07:00,8.0,225.0,55.797967,-115.2354,Provincial Land,Lightning,"160,81"
2022,CWF127,2022-08-14 18:00:00,8.0,226.0,51.402517,-115.052933,Provincial Land,Recreation,"155,66"
2022,GWF044,2022-08-12 15:41:00,8.0,224.0,54.2988,-119.303217,Provincial Land,Lightning,"150,80"
2022,CWF129,2022-08-15 06:00:00,8.0,227.0,51.3752,-115.05245,Provincial Land,Lightning,"154,66"
2022,RWF049,2022-08-15 21:30:00,8.0,227.0,52.455233,-115.453133,Provincial Land,Lightning,"155,70"
2022,WWF050,2022-08-14 18:00:00,8.0,226.0,54.0643,-115.821383,Private Land,Resident,"156,76"
2022,PWF093,2022-07-16 17:00:00,7.0,197.0,57.5985,-117.913667,Provincial Land,Lightning,"157,89"
2022,LWF138,2022-08-16 16:30:00,8.0,228.0,54.941617,-111.454867,Provincial Land,Lightning,"166,76"
2022,LWF139,2022-08-16 16:45:00,8.0,228.0,55.108333,-111.7303,Provincial Land,Lightning,"166,76"
2022,MWF074,2022-08-16 17:32:00,8.0,228.0,59.874367,-110.29775,Provincial Land,Lightning,"174,92"
2022,MWF075,2022-08-14 16:11:00,8.0,226.0,58.00845,-113.913233,Provincial Land,Lightning,"165,88"
2022,HWF077,2022-08-18 19:00:00,8.0,230.0,58.477867,-114.08775,Provincial Land,Lightning,"165,90"
2022,RWF051,2022-08-19 08:00:00,8.0,231.0,51.813045,-114.975004,Provincial Land,Recreation,"155,67"
2022,WWF051,2022-08-13 14:00:00,8.0,225.0,54.680813,-116.469582,Provincial Land,Lightning,"156,78"
2022,SWF089,2022-07-25 05:03:00,7.0,206.0,55.750567,-115.11095,Provincial Land,Power Line Industry,"160,81"
2022,HWF069,2022-07-25 15:00:00,7.0,206.0,58.94705,-117.207667,Provincial Land,Lightning,"161,93"
2022,HWF070,2022-07-25 16:00:00,7.0,206.0,58.0201,-116.65255,Provincial Land,Power Line Industry,"160,90"
2022,HWF071,2022-07-28 10:40:00,7.0,209.0,58.314738,-116.140878,Provincial Land,Power Line Industry,"162,90"
2022,SWF109,2022-08-13 17:32:00,8.0,225.0,56.369888,-113.102928,Provincial Land,Lightning,"165,82"
2022,PWF081,2022-08-13 16:30:00,8.0,225.0,58.039,-119.588,Provincial Land,Lightning,"155,92"
2022,PWF082,2022-08-13 18:30:00,8.0,225.0,57.190833,-118.600167,Provincial Land,Lightning,"156,89"
2022,GWF041,2022-08-12 17:45:00,8.0,224.0,54.251717,-118.138767,Provincial Land,Lightning,"152,78"
2022,LWF137,2022-08-14 11:50:00,8.0,226.0,55.92545,-110.675417,Indian Reservation,Undetermined,"169,79"
2022,GWF042,2022-08-13 18:02:00,8.0,225.0,54.639583,-117.109833,Private Land,Lightning,"155,79"
2022,WWF047,2022-08-13 19:13:00,8.0,225.0,54.54805,-116.4497,Provincial Land,Lightning,"156,78"
2022,MWF073,2022-08-14 17:00:00,8.0,226.0,58.762617,-111.063867,Provincial Land,Undetermined,"171,89"
2022,CWF128,2022-08-15 06:00:00,8.0,227.0,51.2708,-115.00145,Provincial Land,Recreation,"154,66"
2022,WWF049,2022-08-13 18:30:00,8.0,225.0,54.34119,-116.31527,Provincial Land,Lightning,"156,77"
2022,GWF043,2022-08-15 15:00:00,8.0,227.0,54.46,-118.42945,Provincial Land,Lightning,"152,79"
2022,PWF091,2022-08-13 18:00:00,8.0,225.0,57.265,-118.437667,Provincial Land,Lightning,"156,89"
2022,HWF076,2022-08-15 15:00:00,8.0,227.0,58.529925,-116.32593,Private Land,Agriculture Industry,"162,91"
2021,LWF192,2021-08-17 18:00:00,8.0,229.0,55.09715,-111.111933,DND,Lightning,"167,76"
2021,MWF105,2021-08-26 19:00:00,8.0,238.0,56.7486,-111.52255,Provincial Land,Incendiary,"168,82"
2021,MWF106,2021-08-27 19:13:00,8.0,239.0,56.361,-112.8803,Provincial Land,Lightning,"165,82"
2021,HWF072,2021-08-27 18:19:00,8.0,239.0,58.792567,-117.05219,Provincial Land,Lightning,"161,93"
2021,HWF073,2021-08-27 18:09:00,8.0,239.0,58.7778,-117.0045,Provincial Land,Lightning,"161,93"
2021,HWF074,2021-08-27 18:09:00,8.0,239.0,58.858783,-117.358833,Provincial Land,Lightning,"160,93"
2021,CWF110,2021-08-14 11:30:00,8.0,226.0,51.143383,-114.954283,Indian Reservation,Incendiary,"154,65"
2022,LWF035,2022-04-26 23:00:00,4.0,116.0,55.9138,-110.7513,Provincial Land,Incendiary,"169,79"
2022,LWF036,2022-04-27 03:00:00,4.0,117.0,55.951204,-110.739477,Indian Reservation,Incendiary,"169,79"
2022,LWF037,2022-04-26 23:00:00,4.0,116.0,55.918967,-110.753133,Indian Reservation,Incendiary,"169,79"
2022,LWF041,2022-04-28 15:47:00,4.0,118.0,54.500699,-111.656127,Provincial Land,Other Industry,"165,74"
2022,LWF042,2022-04-28 16:10:00,4.0,118.0,54.500583,-111.633767,Provincial Land,Other Industry,"165,74"
2022,LWF044,2022-04-28 15:45:00,4.0,118.0,54.500583,-111.697067,Provincial Land,Other Industry,"165,74"
2022,RWF012,2022-04-30 10:00:00,4.0,120.0,52.663036,-114.873394,Provincial Land,Undetermined,"157,70"
2021,EWF156,2021-09-04 08:00:00,9.0,247.0,53.342,-117.808033,Provincial Land,Recreation,"151,75"
2021,CWF113,2021-09-04 16:00:00,9.0,247.0,51.549287,-115.200568,Provincial Land,Recreation,"154,67"
2021,CWF120,2021-09-05 17:00:00,9.0,248.0,49.8544,-114.398233,Provincial Land,Recreation,"154,60"
2021,HWF077,2021-09-03 00:00:00,9.0,246.0,58.002649,-116.506436,Private Land,Agriculture Industry,"160,90"
2021,CWF122,2021-09-06 06:00:00,9.0,249.0,51.573717,-114.8562,Provincial Land,Recreation,"155,67"
2021,CWF121,2021-09-06 06:00:00,9.0,249.0,51.5748,-114.8565,Provincial Land,Recreation,"155,67"
2021,EWF159,2021-08-31 11:15:00,8.0,243.0,53.6235,-115.2355,Private Land,Lightning,"157,74"
2021,CWF138,2021-09-06 17:00:00,9.0,249.0,51.4765,-115.136233,Provincial Land,Recreation,"154,66"
2021,CWF141,2021-09-06 17:00:00,9.0,249.0,51.40365,-115.059017,Provincial Land,Recreation,"155,66"
2021,SWF155,2021-08-29 22:27:00,8.0,241.0,54.945733,-115.007933,Provincial Land,Lightning,"159,78"
2021,RWF099,2021-09-07 16:00:00,9.0,250.0,53.074178,-115.481282,Provincial Land,Power Line Industry,"156,72"
2021,GWF098,2021-09-15 12:15:00,9.0,258.0,54.3632,-118.3262,Provincial Land,Power Line Industry,"152,79"
2021,WWF121,2021-09-15 14:30:00,9.0,258.0,54.388233,-114.387878,Provincial Land,Power Line Industry,"160,76"
2021,GWF099,2021-09-15 15:30:00,9.0,258.0,54.842883,-118.6922,Provincial Land,Power Line Industry,"152,81"
2021,PWF061,2021-09-15 19:00:00,9.0,258.0,57.713667,-117.375833,Provincial Land,Power Line Industry,"159,89"
2022,RWF010,2022-04-27 15:00:00,4.0,117.0,52.39915,-115.139483,Private Land,Resident,"156,70"
2022,LWF045,2022-04-28 15:45:00,4.0,118.0,54.51015,-111.817133,Provincial Land,Other Industry,"165,74"
2022,EWF029,2022-04-28 18:25:00,4.0,118.0,53.631367,-115.35225,Private Land,Resident,"157,74"
2022,EWF030,2022-04-29 11:35:00,4.0,119.0,53.193633,-115.2902,Provincial Land,Oil & Gas Industry,"156,72"
2022,LWF052,2022-04-30 15:00:00,4.0,120.0,55.929917,-110.70105,Indian Reservation,Incendiary,"169,79"
2022,HWF002,2022-04-30 13:00:00,4.0,120.0,58.713617,-118.753,Indian Reservation,Incendiary,"158,94"
2022,LWF054,2022-05-01 11:19:00,5.0,121.0,55.933583,-110.720533,Indian Reservation,Incendiary,"169,79"
2022,LWF056,2022-04-30 23:59:00,4.0,120.0,55.930883,-110.721967,Indian Reservation,Incendiary,"169,79"
2022,LWF057,2022-05-02 10:40:00,5.0,122.0,54.6172,-111.845183,Indian Reservation,Resident,"165,75"
2022,LWF058,2022-05-02 10:00:00,5.0,122.0,54.500717,-111.650517,Private Land,Government,"165,74"
2022,HWF006,2022-05-05 18:00:00,5.0,125.0,58.712717,-118.674583,Indian Reservation,Incendiary,"158,94"
2022,RWF017,2022-05-09 17:15:00,5.0,129.0,52.3811,-114.978233,Provincial Land,Resident,"156,69"
2022,LWF066,2022-05-10 14:20:00,5.0,130.0,54.471667,-111.46045,Private Land,Resident,"166,74"
2022,PWF016,2022-05-11 15:00:00,5.0,131.0,56.160667,-116.156517,Provincial Land,Resident,"159,83"
2022,SWF016,2022-05-12 15:15:00,5.0,132.0,55.490333,-116.734167,Provincial Land,Railroad,"157,81"
2021,MWF109,2021-09-04 20:00:00,9.0,247.0,56.282833,-111.593167,Provincial Land,Power Line Industry,"167,80"
2021,CWF114,2021-09-05 12:00:00,9.0,248.0,51.628265,-115.064652,Provincial Land,Recreation,"155,67"
2021,CWF119,2021-09-05 16:32:00,9.0,248.0,51.48663,-115.18766,Provincial Land,Recreation,"154,67"
2021,CWF116,2021-09-05 12:00:00,9.0,248.0,51.633415,-115.10492,Provincial Land,Recreation,"155,67"
2021,CWF118,2021-09-05 12:00:00,9.0,248.0,51.633788,-115.107178,Provincial Land,Recreation,"155,67"
2021,CWF123,2021-09-06 06:00:00,9.0,249.0,51.575217,-114.857883,Provincial Land,Recreation,"155,67"
2021,CWF130,2021-09-06 12:00:00,9.0,249.0,51.528767,-115.097817,Provincial Land,Recreation,"155,67"
2021,CWF132,2021-09-06 12:00:00,9.0,249.0,51.4788,-115.09665,Provincial Land,Recreation,"155,66"
2021,CWF134,2021-09-06 12:00:00,9.0,249.0,51.475483,-115.103267,Provincial Land,Recreation,"155,66"
2021,CWF133,2021-09-06 12:00:00,9.0,249.0,49.658848,-114.53791,Provincial Land,Recreation,"153,60"
2021,CWF135,2021-09-06 12:00:00,9.0,249.0,51.382267,-115.198717,Provincial Land,Recreation,"154,66"
2021,CWF137,2021-09-06 17:00:00,9.0,249.0,50.227967,-114.4,Provincial Land,Recreation,"154,62"
2021,CWF140,2021-09-06 17:00:00,9.0,249.0,51.403567,-115.0589,Provincial Land,Recreation,"155,66"
2021,CWF142,2021-09-06 17:00:00,9.0,249.0,51.402383,-115.052883,Provincial Land,Recreation,"155,66"
2021,LWF196,2021-09-08 10:00:00,9.0,251.0,55.916817,-111.24155,Provincial Land,Lightning,"168,79"
2021,LWF197,2021-09-08 13:00:00,9.0,251.0,55.892167,-111.229767,Provincial Land,Lightning,"168,79"
2021,CWF143,2021-09-06 07:00:00,9.0,249.0,51.117802,-115.015867,Indian Reservation,Resident,"154,65"
2022,LWF039,2022-04-27 15:00:00,4.0,117.0,55.919733,-110.73565,Indian Reservation,Incendiary,"169,79"
2022,LWF040,2022-04-27 15:00:00,4.0,117.0,55.887183,-110.7756,Provincial Land,Incendiary,"169,79"
2022,LWF046,2022-04-28 15:30:00,4.0,118.0,54.500797,-111.75639,Provincial Land,Other Industry,"165,74"
2022,LWF049,2022-04-28 20:00:00,4.0,118.0,54.59495,-111.912483,Provincial Land,Other Industry,"165,75"
2022,CWF014,2022-04-29 02:00:00,4.0,119.0,49.55325,-114.299267,Provincial Land,Undetermined,"154,59"
2022,LWF050,2022-04-28 16:00:00,4.0,118.0,54.564333,-111.883133,Provincial Land,Other Industry,"165,75"
2022,LWF055,2022-05-01 12:10:00,5.0,121.0,55.917583,-110.732783,Indian Reservation,Incendiary,"169,79"
2022,EWF040,2022-05-16 13:30:00,5.0,136.0,53.784,-115.957217,Private Land,Resident,"156,75"
2022,LWF080,2022-05-16 17:00:00,5.0,136.0,55.195833,-113.19375,Provincial Land,Resident,"163,78"
2022,GWF007,2022-05-17 14:52:00,5.0,137.0,55.880383,-119.289433,Provincial Land,Oil & Gas Industry,"152,85"
2021,EWF161,2021-09-10 09:00:00,9.0,253.0,53.708882,-115.949783,Private Land,Resident,"156,75"
2021,PWF057,2021-09-12 14:00:00,9.0,255.0,57.160433,-117.832483,Provincial Land,Lightning,"157,88"
2021,PWF063,2021-09-22 09:00:00,9.0,265.0,55.839717,-116.935367,Provincial Land,Resident,"157,83"
2021,EWF163,2021-09-21 12:00:00,9.0,264.0,53.693167,-119.027717,Provincial Park,Undetermined,"150,77"
2021,RWF103,2021-09-24 13:00:00,9.0,267.0,52.48505,-115.205467,Provincial Land,Incendiary,"156,70"
2021,CWF144,2021-09-24 00:00:00,9.0,267.0,49.91705,-114.35465,Provincial Park,Undetermined,"154,60"
2021,RWF104,2021-09-24 18:00:00,9.0,267.0,52.733783,-116.145333,Provincial Land,Forest Industry,"154,72"
2021,LWF199,2021-09-25 13:15:00,9.0,268.0,54.906233,-112.5367,Provincial Land,Agriculture Industry,"164,76"
2021,CWF146,2021-09-25 18:00:00,9.0,268.0,50.754798,-114.54657,Provincial Land,Recreation,"155,63"
2021,RWF105,2021-09-29 07:53:00,9.0,272.0,52.42945,-115.162617,Provincial Land,Incendiary,"156,70"
2021,RWF096,2021-08-21 13:00:00,8.0,233.0,53.11475,-115.228883,Provincial Land,Undetermined,"156,72"
2022,PWF020,2022-05-13 18:30:00,5.0,133.0,56.2782,-117.451617,Private Land,Resident,"156,85"
2022,LWF073,2022-05-14 16:10:00,5.0,134.0,55.105133,-112.472583,Private Land,Resident,"164,77"
2022,LWF075,2022-05-14 16:00:00,5.0,134.0,55.918392,-110.740225,Indian Reservation,Incendiary,"169,79"
2022,RWF018,2022-05-14 14:30:00,5.0,134.0,52.4458,-114.88925,Private Land,Resident,"156,70"
2022,CWF018,2022-05-14 16:00:00,5.0,134.0,49.5693,-114.4613,Provincial Land,Incendiary,"153,59"
2022,LWF076,2022-05-14 23:30:00,5.0,134.0,55.942167,-110.7158,Indian Reservation,Incendiary,"169,79"
2022,WWF011,2022-05-15 09:00:00,5.0,135.0,54.064333,-115.464417,Provincial Land,Other Industry,"157,76"
2022,WWF012,2022-05-15 13:30:00,5.0,135.0,54.184895,-116.170715,Provincial Land,Undetermined,"156,77"
2022,RWF021,2022-05-18 15:00:00,5.0,138.0,52.367667,-115.1101,Provincial Land,Lightning,"156,69"
2022,LWF084,2022-05-20 18:50:00,5.0,140.0,55.960333,-110.705367,Indian Reservation,Resident,"169,79"
2022,LWF087,2022-05-21 16:00:00,5.0,141.0,54.974364,-112.949389,Provincial Land,Recreation,"163,77"
2022,SWF021,2022-05-21 18:30:00,5.0,141.0,55.36645,-115.671967,Provincial Land,Recreation,"158,80"
2021,HWF080,2021-09-11 14:00:00,9.0,254.0,58.457467,-115.1785,Provincial Land,Incendiary,"163,90"
2021,HWF082,2021-09-14 16:00:00,9.0,257.0,58.198957,-116.037174,Private Land,Agriculture Industry,"162,90"
2021,SWF156,2021-09-14 21:00:00,9.0,257.0,55.114224,-116.850208,Private Land,Lightning,"156,80"
2021,GWF100,2021-09-17 17:00:00,9.0,260.0,54.997525,-117.034775,Private Land,Agriculture Industry,"155,80"
2021,PWF062,2021-09-19 18:31:00,9.0,262.0,56.4382,-116.113817,Provincial Land,Resident,"159,84"
2021,RWF101,2021-09-21 15:30:00,9.0,264.0,52.221117,-114.87895,Private Land,Agriculture Industry,"156,69"
2021,RWF102,2021-09-19 20:00:00,9.0,262.0,51.6792,-114.792267,Private Land,Resident,"155,67"
2021,MWF110,2021-09-20 16:00:00,9.0,263.0,57.179883,-111.791767,Provincial Land,Power Line Industry,"168,84"
2021,HWF084,2021-09-24 10:00:00,9.0,267.0,58.611367,-117.747467,Provincial Land,Recreation,"159,93"
2021,SWF157,2021-09-24 15:18:00,9.0,267.0,56.57326,-115.277585,Provincial Land,Forest Industry,"161,84"
2021,LWF200,2021-09-25 15:00:00,9.0,268.0,54.5842,-111.122683,Provincial Land,Undetermined,"167,74"
2022,LWF067,2022-05-11 15:30:00,5.0,131.0,55.923862,-110.692859,Indian Reservation,Resident,"169,79"
2022,EWF041,2022-05-18 19:45:00,5.0,138.0,53.534355,-117.047867,Provincial Land,Power Line Industry,"153,75"
2022,CWF020,2022-05-13 18:06:00,5.0,133.0,49.56931,-114.45995,Provincial Land,Incendiary,"153,59"
2022,CWF022,2022-05-18 08:00:00,5.0,138.0,51.278417,-115.0417,Provincial Land,Under Investigation,"154,66"
2022,EWF043,2022-05-21 09:55:00,5.0,141.0,53.609633,-115.691883,Private Land,Power Line Industry,"156,74"
2022,SWF020,2022-05-21 13:20:00,5.0,141.0,57.170633,-115.100833,Provincial Land,Other Industry,"162,86"
2022,GWF008,2022-05-16 18:30:00,5.0,136.0,54.9555,-118.7085,Provincial Land,Lightning,"152,81"
2022,CWF028,2022-05-22 12:00:00,5.0,142.0,49.90465,-114.4692,Provincial Land,Recreation,"154,60"
2022,CWF039,2022-05-22 17:00:00,5.0,142.0,51.27277,-115.049897,Provincial Land,Recreation,"154,66"
2022,CWF041,2022-05-22 17:00:00,5.0,142.0,51.269982,-115.04155,Private Land,Recreation,"154,66"
2022,CWF043,2022-05-22 19:00:00,5.0,142.0,50.1019,-114.22055,Provincial Land,Undetermined,"155,61"
2022,MWF005,2022-05-23 02:30:00,5.0,143.0,56.948583,-111.552783,Provincial Land,Incendiary,"168,83"
2022,CWF044,2022-05-23 06:00:00,5.0,143.0,50.852238,-114.615768,Provincial Land,Recreation,"155,64"
2022,CWF052,2022-05-23 12:00:00,5.0,143.0,49.998773,-114.510952,Provincial Land,Recreation,"154,61"
2022,GWF011,2022-05-23 12:30:00,5.0,143.0,55.030167,-118.61495,Provincial Land,Recreation,"152,81"
2021,LWF201,2021-09-25 12:00:00,9.0,268.0,55.41425,-113.3422,Provincial Land,Recreation,"163,79"
2021,CWF148,2021-10-01 15:00:00,10.0,274.0,51.173462,-114.785485,Private Land,Railroad,"155,65"
2021,LWF203,2021-10-02 11:00:00,10.0,275.0,54.675667,-111.907233,Indian Reservation,Resident,"165,75"
2021,WWF123,2021-10-03 20:00:00,10.0,276.0,54.234722,-116.13263,Provincial Land,Recreation,"156,77"
2021,PWF064,2021-10-03 15:00:00,10.0,276.0,56.280918,-116.599998,Provincial Land,Power Line Industry,"158,84"
2021,PWF065,2021-10-03 18:00:00,10.0,276.0,56.279643,-116.603133,Provincial Land,Power Line Industry,"158,84"
2021,CWF149,2021-10-02 12:00:00,10.0,275.0,51.280537,-115.155075,Provincial Land,Recreation,"154,66"
2021,CWF150,2021-10-02 12:00:00,10.0,275.0,51.26627,-114.966873,Provincial Land,Recreation,"155,66"
2021,CWF151,2021-10-04 12:00:00,10.0,277.0,50.8622,-114.677867,Provincial Land,Recreation,"155,64"
2022,CWF024,2022-05-22 06:00:00,5.0,142.0,51.46935,-114.95108,Provincial Land,Recreation,"155,66"
2022,CWF026,2022-05-22 12:00:00,5.0,142.0,51.28844,-115.140212,Provincial Land,Recreation,"154,66"
2022,CWF031,2022-05-12 06:00:00,5.0,132.0,49.89755,-114.571033,Provincial Land,Recreation,"154,61"
2022,CWF033,2022-05-22 12:00:00,5.0,142.0,51.633418,-115.08456,Provincial Land,Recreation,"155,67"
2022,CWF034,2022-05-22 12:00:00,5.0,142.0,51.633237,-115.085998,Provincial Land,Recreation,"155,67"
2022,CWF037,2022-05-22 12:00:00,5.0,142.0,51.279408,-115.07219,Provincial Land,Recreation,"154,66"
2022,CWF040,2022-05-22 17:00:00,5.0,142.0,51.252667,-115.021483,Provincial Land,Recreation,"154,66"
2022,GWF009,2022-05-22 15:00:00,5.0,142.0,54.998467,-118.831783,Private Land,Resident,"152,81"
2022,RWF023,2022-05-22 10:00:00,5.0,142.0,51.915917,-115.032933,Provincial Land,Recreation,"155,68"
2022,GWF010,2022-05-23 08:00:00,5.0,143.0,55.372345,-116.927142,Provincial Land,Recreation,"156,81"
2022,CWF058,2022-05-23 12:00:00,5.0,143.0,49.9138,-114.39,Provincial Land,Recreation,"154,60"
2022,CWF056,2022-05-23 12:00:00,5.0,143.0,49.9169,-114.3934,Provincial Land,Recreation,"154,60"
2021,EWF164,2021-09-29 15:00:00,9.0,272.0,53.7263,-117.906917,Provincial Land,Recreation,"152,76"
2021,EWF165,2021-09-30 15:00:00,9.0,273.0,53.350333,-115.450833,Provincial Land,Incendiary,"156,73"
2021,LWF202,2021-09-30 16:00:00,9.0,273.0,54.6747,-111.902333,Indian Reservation,Resident,"165,75"
2021,LWF204,2021-10-04 08:00:00,10.0,277.0,54.710033,-110.156217,Provincial Land,Undetermined,"169,74"
2021,EWF167,2021-10-10 19:10:00,10.0,283.0,53.640418,-116.255203,Private Land,Power Line Industry,"155,75"
2021,SWF161,2021-10-04 12:30:00,10.0,277.0,55.358833,-116.487907,Private Land,Resident,"157,81"
2021,CWF161,2021-10-16 08:00:00,10.0,289.0,49.661433,-114.540017,Provincial Land,Recreation,"153,60"
2021,CWF162,2021-10-17 08:00:00,10.0,290.0,51.001075,-114.619118,Provincial Land,Recreation,"155,64"
2021,SWF164,2021-10-09 14:00:00,10.0,282.0,55.299288,-114.734913,Provincial Land,Undetermined,"160,79"
2021,LWF210,2021-10-18 08:00:00,10.0,291.0,54.61225,-110.31855,Provincial Land,Undetermined,"168,74"
2021,RWF108,2021-10-25 17:42:00,10.0,298.0,52.513383,-116.289967,Provincial Land,Recreation,"153,71"
2021,EWF171,2021-10-27 22:00:00,10.0,300.0,53.644943,-115.985893,Provincial Land,Incendiary,"156,75"
2021,LWF213,2021-10-26 19:20:00,10.0,299.0,55.342883,-112.898167,Provincial Land,Recreation,"164,78"
2022,CWF050,2022-05-23 06:00:00,5.0,143.0,51.6002,-115.01226,Provincial Land,Recreation,"155,67"
2022,CWF054,2022-05-23 12:00:00,5.0,143.0,50.904897,-115.052253,Provincial Land,Recreation,"154,64"
2022,LWF089,2022-05-21 21:00:00,5.0,141.0,54.900183,-112.335983,Private Land,Resident,"164,76"
2022,RWF026,2022-05-23 13:00:00,5.0,143.0,52.502917,-114.95975,Private Land,Resident,"156,70"
2022,CWF066,2022-05-23 12:00:00,5.0,143.0,51.41219,-115.086235,Provincial Land,Recreation,"154,66"
2022,CWF055,2022-05-23 12:00:00,5.0,143.0,51.575867,-114.959383,Provincial Land,Recreation,"155,67"
2022,CWF068,2022-05-25 18:00:00,5.0,145.0,50.4175,-114.473167,Indian Reservation,Undetermined,"155,62"
2021,CWF153,2021-10-06 12:00:00,10.0,279.0,49.809217,-113.966917,Provincial Land,Recreation,"155,60"
2021,LWF206,2021-10-09 17:00:00,10.0,282.0,55.26655,-113.233617,Indian Reservation,Resident,"163,78"
2021,HWF086,2021-10-09 07:00:00,10.0,282.0,58.51475,-116.321467,Provincial Land,Incendiary,"162,91"
2021,LWF207,2021-10-09 15:00:00,10.0,282.0,56.200833,-110.701167,Provincial Land,Recreation,"169,80"
2021,SWF162,2021-10-13 05:00:00,10.0,286.0,56.598583,-114.6042,Provincial Land,Incendiary,"162,84"
2021,SWF160,2021-10-07 15:45:00,10.0,280.0,55.3475,-115.388167,Provincial Land,Resident,"159,80"
2021,MWF111,2021-10-13 17:00:00,10.0,286.0,56.366217,-111.74425,Provincial Land,Recreation,"167,81"
2021,SWF163,2021-10-14 14:30:00,10.0,287.0,55.367333,-115.866667,Indian Reservation,Undetermined,"158,80"
2021,RWF107,2021-10-16 15:00:00,10.0,289.0,53.044783,-115.38205,Provincial Land,Incendiary,"156,72"
2021,MWF112,2021-10-19 08:00:00,10.0,292.0,57.352317,-112.278383,Provincial Land,Recreation,"167,85"
2021,EWF170,2021-10-21 09:45:00,10.0,294.0,53.591867,-115.060533,Private Land,Agriculture Industry,"157,74"
2021,LWF211,2021-10-21 12:00:00,10.0,294.0,56.188567,-110.825917,Provincial Land,Recreation,"169,80"
2021,WWF125,2021-10-12 15:00:00,10.0,285.0,54.157612,-115.677475,Provincial Land,Undetermined,"157,76"
2022,RWF028,2022-05-24 14:00:00,5.0,144.0,52.082533,-114.988,Private Land,Resident,"156,68"
2022,CWF061,2022-05-23 12:00:00,5.0,143.0,51.391808,-115.100258,Provincial Land,Recreation,"154,66"
2022,LWF090,2022-05-24 17:00:00,5.0,144.0,55.04795,-112.239367,Private Land,Lightning,"165,77"
2022,LWF091,2022-05-24 22:00:00,5.0,144.0,55.927117,-110.719367,Indian Reservation,Incendiary,"169,79"
2022,RWF031,2022-05-25 15:30:00,5.0,145.0,52.647,-115.734867,Provincial Land,Undetermined,"155,71"
2022,HWF010,2022-05-26 12:00:00,5.0,146.0,58.172067,-116.595217,Provincial Land,Agriculture Industry,"161,90"
2022,RWF033,2022-05-27 11:25:00,5.0,147.0,52.521667,-115.491667,Provincial Land,Oil & Gas Industry,"155,70"
2022,CWF069,2022-05-27 14:10:00,5.0,147.0,51.257033,-114.9995,Indian Reservation,Undetermined,"154,66"
2022,CWF070,2022-05-28 13:25:00,5.0,148.0,51.3572,-114.97905,Provincial Land,Incendiary,"155,66"
2022,GWF014,2022-05-29 15:00:00,5.0,149.0,54.923455,-117.099007,Private Land,Agriculture Industry,"155,80"
2022,EWF051,2022-05-31 17:05:00,5.0,151.0,53.657167,-115.252533,Private Land,Incendiary,"157,74"
2022,HWF017,2022-06-01 16:00:00,6.0,152.0,59.264,-119.625,Provincial Land,Lightning,"157,96"
2022,PWF023,2022-06-01 18:30:00,6.0,152.0,57.133833,-117.533883,Provincial Land,Incendiary,"157,87"
2022,HWF018,2022-06-02 16:46:00,6.0,153.0,59.049283,-118.324333,Provincial Land,Lightning,"159,94"
2022,SWF033,2022-06-01 00:00:00,6.0,152.0,55.916067,-115.659317,Indian Reservation,Undetermined,"159,82"
2021,RWF093,2021-08-15 20:00:00,8.0,227.0,52.56405,-115.824633,Provincial Land,Lightning,"154,71"
2021,SWF150,2021-08-17 13:30:00,8.0,229.0,55.42185,-114.79585,Provincial Park,Forest Industry,"160,80"
2021,RWF097,2021-08-30 19:07:00,8.0,242.0,52.166733,-115.25905,Provincial Land,Lightning,"155,69"
2021,EWF172,2021-10-26 13:30:00,10.0,299.0,53.2372,-117.8052,Provincial Land,Recreation,"151,75"
2021,GWF103,2021-10-30 15:18:00,10.0,303.0,55.389695,-117.82212,Provincial Land,Recreation,"154,82"
2021,RWF110,2021-11-06 16:05:00,11.0,310.0,52.492167,-116.071833,Private Land,Resident,"154,71"
2021,EWF174,2021-11-13 11:00:00,11.0,317.0,53.626467,-115.232617,Private Land,Resident,"157,74"
2021,GWF105,2021-11-22 10:00:00,11.0,326.0,55.1236,-117.589683,Provincial Land,Government,"154,81"
2022,WWF029,2022-05-26 13:15:00,5.0,146.0,54.049077,-115.679848,Provincial Land,Resident,"157,76"
2022,WWF030,2022-05-25 19:22:00,5.0,145.0,54.5569,-114.70005,Provincial Land,Lightning,"159,77"
2022,EWF050,2022-05-30 16:30:00,5.0,150.0,53.5775,-116.09,Provincial Land,Recreation,"155,74"
2021,RWF111,2021-11-06 12:00:00,11.0,310.0,52.451483,-116.054283,Provincial Land,Undetermined,"154,71"
2021,LWF214,2021-11-12 12:00:00,11.0,316.0,55.598783,-112.638117,Provincial Land,Undetermined,"165,79"
2021,EWF175,2021-11-13 12:30:00,11.0,317.0,53.764783,-115.53975,Private Land,Recreation,"157,75"
2021,WWF127,2021-11-13 17:15:00,11.0,317.0,54.082695,-115.488678,Private Land,Resident,"157,76"
2021,SWF166,2021-11-24 10:00:00,11.0,328.0,54.915433,-115.747783,Provincial Land,Forest Industry,"158,79"
2021,HWF088,2021-11-01 12:00:00,11.0,305.0,58.5812,-117.924783,Provincial Land,Recreation,"159,93"
2022,CWF003,2022-02-20 10:00:00,2.0,51.0,49.635367,-114.552017,Private Land,Resident,"153,60"
2022,PWF001,2022-01-01 12:00:00,1.0,1.0,56.542326,-116.66586,Provincial Land,Forest Industry,"158,85"
2022,SWF035,2022-06-04 15:00:00,6.0,155.0,56.900583,-113.989017,Provincial Land,Lightning,"164,84"
2022,GWF016,2022-06-04 16:00:00,6.0,155.0,54.94405,-118.86255,Private Land,Resident,"152,81"
2022,RWF036,2022-06-04 21:00:00,6.0,155.0,52.249467,-114.96145,Private Land,Lightning,"156,69"
2022,GWF020,2022-06-05 19:00:00,6.0,156.0,55.569633,-119.516583,Provincial Land,Power Line Industry,"151,84"
2022,GWF021,2022-06-05 19:00:00,6.0,156.0,55.567617,-119.525,Provincial Land,Power Line Industry,"151,84"
2022,LWF096,2022-06-06 20:20:00,6.0,157.0,55.6643,-110.7658,Provincial Land,Undetermined,"168,78"
2022,PWF042,2022-07-07 16:30:00,7.0,188.0,57.097467,-117.21965,Provincial Land,Lightning,"158,87"
2022,PWF043,2022-07-11 17:21:00,7.0,192.0,56.559383,-119.5452,Private Land,Agriculture Industry,"153,87"
2022,SWF055,2022-07-12 06:00:00,7.0,193.0,56.565017,-115.254533,Provincial Land,Government,"161,84"
2022,SWF056,2022-07-12 10:40:00,7.0,193.0,55.1483,-114.5197,Provincial Land,Oil & Gas Industry,"160,79"
2022,SWF057,2022-07-12 20:33:00,7.0,193.0,55.561,-114.5265,Provincial Land,Lightning,"161,80"
2022,MWF046,2022-07-13 19:39:00,7.0,194.0,57.563167,-111.439333,Provincial Land,Lightning,"169,85"
2021,CWF169,2021-11-29 10:00:00,11.0,333.0,51.574657,-114.855575,Provincial Land,Oil & Gas Industry,"155,67"
2021,CWF172,2021-12-01 12:00:00,12.0,335.0,51.138778,-114.774712,Indian Reservation,Power Line Industry,"155,65"
2022,EWF001,2022-02-07 04:55:00,2.0,38.0,53.121467,-117.365833,Provincial Land,Agriculture Industry,"152,74"
2022,EWF003,2022-02-10 12:01:00,2.0,41.0,53.880665,-119.117745,Provincial Land,Undetermined,"150,78"
2022,PWF002,2022-01-01 12:00:00,1.0,1.0,56.575322,-116.567955,Provincial Land,Forest Industry,"158,85"
2022,GWF001,2022-03-15 15:40:00,3.0,74.0,55.012329,-119.037991,Private Land,Resident,"152,82"
2022,CWF004,2022-03-07 16:00:00,3.0,66.0,51.24505,-114.827883,Private Land,Resident,"155,65"
2022,CWF005,2022-03-11 17:00:00,3.0,70.0,51.654267,-115.2125,Provincial Land,Incendiary,"155,67"
2022,CWF072,2022-06-01 12:00:00,6.0,152.0,50.091917,-114.207717,Provincial Land,Undetermined,"155,61"
2022,HWF015,2022-06-01 15:15:00,6.0,152.0,59.292783,-118.997117,Provincial Land,Lightning,"158,96"
2022,HWF016,2022-06-01 16:10:00,6.0,152.0,58.5326,-118.900417,Provincial Land,Power Line Industry,"157,93"
2022,EWF052,2022-06-01 18:00:00,6.0,152.0,53.619,-115.253,Private Land,Incendiary,"157,74"
2022,WWF032,2022-06-03 09:50:00,6.0,154.0,54.205862,-116.759975,Provincial Land,Undetermined,"155,77"
2022,RWF034,2022-06-03 12:00:00,6.0,154.0,52.5137,-114.98555,Provincial Land,Power Line Industry,"156,70"
2022,RWF035,2022-06-03 15:00:00,6.0,154.0,53.05625,-115.5097,Provincial Land,Power Line Industry,"156,72"
2022,CWF073,2022-06-04 08:00:00,6.0,155.0,49.672917,-114.5915,Provincial Land,Recreation,"153,60"
2022,SWF034,2022-06-04 09:35:00,6.0,155.0,55.909267,-115.642417,Indian Reservation,Undetermined,"159,82"
2022,HWF019,2022-06-04 13:48:00,6.0,155.0,58.102067,-116.345333,Private Land,Agriculture Industry,"161,90"
2022,LWF094,2022-06-04 16:40:00,6.0,155.0,55.058341,-113.980739,Provincial Land,Undetermined,"161,78"
2022,GWF017,2022-06-04 19:33:00,6.0,155.0,54.709583,-119.173967,Provincial Land,Lightning,"151,81"
2022,LWF095,2022-06-05 12:50:00,6.0,156.0,54.682767,-111.921133,Indian Reservation,Undetermined,"165,75"
2022,RWF001,2022-01-31 10:00:00,1.0,31.0,52.779117,-116.03515,Provincial Land,Government,"154,72"
2022,GWF002,2022-03-12 14:30:00,3.0,71.0,55.488509,-119.936153,Provincial Land,Resident,"151,84"
2022,CWF009,2022-03-23 14:40:00,3.0,82.0,51.175833,-114.953133,Indian Reservation,Resident,"154,65"
2022,GWF003,2022-03-28 14:30:00,3.0,87.0,55.456006,-117.510325,Private Land,Resident,"155,82"
2022,WWF001,2022-03-26 10:00:00,3.0,85.0,54.05709,-115.860695,Private Land,Resident,"156,76"
2022,EWF007,2022-02-14 12:01:00,2.0,45.0,54.130988,-118.512703,Provincial Land,Government,"151,78"
2022,EWF009,2022-02-14 12:01:00,2.0,45.0,54.078228,-118.55661,Provincial Land,Government,"151,78"
2022,CWF010,2022-03-27 16:05:00,3.0,86.0,51.14955,-114.7982,Indian Reservation,Resident,"155,65"
2022,EWF011,2022-02-14 12:01:00,2.0,45.0,54.056783,-118.56855,Provincial Land,Government,"151,78"
2022,GWF004,2022-04-07 03:30:00,4.0,97.0,54.435133,-117.72155,Provincial Land,Oil & Gas Industry,"153,79"
2022,LWF097,2022-06-07 10:30:00,6.0,158.0,54.432433,-113.831033,Private Land,Resident,"161,76"
2022,EWF055,2022-06-07 19:00:00,6.0,158.0,53.55645,-117.203117,Provincial Land,Power Line Industry,"153,75"
2022,HWF021,2022-06-07 22:30:00,6.0,158.0,58.256584,-116.085102,Private Land,Agriculture Industry,"162,90"
2022,HWF022,2022-06-08 16:30:00,6.0,159.0,59.961117,-119.973667,Provincial Land,Lightning,"157,99"
2022,MWF014,2022-06-09 17:00:00,6.0,160.0,57.109883,-112.751817,Provincial Land,Lightning,"166,84"
2022,CWF074,2022-05-18 06:00:00,5.0,138.0,51.60565,-114.681267,Private Land,Power Line Industry,"156,67"
2022,MWF016,2022-06-13 13:50:00,6.0,164.0,57.168833,-110.9385,Provincial Land,Lightning,"170,83"
2022,MWF024,2022-06-13 18:00:00,6.0,164.0,59.379317,-110.793883,Provincial Land,Lightning,"172,91"
2022,CWF007,2022-03-16 21:20:00,3.0,75.0,51.07625,-115.049128,Provincial Park,Incendiary,"154,65"
2022,CWF008,2022-03-16 12:00:00,3.0,75.0,51.23375,-114.8601,Private Land,Resident,"155,65"
2022,RWF002,2022-03-23 12:30:00,3.0,82.0,52.869933,-115.513,Provincial Land,Power Line Industry,"155,72"
2022,PWF003,2022-01-01 12:00:00,1.0,1.0,56.837367,-117.723083,Private Land,Agriculture Industry,"157,87"
2022,EWF006,2022-02-14 12:01:00,2.0,45.0,54.1292,-118.519982,Provincial Land,Government,"151,78"
2022,EWF010,2022-02-14 12:01:00,2.0,45.0,54.069172,-118.562172,Provincial Land,Government,"151,78"
2022,CWF011,2022-03-27 16:00:00,3.0,86.0,49.610283,-114.459383,Private Land,Resident,"153,59"
2022,GWF018,2022-06-05 12:45:00,6.0,156.0,54.529117,-117.513833,Provincial Land,Power Line Industry,"154,79"
2022,MWF008,2022-06-05 15:00:00,6.0,156.0,56.2872,-111.59375,Provincial Land,Resident,"167,80"
2022,GWF019,2022-06-05 16:45:00,6.0,156.0,54.955983,-117.7389,Provincial Land,Power Line Industry,"154,80"
2022,HWF020,2022-06-08 11:12:00,6.0,159.0,58.683833,-114.121267,Provincial Land,Other Industry,"166,90"
2022,MWF013,2022-06-09 14:45:00,6.0,160.0,56.98925,-112.422033,Provincial Land,Lightning,"167,83"
2022,HWF025,2022-06-09 17:20:00,6.0,160.0,59.120883,-118.149167,Provincial Land,Lightning,"159,95"
2022,HWF026,2022-06-09 17:00:00,6.0,160.0,58.334694,-116.123663,Private Land,Agriculture Industry,"162,90"
2022,HWF027,2022-06-09 16:30:00,6.0,160.0,58.305618,-116.123663,Private Land,Resident,"162,90"
2022,HWF028,2022-06-10 15:40:00,6.0,161.0,59.454783,-117.672433,Provincial Land,Lightning,"161,95"
2022,EWF056,2022-06-10 18:50:00,6.0,161.0,53.282067,-117.868867,Private Land,Railroad,"151,75"
2022,WWF003,2022-04-08 14:00:00,4.0,98.0,54.073117,-115.439867,Private Land,Resident,"157,76"
2022,EWF017,2022-01-05 15:00:00,1.0,5.0,53.59143,-115.44748,Private Land,Resident,"157,74"
2022,PWF006,2022-01-01 12:00:00,1.0,1.0,56.368833,-118.55575,Provincial Land,Forest Industry,"154,86"
2022,RWF006,2022-04-10 09:10:00,4.0,100.0,52.388342,-114.942402,Private Land,Resident,"156,69"
2022,CWF013,2022-04-12 12:00:00,4.0,102.0,49.55655,-114.360883,Private Land,Resident,"154,59"
2022,LWF001,2022-04-14 10:30:00,4.0,104.0,55.840867,-110.885833,Provincial Land,Undetermined,"168,78"
2022,GWF005,2022-04-14 10:00:00,4.0,104.0,56.148766,-119.741697,Private Land,Agriculture Industry,"152,86"
2022,SWF005,2022-04-15 13:00:00,4.0,105.0,55.176498,-114.084725,Private Land,Resident,"161,78"
2022,SWF006,2022-04-16 09:00:00,4.0,106.0,55.978567,-113.883567,Private Land,Resident,"163,81"
2022,RWF008,2021-04-18 16:00:00,4.0,108.0,52.317853,-114.907272,Provincial Land,Recreation,"156,69"
2022,RWF009,2022-04-18 19:00:00,4.0,108.0,52.141641,-114.869967,Private Land,Recreation,"156,69"
2022,GWF086,2022-11-17 12:01:00,11.0,321.0,55.962368,-119.388313,Provincial Land,Recreation,"152,85"
2022,WWF090,2022-11-09 14:00:00,11.0,313.0,54.150867,-115.732617,Provincial Land,Undetermined,"157,76"
2023,MWF001,2022-12-28 22:12:00,12.0,362.0,56.78014,-111.526813,Provincial Land,Recreation,"168,82"
2023,GWF001,2023-01-18 12:00:00,1.0,18.0,54.205383,-118.970617,Provincial Land,Forest Industry,"150,79"
2022,MWF098,2022-11-12 21:00:00,11.0,316.0,56.609767,-111.415467,Provincial Land,Recreation,"168,81"
2022,HWF120,2022-12-13 12:00:00,12.0,347.0,58.195068,-116.559423,Provincial Land,Forest Industry,"161,90"
2023,EWF003,2023-02-09 12:00:00,2.0,40.0,53.475333,-115.542,Provincial Land,Forest Industry,"156,74"
2022,SWF179,2022-11-22 07:30:00,11.0,326.0,55.5702,-116.486283,Provincial Land,Undetermined,"157,81"
2022,PWF125,2022-11-17 12:00:00,11.0,321.0,56.42555,-118.422133,Provincial Land,Recreation,"155,86"
2023,LWF001,2023-01-20 00:00:00,1.0,20.0,55.226833,-113.177833,Provincial Land,Undetermined,"163,78"
2023,RWF001,2022-11-01 18:00:00,11.0,305.0,52.992583,-115.601583,Provincial Land,Recreation,"155,72"
2022,SWF180,2022-11-05 00:00:00,11.0,309.0,54.843677,-115.474417,Provincial Land,Forest Industry,"158,78"
2023,EWF001,2022-12-14 13:00:00,12.0,348.0,53.216333,-115.754833,Provincial Land,Forest Industry,"155,73"
2022,EWF109,2022-11-25 16:00:00,11.0,329.0,53.727617,-116.412167,Provincial Land,Under Investigation,"155,75"
2023,EWF002,2023-02-12 14:00:00,2.0,43.0,53.207483,-116.817283,Provincial Land,Forest Industry,"153,74"
2022,LWF198,2022-11-16 00:00:00,11.0,320.0,56.010717,-110.937783,Provincial Land,Recreation,"168,79"
2022,GWF085,2022-08-15 14:30:00,8.0,227.0,55.786726,-119.696914,Provincial Land,Lightning,"151,85"
2022,LWF200,2022-11-12 13:00:00,11.0,316.0,55.987833,-110.207467,Provincial Land,Recreation,"170,79"
2022,GWF087,2022-12-07 14:30:00,12.0,341.0,55.619414,-119.425415,Provincial Land,Forest Industry,"152,84"
2022,LWF199,2022-11-13 00:00:00,11.0,317.0,54.65605,-111.086227,Provincial Land,Recreation,"167,74"
2022,SWF181,2022-11-05 17:00:00,11.0,309.0,55.143617,-115.441367,Provincial Land,Recreation,"159,79"
2023,LWF137,2023-05-28 22:00:00,5.0,148.0,55.932831,-110.730933,Indian Reservation,Incendiary,"169,79"
2023,LWF142,2023-05-30 12:00:00,5.0,150.0,55.27984,-113.23274,Provincial Land,Undetermined,"163,78"
2024,LWF055,2024-04-23 15:36:00,4.0,114.0,55.199417,-112.400533,Private Land,Agriculture Industry,"165,77"
2024,CWF011,2024-05-19 08:00:00,5.0,140.0,51.5497,-115.199,Provincial Land,Recreation,"154,67"
2024,CWF014,2024-05-19 12:00:00,5.0,140.0,51.63424,-115.113667,Provincial Land,Recreation,"155,67"
2024,CWF015,2024-05-19 12:00:00,5.0,140.0,49.60601,-114.39154,Provincial Land,Recreation,"154,59"
2024,CWF016,2024-05-19 12:00:00,5.0,140.0,51.632098,-115.105042,Provincial Land,Recreation,"155,67"
2024,MWF021,2024-05-10 19:00:00,5.0,131.0,56.766883,-111.72425,Provincial Land,Recreation,"168,82"
2024,RWF017,2024-05-20 15:33:00,5.0,141.0,51.96134,-115.340712,Provincial Land,Recreation,"155,68"
2024,MWF026,2024-05-23 16:00:00,5.0,144.0,58.712345,-111.188683,Provincial Land,Government,"171,89"
2024,SWF044,2024-05-24 11:10:00,5.0,145.0,55.645667,-116.067867,Provincial Land,Undetermined,"158,81"
2024,MWF027,2024-05-25 16:10:00,5.0,146.0,58.7917,-111.0697,Provincial Land,Incendiary,"171,89"
2023,CWF001,2023-04-09 18:00:00,4.0,99.0,51.164858,-114.853063,Indian Reservation,Resident,"155,65"
2023,GWF004,2023-04-21 19:05:00,4.0,111.0,55.079383,-117.4873,Provincial Land,Resident,"155,81"
2023,PWF029,2023-05-04 20:19:00,5.0,124.0,56.378667,-119.315667,Private Land,Agriculture Industry,"153,86"
2023,PWF030,2023-05-04 22:10:00,5.0,124.0,56.476533,-116.418467,Indian Reservation,Undetermined,"159,84"
2023,LWF120,2023-05-16 14:50:00,5.0,136.0,56.222752,-110.948468,Provincial Land,Power Line Industry,"169,80"
2023,LWF122,2023-05-16 20:00:00,5.0,136.0,56.3048,-110.956467,Provincial Land,Power Line Industry,"169,80"
2023,LWF123,2023-05-16 21:00:00,5.0,136.0,56.268533,-110.931883,Provincial Land,Power Line Industry,"169,80"
2023,SWF093,2023-06-05 12:07:00,6.0,156.0,56.673083,-115.94005,Provincial Land,Lightning,"160,85"
2023,WWF042,2023-06-04 11:57:00,6.0,155.0,54.541412,-115.607018,Provincial Land,Lightning,"158,77"
2023,WWF010,2023-04-12 15:00:00,4.0,102.0,54.357661,-116.620694,Provincial Land,Undetermined,"155,77"
2023,PWF032,2023-01-01 12:00:00,1.0,1.0,56.32375,-117.654283,Private Land,Agriculture Industry,"156,85"
2023,PWF037,2023-05-05 13:30:00,5.0,125.0,56.274063,-118.342833,Provincial Land,Undetermined,"155,85"
2023,SWF089,2023-06-02 17:45:00,6.0,153.0,56.608733,-114.2232,Provincial Land,Undetermined,"163,83"
2023,PWF056,2023-06-07 16:41:00,6.0,158.0,57.119,-117.533817,Private Land,Resident,"157,87"
2023,SWF081,2023-05-04 14:50:00,5.0,124.0,56.990917,-113.459433,Provincial Land,Lightning,"165,84"
2023,MWF051,2023-07-20 15:06:00,7.0,201.0,59.780667,-111.363,Provincial Land,Lightning,"172,92"
2023,CWF047,2023-08-01 12:00:00,8.0,213.0,51.16945,-114.858883,Indian Reservation,Resident,"155,65"
2024,CWF001,2023-12-28 12:00:00,12.0,362.0,50.066333,-114.154883,Provincial Land,Recreation,"155,61"
2023,MWF022,2023-05-27 18:19:00,5.0,147.0,57.7063,-113.125317,Provincial Land,Lightning,"166,86"
2023,LWF150,2023-06-10 06:00:00,6.0,161.0,55.902408,-110.745758,Private Land,Resident,"169,79"
2023,EWF070,2023-06-14 19:00:00,6.0,165.0,53.377867,-117.651667,Provincial Land,Recreation,"152,75"
2023,PWF064,2023-06-24 12:05:00,6.0,175.0,57.164833,-118.4295,Provincial Land,Lightning,"156,88"
2023,PWF066,2023-06-24 13:40:00,6.0,175.0,56.643133,-119.443033,Provincial Land,Lightning,"153,87"
2023,PWF068,2023-06-24 15:30:00,6.0,175.0,56.65025,-117.41645,Provincial Land,Lightning,"157,86"
2023,PWF069,2023-06-24 15:00:00,6.0,175.0,57.5802,-118.139367,Provincial Land,Lightning,"157,89"
2023,PWF070,2023-06-24 17:00:00,6.0,175.0,57.274167,-117.018833,Provincial Land,Lightning,"159,88"
2023,RWF006,2023-04-18 12:08:00,4.0,108.0,52.203917,-115.0292,Private Land,Resident,"156,69"
2023,LWF035,2023-04-22 10:50:00,4.0,112.0,55.91605,-110.736117,Indian Reservation,Incendiary,"169,79"
2023,LWF036,2023-04-22 15:55:00,4.0,112.0,55.923267,-110.752717,Indian Reservation,Incendiary,"169,79"
2023,LWF037,2023-04-22 16:45:00,4.0,112.0,55.929733,-110.7284,Indian Reservation,Incendiary,"169,79"
2023,MWF005,2023-04-25 14:20:00,4.0,115.0,56.4423,-111.177,Indian Reservation,Incendiary,"168,81"
2023,RWF029,2023-05-03 16:30:00,5.0,123.0,52.715833,-115.446383,Provincial Land,Lightning,"155,71"
2023,RWF030,2023-05-04 12:59:00,5.0,124.0,52.864667,-115.818833,Provincial Land,Lightning,"155,72"
2023,RWF031,2023-05-04 16:00:00,5.0,124.0,52.353495,-115.896247,Provincial Land,Lightning,"154,70"
2023,RWF032,2023-05-04 15:40:00,5.0,124.0,52.905417,-115.695967,Provincial Land,Lightning,"155,72"
2023,RWF039,2023-05-05 14:14:00,5.0,125.0,52.832767,-114.918683,Provincial Land,Lightning,"157,71"
2023,WWF027,2023-05-11 15:17:00,5.0,131.0,54.090828,-116.05159,Provincial Land,Lightning,"156,76"
2023,PWF095,2023-07-10 13:00:00,7.0,191.0,56.244667,-116.302833,Provincial Land,Lightning,"158,84"
2023,PWF097,2023-07-10 20:30:00,7.0,191.0,56.541217,-119.2387,Private Land,Lightning,"153,87"
2023,LWF059,2023-04-27 16:00:00,4.0,117.0,54.947667,-112.403383,Provincial Land,Resident,"164,76"
2023,MWF012,2023-05-07 10:00:00,5.0,127.0,59.982067,-111.852983,Provincial Land,Resident,"171,93"
2023,LWF108,2023-05-09 18:50:00,5.0,129.0,55.9256,-110.726633,Indian Reservation,Incendiary,"169,79"
2023,GWF034,2023-06-01 15:50:00,6.0,152.0,55.056665,-118.729748,Provincial Land,Power Line Industry,"152,82"
2023,PWF072,2023-06-24 12:30:00,6.0,175.0,57.163783,-118.42875,Provincial Land,Lightning,"156,88"
2023,GWF040,2023-05-21 15:57:00,5.0,141.0,54.506797,-117.192717,Provincial Land,Lightning,"154,78"
2023,GWF046,2023-06-30 17:30:00,6.0,181.0,55.80975,-119.67445,Provincial Land,Power Line Industry,"152,85"
2023,PWF085,2023-07-01 13:19:00,7.0,182.0,56.469717,-116.3933,Indian Reservation,Resident,"159,84"
2023,MWF021,2023-05-27 18:13:00,5.0,147.0,57.693917,-113.29625,Provincial Land,Lightning,"166,86"
2023,WWF024,2023-05-06 16:00:00,5.0,126.0,54.234188,-116.052803,Provincial Land,Power Line Industry,"156,77"
2023,WWF039,2023-05-21 23:26:00,5.0,141.0,54.522408,-115.485603,Provincial Land,Lightning,"158,77"
2023,PWF071,2023-06-24 14:20:00,6.0,175.0,57.232917,-119.177083,Provincial Land,Lightning,"155,89"
2024,CWF002,2024-01-29 16:45:00,1.0,29.0,51.167705,-114.814873,Private Land,Railroad,"155,65"
2024,SWF002,2024-02-22 12:00:00,2.0,53.0,55.94523,-113.777329,Indian Reservation,Resident,"163,81"
2024,HWF002,2024-01-15 12:00:00,1.0,15.0,58.57025,-117.762533,Provincial Land,Forest Industry,"159,92"
2024,LWF010,2024-03-13 15:00:00,3.0,73.0,55.9522,-110.7228,Indian Reservation,Resident,"169,79"
2024,LWF011,2024-03-13 15:00:00,3.0,73.0,55.958383,-110.7125,Indian Reservation,Resident,"169,79"
2024,LWF016,2024-03-23 17:30:00,3.0,83.0,55.959767,-110.70445,Indian Reservation,Incendiary,"169,79"
2024,PWF008,2024-03-20 12:00:00,3.0,80.0,56.814992,-117.614937,Private Land,Agriculture Industry,"157,86"
2023,LWF018,2023-04-16 16:15:00,4.0,106.0,55.906417,-110.746283,Provincial Land,Incendiary,"169,79"
2023,LWF019,2023-04-16 18:10:00,4.0,106.0,55.92575,-110.7221,Indian Reservation,Resident,"169,79"
2023,LWF021,2023-04-16 19:00:00,4.0,106.0,55.1855,-112.4414,Private Land,Resident,"165,77"
2023,LWF020,2023-04-16 19:00:00,4.0,106.0,54.68735,-111.957867,Private Land,Undetermined,"165,75"
2023,LWF022,2023-04-16 23:45:00,4.0,106.0,54.865383,-112.697633,Private Land,Agriculture Industry,"164,76"
2023,LWF102,2023-05-09 13:00:00,5.0,129.0,55.926717,-110.723117,Indian Reservation,Incendiary,"169,79"
2023,WWF037,2023-06-03 11:42:00,6.0,154.0,54.207245,-116.766587,Private Land,Oil & Gas Industry,"155,77"
2023,WWF043,2023-06-13 06:26:00,6.0,164.0,54.285115,-116.174423,Provincial Land,Lightning,"156,77"
2023,CWF034,2023-07-09 14:00:00,7.0,190.0,49.481483,-114.452617,Provincial Park,Lightning,"153,59"
2023,SWF061,2023-05-04 15:27:00,5.0,124.0,55.993067,-114.980067,Provincial Land,Lightning,"161,82"
2023,SWF059,2023-05-04 15:20:00,5.0,124.0,56.054333,-115.008333,Provincial Land,Lightning,"161,82"
2023,LWF177,2023-08-14 13:20:00,8.0,226.0,54.565383,-111.004367,Private Land,Agriculture Industry,"167,74"
2023,SWF020,2023-04-25 21:15:00,4.0,115.0,55.373783,-115.6707,Provincial Land,Under Investigation,"159,80"
2023,SWF021,2023-04-25 21:15:00,4.0,115.0,55.367417,-115.689517,Provincial Land,Under Investigation,"158,80"
2023,SWF023,2023-04-25 21:30:00,4.0,115.0,55.372017,-115.71595,Indian Reservation,Under Investigation,"158,80"
2023,SWF022,2023-04-25 21:30:00,4.0,115.0,55.36945,-115.7468,Indian Reservation,Under Investigation,"158,80"
2023,RWF017,2023-05-01 15:55:00,5.0,121.0,52.61395,-114.652883,Private Land,Resident,"157,70"
2023,PWF038,2023-05-05 22:00:00,5.0,125.0,56.386752,-116.809335,Provincial Land,Power Line Industry,"158,84"
2023,LWF111,2023-05-11 17:40:00,5.0,131.0,55.926575,-110.717305,Indian Reservation,Incendiary,"169,79"
2023,RWF044,2023-05-17 07:36:00,5.0,137.0,53.036133,-115.475333,Provincial Land,Undetermined,"156,72"
2023,WWF040,2023-06-07 09:00:00,6.0,158.0,54.355488,-115.086762,Private Land,Agriculture Industry,"158,76"
2023,HWF162,2023-09-28 06:00:00,9.0,271.0,58.70395,-113.916633,Provincial Land,Lightning,"166,90"
2024,SWF012,2024-03-24 13:00:00,3.0,84.0,55.59775,-116.609897,Private Land,Resident,"157,82"
2023,HWF010,2023-04-19 16:30:00,4.0,109.0,58.7195,-118.743333,Indian Reservation,Resident,"158,94"
2023,SWF028,2023-04-26 15:10:00,4.0,116.0,55.957667,-113.828117,Private Land,Resident,"163,81"
2023,SWF029,2023-04-25 22:00:00,4.0,115.0,55.374467,-115.695457,Provincial Land,Under Investigation,"158,80"
2023,MWF025,2023-05-28 09:18:00,5.0,148.0,58.86705,-111.145817,Provincial Land,Lightning,"171,89"
2023,PWF086,2023-06-30 14:00:00,6.0,181.0,56.767433,-118.532517,Provincial Land,Lightning,"155,87"
2023,GWF047,2023-07-03 17:19:00,7.0,184.0,55.715467,-119.035433,Private Land,Lightning,"153,84"
2023,HWF108,2023-07-02 17:30:00,7.0,183.0,58.844383,-114.343817,Provincial Land,Lightning,"165,91"
2023,HWF109,2023-07-02 17:30:00,7.0,183.0,59.453166,-114.158713,Provincial Land,Lightning,"167,93"
2023,HWF110,2023-07-02 17:30:00,7.0,183.0,59.418633,-114.3533,Provincial Land,Lightning,"166,93"
2023,HWF111,2023-07-04 16:00:00,7.0,185.0,59.371857,-114.425733,Provincial Land,Lightning,"166,93"
2023,LWF167,2023-07-05 14:55:00,7.0,186.0,54.909988,-112.865448,Private Land,Railroad,"163,77"
2023,LWF166,2023-07-05 14:55:00,7.0,186.0,54.908237,-112.865472,Private Land,Railroad,"163,77"
2023,SWF095,2023-06-04 16:37:00,6.0,155.0,54.86785,-116.6625,Provincial Land,Lightning,"156,79"
2023,LWF155,2023-06-18 15:00:00,6.0,169.0,55.913783,-110.734133,Private Land,Incendiary,"169,79"
2024,WWF004,2024-03-31 12:00:00,3.0,91.0,54.017318,-115.344552,Private Land,Resident,"157,75"
2024,EWF009,2024-04-05 09:00:00,4.0,96.0,53.64955,-116.0038,Provincial Land,Incendiary,"156,75"
2024,LWF033,2024-04-14 21:15:00,4.0,105.0,54.651283,-111.887167,Indian Reservation,Resident,"165,75"
2024,RWF003,2024-04-13 12:00:00,4.0,104.0,51.638417,-115.079833,Provincial Land,Incendiary,"155,67"
2024,RWF004,2024-04-14 21:05:00,4.0,105.0,51.638567,-115.079767,Provincial Land,Incendiary,"155,67"
2024,LWF035,2024-04-14 19:30:00,4.0,105.0,55.262783,-113.219283,Indian Reservation,Undetermined,"163,78"
2024,RWF006,2024-04-14 12:00:00,4.0,105.0,51.649833,-115.024733,Provincial Land,Incendiary,"155,67"
2023,RWF042,2023-05-06 11:13:00,5.0,126.0,52.652512,-114.821083,Provincial Land,Undetermined,"157,70"
2023,PWF046,2023-05-18 18:00:00,5.0,138.0,56.365788,-119.479882,Provincial Land,Undetermined,"153,87"
2023,RWF046,2023-05-19 13:20:00,5.0,139.0,52.943324,-114.944192,Private Land,Incendiary,"157,71"
2023,RWF048,2023-05-19 13:20:00,5.0,139.0,52.94908,-114.94419,Private Land,Incendiary,"157,71"
2023,RWF049,2023-05-19 13:20:00,5.0,139.0,52.95181,-114.944201,Private Land,Incendiary,"157,71"
2023,PWF146,2023-10-30 08:00:00,10.0,303.0,56.355133,-118.897217,Private Land,Agriculture Industry,"154,86"
2023,PWF147,2023-10-20 12:00:00,10.0,293.0,56.370483,-119.001583,Provincial Land,Recreation,"154,86"
2023,RWF081,2023-11-24 12:00:00,11.0,328.0,53.005155,-115.212957,Provincial Land,Oil & Gas Industry,"156,72"
2023,SWF147,2023-12-10 09:00:00,12.0,344.0,55.357767,-114.99155,Private Land,Resident,"160,80"
2024,EWF004,2023-11-29 12:00:00,11.0,333.0,54.100283,-118.622883,Provincial Land,Forest Industry,"151,78"
2024,GWF013,2024-04-07 19:45:00,4.0,98.0,55.055967,-118.6441,Provincial Land,Incendiary,"152,81"
2024,MWF005,2024-04-07 14:30:00,4.0,98.0,56.660633,-111.186267,Provincial Land,Recreation,"169,82"
2024,GWF014,2024-04-08 14:30:00,4.0,99.0,55.079767,-117.628083,Private Land,Resident,"154,81"
2023,GWF002,2023-04-16 16:30:00,4.0,106.0,54.783467,-117.26025,Provincial Land,Recreation,"155,79"
2023,HWF047,2023-05-09 19:11:00,5.0,129.0,58.71965,-118.744683,Indian Reservation,Incendiary,"158,94"
2023,MWF017,2023-05-17 07:30:00,5.0,137.0,57.090833,-111.748783,Provincial Land,Oil & Gas Industry,"168,83"
2023,PWF048,2023-05-22 11:00:00,5.0,142.0,55.9565,-116.838807,Private Land,Agriculture Industry,"157,83"
2023,EWF051,2023-05-28 14:08:00,5.0,148.0,53.512117,-115.48875,Provincial Land,Lightning,"156,74"
2023,LWF145,2023-06-04 13:00:00,6.0,155.0,54.926067,-112.546775,Private Land,Agriculture Industry,"164,76"
2023,SWF097,2023-06-10 14:05:00,6.0,161.0,56.483017,-115.357083,Provincial Land,Power Line Industry,"161,84"
2023,SWF098,2023-06-11 00:05:00,6.0,162.0,57.074583,-114.617483,Provincial Land,Lightning,"163,85"
2023,PWF134,2023-09-07 12:00:00,9.0,250.0,56.519683,-119.369,Provincial Land,Recreation,"153,87"
2024,LWF017,2024-03-25 21:00:00,3.0,85.0,55.919983,-110.748567,Indian Reservation,Incendiary,"169,79"
2024,LWF018,2024-03-26 12:00:00,3.0,86.0,55.972583,-110.696967,Provincial Land,Incendiary,"169,79"
2023,SWF072,2023-01-05 10:00:00,1.0,5.0,55.296002,-116.670694,Private Land,Resident,"156,81"
2023,EWF054,2023-05-23 10:22:00,5.0,143.0,53.82475,-116.866717,Provincial Land,Lightning,"154,76"
2023,HWF061,2023-06-07 13:00:00,6.0,158.0,58.144383,-118.976967,Provincial Land,Lightning,"156,92"
2023,HWF068,2023-06-16 19:00:00,6.0,167.0,58.123667,-117.678667,Provincial Land,Lightning,"159,91"
2023,PWF091,2023-07-08 15:00:00,7.0,189.0,56.716787,-118.503098,Provincial Land,Lightning,"155,87"
2023,PWF093,2023-07-01 12:00:00,7.0,182.0,57.981817,-119.972633,Provincial Land,Lightning,"154,92"
2023,PWF092,2023-07-08 17:20:00,7.0,189.0,56.448627,-116.121368,Provincial Land,Power Line Industry,"159,84"
2023,SWF117,2023-07-11 14:05:00,7.0,192.0,54.9188,-116.469833,Provincial Land,Lightning,"156,79"
2023,EWF021,2023-04-30 13:00:00,4.0,120.0,53.550717,-116.802883,Provincial Land,Resident,"154,75"
2023,PWF033,2023-05-05 10:00:00,5.0,125.0,56.252648,-118.203382,Private Land,Agriculture Industry,"155,85"
2023,PWF034,2023-01-01 12:00:00,1.0,1.0,56.545183,-119.4788,Provincial Land,Agriculture Industry,"153,87"
2023,PWF035,2023-01-01 12:00:00,1.0,1.0,56.538057,-118.874473,Private Land,Agriculture Industry,"154,87"
2023,PWF036,2023-01-01 12:00:00,1.0,1.0,56.534025,-118.847392,Private Land,Agriculture Industry,"154,87"
2023,GWF022,2023-05-06 13:20:00,5.0,126.0,54.840422,-118.95621,Provincial Land,Oil & Gas Industry,"151,81"
2023,EWF067,2023-06-08 17:13:00,6.0,159.0,52.877,-116.891133,Provincial Land,Lightning,"153,73"
2023,EWF068,2023-06-08 17:13:00,6.0,159.0,52.878533,-116.881,Provincial Land,Lightning,"153,73"
2023,SWF009,2023-04-16 20:00:00,4.0,106.0,55.413403,-116.150932,Indian Reservation,Resident,"158,81"
2023,SWF010,2023-04-16 20:30:00,4.0,106.0,55.3196,-115.462933,Provincial Land,Recreation,"159,80"
2023,SWF011,2023-04-16 20:30:00,4.0,106.0,55.329377,-116.874908,Private Land,Undetermined,"156,81"
2023,EWF031,2023-05-04 12:40:00,5.0,124.0,53.145183,-115.686783,Provincial Land,Lightning,"155,73"
2023,MWF024,2023-05-28 02:16:00,5.0,148.0,57.712283,-110.6469,Provincial Land,Lightning,"171,85"
2023,MWF023,2023-05-07 19:37:00,5.0,127.0,57.976283,-113.214917,Provincial Land,Lightning,"166,87"
2023,MWF026,2023-05-28 01:49:00,5.0,148.0,57.882533,-111.054033,Provincial Park,Lightning,"170,86"
2023,LWF138,2023-05-29 15:00:00,5.0,149.0,55.628167,-110.361883,Provincial Park,Lightning,"169,77"
2023,LWF139,2023-05-29 16:00:00,5.0,149.0,55.345217,-111.253817,Provincial Land,Lightning,"167,77"
2023,CWF023,2023-06-19 19:30:00,6.0,170.0,50.63996,-114.468717,Provincial Park,Lightning,"155,63"
2023,SWF090,2023-06-03 04:00:00,6.0,154.0,55.95805,-113.9157,Indian Reservation,Resident,"163,81"
2023,LWF105,2023-05-09 18:40:00,5.0,129.0,55.111667,-113.305833,Provincial Land,Lightning,"163,78"
2023,GWF038,2023-06-03 18:00:00,6.0,154.0,55.655002,-119.485325,Provincial Land,Lightning,"152,84"
2023,HWF126,2023-07-10 14:30:00,7.0,191.0,59.19305,-119.02745,Provincial Land,Lightning,"158,95"
2023,LWF184,2023-10-07 14:48:00,10.0,280.0,55.344033,-111.264667,Provincial Land,Resident,"167,77"
2024,SWF008,2024-03-14 00:00:00,3.0,74.0,55.29425,-114.84225,Indian Reservation,Incendiary,"160,79"
2024,MWF003,2024-03-13 16:00:00,3.0,73.0,56.759739,-111.593509,Provincial Land,Recreation,"168,82"
2024,LWF019,2024-03-26 13:00:00,3.0,86.0,55.928017,-110.721367,Indian Reservation,Incendiary,"169,79"
2024,LWF020,2024-04-01 02:50:00,4.0,92.0,55.915283,-110.73645,Indian Reservation,Incendiary,"169,79"
2024,LWF053,2024-04-23 10:45:00,4.0,114.0,55.934517,-110.72,Indian Reservation,Resident,"169,79"
2023,RWF009,2023-04-27 08:27:00,4.0,117.0,52.255333,-115.77295,Provincial Land,Undetermined,"154,70"
2023,LWF065,2023-04-28 14:20:00,4.0,118.0,55.9163,-110.7392,Indian Reservation,Incendiary,"169,79"
2023,LWF096,2023-05-06 10:45:00,5.0,126.0,54.614833,-110.476967,Provincial Land,Undetermined,"168,74"
2023,LWF098,2023-05-06 19:45:00,5.0,126.0,55.399067,-112.4412,Provincial Land,Undetermined,"165,78"
2023,WWF045,2023-06-24 16:15:00,6.0,175.0,54.3537,-116.96875,Provincial Land,Undetermined,"155,78"
2023,SWF057,2023-05-03 21:02:00,5.0,123.0,55.034283,-115.14815,Provincial Park,Lightning,"159,79"
2023,EWF005,2023-03-28 13:30:00,3.0,87.0,53.7027,-115.157833,Private Land,Resident,"157,74"
2023,SWF014,2023-04-20 20:00:00,4.0,110.0,55.3545,-114.755,Provincial Park,Recreation,"160,79"
2023,SWF015,2023-04-21 08:00:00,4.0,111.0,55.409117,-116.172317,Indian Reservation,Resident,"158,81"
2023,LWF038,2023-04-23 08:30:00,4.0,113.0,55.904833,-110.765883,Provincial Land,Incendiary,"169,79"
2023,LWF039,2023-04-23 15:20:00,4.0,113.0,55.93555,-110.7242,Indian Reservation,Incendiary,"169,79"
2023,LWF040,2023-04-23 15:15:00,4.0,113.0,55.94405,-110.735717,Indian Reservation,Incendiary,"169,79"
2023,LWF041,2023-04-23 17:20:00,4.0,113.0,55.93515,-110.72315,Indian Reservation,Undetermined,"169,79"
2023,LWF042,2023-04-23 19:15:00,4.0,113.0,55.935617,-110.721633,Indian Reservation,Incendiary,"169,79"
2023,LWF061,2023-04-27 17:10:00,4.0,117.0,55.92255,-110.733667,Indian Reservation,Incendiary,"169,79"
2023,PWF021,2023-05-01 08:45:00,5.0,121.0,56.6319,-117.4768,Provincial Land,Resident,"157,86"
2023,WWF035,2023-05-29 15:10:00,5.0,149.0,54.271015,-115.706925,Provincial Land,Resident,"157,76"
2023,LWF146,2023-06-05 17:00:00,6.0,156.0,55.9205,-110.73545,Indian Reservation,Power Line Industry,"169,79"
2023,EWF069,2023-06-10 12:39:00,6.0,161.0,53.805167,-116.722967,Provincial Land,Power Line Industry,"154,76"
2023,PWF024,2023-05-03 06:30:00,5.0,123.0,56.428467,-116.096917,Provincial Land,Resident,"159,84"
2023,SWF058,2023-05-03 11:46:00,5.0,123.0,54.893733,-115.664967,Provincial Land,Lightning,"158,79"
2023,EWF035,2023-05-05 12:30:00,5.0,125.0,53.836833,-115.783333,Provincial Land,Under Investigation,"156,75"
2023,EWF036,2023-01-10 10:00:00,1.0,10.0,53.282633,-117.32195,Provincial Land,Forest Industry,"152,74"
2023,WWF025,2023-05-11 17:02:00,5.0,131.0,54.194343,-115.831795,Provincial Land,Resident,"157,76"
2023,SWF113,2023-06-29 12:08:00,6.0,180.0,56.804833,-113.685,Provincial Land,Lightning,"164,84"
2023,PWF041,2023-05-10 16:40:00,5.0,130.0,56.358217,-117.086333,Provincial Land,Undetermined,"157,85"
2023,PWF042,2023-05-10 21:50:00,5.0,130.0,56.988633,-117.493467,Private Land,Resident,"157,87"
2023,LWF116,2023-05-14 11:50:00,5.0,134.0,55.164833,-114.044333,Private Land,Railroad,"161,78"
2023,LWF117,2023-05-14 19:20:00,5.0,134.0,55.926533,-110.7267,Indian Reservation,Incendiary,"169,79"
2023,HWF060,2023-06-07 12:30:00,6.0,158.0,58.11,-119.783167,Provincial Land,Lightning,"155,92"
2023,HWF062,2023-06-07 14:15:00,6.0,158.0,59.095967,-119.4153,Provincial Land,Lightning,"157,95"
2023,HWF063,2023-06-07 14:00:00,6.0,158.0,59.096117,-119.4167,Provincial Land,Lightning,"157,95"
2023,RWF053,2023-05-28 15:50:00,5.0,148.0,52.652833,-114.771,Provincial Land,Lightning,"157,70"
2023,RWF062,2023-06-30 16:08:00,6.0,181.0,52.046597,-115.242363,Provincial Land,Power Line Industry,"155,68"
2023,CWF026,2023-07-02 06:00:00,7.0,183.0,51.57293,-114.99324,Provincial Land,Recreation,"155,67"
2022,EWF016,2022-04-11 04:30:00,4.0,101.0,53.888185,-115.97911,Provincial Land,Resident,"156,75"
2022,EWF005,2022-03-03 14:00:00,3.0,62.0,53.704333,-116.141533,Private Land,Resident,"155,75"
2023,SWF018,2023-04-25 12:00:00,4.0,115.0,55.312517,-115.9728,Private Land,Resident,"158,80"
2023,SWF019,2022-12-15 12:00:00,12.0,349.0,55.168947,-116.340191,Private Land,Resident,"157,80"
2023,LWF056,2023-04-27 12:40:00,4.0,117.0,55.925583,-110.72125,Indian Reservation,Incendiary,"169,79"
2023,LWF057,2023-04-27 13:35:00,4.0,117.0,55.92965,-110.722717,Indian Reservation,Incendiary,"169,79"
2023,LWF058,2023-04-27 13:39:00,4.0,117.0,55.932117,-110.722583,Indian Reservation,Incendiary,"169,79"
2023,GWF028,2023-05-13 18:30:00,5.0,133.0,55.855568,-119.17241,Provincial Land,Oil & Gas Industry,"153,85"
2023,WWF049,2023-06-29 15:41:00,6.0,180.0,54.21019,-116.760108,Provincial Land,Lightning,"155,77"
2023,HWF134,2023-07-16 13:00:00,7.0,197.0,58.991833,-119.22655,Provincial Land,Government,"157,95"
2023,HWF135,2023-07-16 15:00:00,7.0,197.0,57.644173,-114.131117,Provincial Land,Lightning,"164,87"
2023,PWF105,2023-07-14 22:00:00,7.0,195.0,57.71045,-118.723378,Provincial Land,Lightning,"156,90"
2023,PWF003,2023-02-15 12:00:00,2.0,46.0,56.6935,-117.383768,Private Land,Forest Industry,"157,86"
2023,PWF004,2023-02-15 12:00:00,2.0,46.0,56.933774,-117.334729,Private Land,Forest Industry,"158,87"
2023,PWF002,2023-02-15 13:00:00,2.0,46.0,55.895971,-116.645527,Provincial Land,Forest Industry,"157,83"
2023,WWF001,2022-12-27 12:30:00,12.0,361.0,54.31604,-116.515622,Provincial Land,Forest Industry,"155,77"
2023,MWF003,2023-04-17 17:12:00,4.0,107.0,56.9261,-111.465033,Provincial Land,Power Line Industry,"168,83"
2023,LWF024,2023-04-18 15:00:00,4.0,108.0,54.501017,-111.65385,Provincial Land,Undetermined,"165,74"
2023,GWF025,2023-05-12 13:40:00,5.0,132.0,55.46244,-118.84116,Provincial Land,Recreation,"153,83"
2023,RWF060,2023-06-24 16:45:00,6.0,175.0,52.40625,-114.965,Private Land,Resident,"156,69"
2023,HWF127,2023-07-11 10:00:00,7.0,192.0,58.991833,-119.22655,Provincial Land,Lightning,"157,95"
2023,PWF101,2023-07-01 12:00:00,7.0,182.0,56.721133,-117.794233,Provincial Land,Lightning,"156,86"
2023,PWF100,2023-07-05 22:00:00,7.0,186.0,56.715467,-117.794067,Provincial Land,Lightning,"156,86"
2023,LWF129,2023-05-21 12:00:00,5.0,141.0,55.93515,-110.718783,Indian Reservation,Incendiary,"169,79"
2023,LWF163,2023-06-29 00:00:00,6.0,180.0,54.746333,-110.115833,Provincial Land,Lightning,"169,74"
2023,PWF067,2023-06-24 15:30:00,6.0,175.0,57.647957,-117.89074,Provincial Land,Lightning,"158,89"
2023,LWF178,2023-08-23 16:00:00,8.0,235.0,55.951133,-110.727217,Indian Reservation,Agriculture Industry,"169,79"
2023,EWF081,2023-10-07 15:25:00,10.0,280.0,53.577285,-115.28212,Private Land,Agriculture Industry,"157,74"
2023,EWF082,2023-10-13 21:00:00,10.0,286.0,53.608277,-115.865552,Private Land,Agriculture Industry,"156,74"
2023,PWF143,2023-10-20 09:00:00,10.0,293.0,56.7088,-117.44945,Private Land,Agriculture Industry,"157,86"
2023,PWF144,2023-10-18 19:00:00,10.0,291.0,56.6122,-117.0784,Provincial Land,Recreation,"158,85"
2023,SWF144,2023-10-20 13:00:00,10.0,293.0,55.671767,-116.418833,Private Land,Resident,"157,82"
2023,RWF002,2023-02-19 17:00:00,2.0,50.0,51.656667,-115.373898,Provincial Land,Undetermined,"154,67"
2023,MWF002,2023-04-14 14:50:00,4.0,104.0,59.993917,-111.8459,Provincial Land,Other Industry,"171,93"
2023,SWF013,2023-04-18 19:20:00,4.0,108.0,55.9565,-113.778433,Indian Reservation,Undetermined,"163,81"
2023,RWF007,2023-04-18 12:05:00,4.0,108.0,53.263043,-115.149744,Private Land,Resident,"157,73"
2023,LWF103,2023-05-09 14:10:00,5.0,129.0,55.928333,-110.7242,Indian Reservation,Incendiary,"169,79"
2023,LWF104,2023-05-09 15:40:00,5.0,129.0,55.9226,-110.716267,Indian Reservation,Incendiary,"169,79"
2023,LWF115,2023-05-15 21:50:00,5.0,135.0,55.671617,-111.099083,Provincial Land,Incendiary,"168,78"
2023,GWF043,2023-05-16 10:00:00,5.0,136.0,55.9019,-119.2032,Provincial Land,Incendiary,"153,85"
2023,LWF168,2023-07-05 14:55:00,7.0,186.0,54.910355,-112.865395,Private Land,Railroad,"163,77"
2023,PWF131,2023-08-15 17:02:00,8.0,227.0,56.314617,-117.3475,Provincial Land,Power Line Industry,"157,85"
2023,EWF004,2022-03-10 05:00:00,3.0,69.0,53.5858,-116.369583,Provincial Land,Incendiary,"155,75"
2023,RWF004,2023-04-09 13:55:00,4.0,99.0,52.259723,-115.231666,Provincial Land,Resident,"155,69"
2023,LWF079,2023-05-01 11:20:00,5.0,121.0,55.929217,-110.720583,Indian Reservation,Incendiary,"169,79"
2023,LWF084,2023-05-03 21:15:00,5.0,123.0,54.622383,-111.8293,Indian Reservation,Undetermined,"165,75"
2023,LWF085,2023-05-04 01:00:00,5.0,124.0,55.927233,-110.7234,Indian Reservation,Incendiary,"169,79"
2023,LWF086,2023-05-04 05:25:00,5.0,124.0,55.264917,-113.229217,Indian Reservation,Incendiary,"163,78"
2023,RWF037,2023-05-05 09:32:00,5.0,125.0,52.010667,-116.421083,Provincial Land,Lightning,"152,69"
2023,RWF038,2023-05-05 11:17:00,5.0,125.0,52.2621,-115.2054,Provincial Land,Power Line Industry,"155,69"
2023,SWF084,2023-05-14 06:00:00,5.0,134.0,56.45911,-113.53952,Provincial Land,Recreation,"164,82"
2023,EWF059,2023-05-30 14:08:00,5.0,150.0,53.451833,-115.902567,Provincial Land,Lightning,"155,74"
2023,PWF106,2023-07-16 20:00:00,7.0,197.0,56.871947,-116.654562,Provincial Land,Lightning,"159,86"
2023,PWF107,2023-07-16 12:00:00,7.0,197.0,57.099833,-116.335933,Provincial Land,Lightning,"160,86"
2023,SWF003,2023-04-15 15:15:00,4.0,105.0,55.344658,-115.780175,Indian Reservation,Undetermined,"158,80"
2023,MWF057,2023-07-30 21:04:00,7.0,211.0,56.750833,-110.620333,Provincial Land,Lightning,"170,81"
2023,MWF049,2023-07-05 13:35:00,7.0,186.0,59.91415,-110.114417,Provincial Land,Lightning,"174,92"
2024,PWF002,2024-01-15 12:00:00,1.0,15.0,56.127533,-117.07345,Private Land,Recreation,"157,84"
2024,PWF010,2024-03-29 12:00:00,3.0,89.0,57.944833,-117.4688,Private Land,Resident,"159,90"
2024,PWF013,2024-02-15 11:00:00,2.0,46.0,56.476,-117.274317,Private Land,Agriculture Industry,"157,85"
2024,PWF014,2024-02-18 15:00:00,2.0,49.0,56.46565,-118.894783,Private Land,Agriculture Industry,"154,86"
2024,PWF020,2024-04-10 14:15:00,4.0,101.0,56.272167,-117.3298,Private Land,Resident,"157,84"
2024,MWF009,2024-04-16 15:00:00,4.0,107.0,57.508633,-112.5242,Indian Reservation,Resident,"167,85"
2024,RWF005,2024-04-14 12:00:00,4.0,105.0,51.638533,-115.079717,Provincial Land,Incendiary,"155,67"
2024,HWF012,2024-04-20 12:00:00,4.0,111.0,58.459083,-114.55005,Indian Reservation,Recreation,"165,90"
2023,EWF009,2023-04-16 17:15:00,4.0,106.0,53.654958,-115.861953,Provincial Land,Resident,"156,74"
2023,SWF012,2023-04-15 18:00:00,4.0,105.0,55.41255,-116.149917,Indian Reservation,Resident,"158,81"
2023,GWF003,2023-01-31 13:00:00,1.0,31.0,55.726917,-119.393383,Provincial Land,Forest Industry,"152,84"
2023,LWF068,2023-04-29 10:30:00,4.0,119.0,55.9415,-110.715733,Indian Reservation,Incendiary,"169,79"
2023,LWF069,2023-04-29 12:15:00,4.0,119.0,55.927783,-110.72355,Indian Reservation,Incendiary,"169,79"
2023,LWF070,2023-04-29 12:30:00,4.0,119.0,55.916983,-110.738533,Indian Reservation,Incendiary,"169,79"
2023,LWF071,2023-04-29 15:15:00,4.0,119.0,55.925633,-110.722217,Indian Reservation,Incendiary,"169,79"
2023,SWF049,2023-04-30 16:51:00,4.0,120.0,55.905767,-113.8551,Indian Reservation,Undetermined,"163,81"
2023,SWF050,2023-04-30 14:45:00,4.0,120.0,55.917417,-113.892733,Indian Reservation,Resident,"163,81"
2023,SWF051,2023-01-07 12:00:00,1.0,7.0,55.236667,-115.3205,Private Land,Agriculture Industry,"159,79"
2023,SWF052,2023-04-30 19:00:00,4.0,120.0,55.404067,-116.049133,Private Land,Resident,"158,81"
2023,GWF021,2023-05-05 03:00:00,5.0,125.0,54.592,-118.3055,Provincial Land,Lightning,"152,80"
2023,LWF158,2023-06-22 10:35:00,6.0,173.0,55.924567,-110.6912,Indian Reservation,Resident,"169,79"
2023,EWF037,2023-05-03 19:43:00,5.0,123.0,53.91005,-117.55905,Provincial Land,Lightning,"153,77"
2023,EWF040,2023-05-03 19:10:00,5.0,123.0,53.935583,-117.776167,Provincial Land,Lightning,"152,77"
2023,EWF041,2023-05-03 19:13:00,5.0,123.0,53.931283,-117.7807,Provincial Land,Lightning,"152,77"
2023,EWF042,2023-05-03 19:13:00,5.0,123.0,53.9295,-117.7923,Provincial Land,Lightning,"152,77"
2023,SWF137,2023-09-29 14:00:00,9.0,272.0,55.23965,-114.726883,Provincial Land,Recreation,"160,79"
2024,RWF001,2024-01-30 13:01:00,1.0,30.0,52.381417,-115.746167,Provincial Land,Forest Industry,"154,70"
2024,HWF017,2024-04-22 13:30:00,4.0,113.0,58.497272,-115.138068,Indian Reservation,Incendiary,"164,90"
2024,HWF018,2024-04-22 14:00:00,4.0,113.0,58.711112,-118.727261,Indian Reservation,Incendiary,"158,94"
2024,HWF019,2024-04-22 14:00:00,4.0,113.0,58.716221,-118.741587,Indian Reservation,Resident,"158,94"
2024,HWF020,2024-04-22 14:30:00,4.0,113.0,58.720717,-118.746533,Indian Reservation,Resident,"158,94"
2023,HWF021,2023-04-29 17:00:00,4.0,119.0,58.456717,-116.401833,Private Land,Resident,"161,91"
2023,HWF022,2023-04-29 17:10:00,4.0,119.0,58.169894,-116.230281,Private Land,Resident,"161,90"
2023,PWF028,2023-05-04 19:00:00,5.0,124.0,56.476883,-116.41275,Indian Reservation,Power Line Industry,"159,84"
2023,SWF076,2023-05-11 15:08:00,5.0,131.0,56.12043,-113.38676,Provincial Land,Lightning,"164,81"
2023,LWF127,2023-05-19 16:00:00,5.0,139.0,55.79748,-110.861778,Provincial Land,Incendiary,"168,78"
2023,WWF041,2023-06-04 21:12:00,6.0,155.0,54.58273,-116.423932,Provincial Land,Lightning,"156,78"
2023,PWF118,2023-07-22 23:00:00,7.0,203.0,57.003917,-117.070933,Provincial Land,Lightning,"158,87"
2023,PWF119,2023-07-23 14:00:00,7.0,204.0,56.834428,-117.001263,Provincial Land,Lightning,"158,86"
2023,PWF120,2023-07-23 12:00:00,7.0,204.0,57.23575,-116.358767,Provincial Land,Lightning,"160,87"
2023,HWF142,2023-07-23 15:00:00,7.0,204.0,57.849372,-116.059056,Provincial Land,Lightning,"161,89"
2023,PWF124,2023-07-22 22:05:00,7.0,203.0,56.633567,-118.54,Provincial Land,Lightning,"155,87"
2023,RWF069,2023-07-25 12:20:00,7.0,206.0,52.86245,-114.949617,Provincial Land,Resident,"157,71"
2023,RWF070,2023-07-27 17:34:00,7.0,208.0,52.067833,-114.9963,Private Land,Resident,"156,68"
2023,EWF025,2023-05-02 13:41:00,5.0,122.0,53.47885,-115.2234,Private Land,Oil & Gas Industry,"157,73"
2023,SWF077,2023-05-11 13:51:00,5.0,131.0,55.35645,-115.684233,Indian Reservation,Lightning,"158,80"
2023,SWF078,2023-01-05 10:00:00,1.0,5.0,55.621383,-116.670833,Provincial Park,Government,"157,82"
2023,SWF083,2023-05-08 21:12:00,5.0,128.0,56.119858,-114.550332,Provincial Land,Lightning,"162,82"
2023,GWF023,2023-05-06 15:00:00,5.0,126.0,55.157413,-117.330653,,Under Investigation,"155,81"
2024,LWF001,2024-01-08 12:00:00,1.0,8.0,55.957361,-110.709667,Indian Reservation,Resident,"169,79"
2024,LWF002,2024-01-08 12:00:00,1.0,8.0,55.957361,-110.709667,Indian Reservation,Resident,"169,79"
2024,GWF017,2024-04-14 14:30:00,4.0,105.0,55.069343,-117.847353,Private Land,Resident,"154,81"
2024,GWF018,2024-04-14 15:20:00,4.0,105.0,55.02755,-118.593367,Provincial Land,Incendiary,"152,81"
2023,SWF033,2023-04-25 21:30:00,4.0,115.0,55.35329,-115.6717,Indian Reservation,Under Investigation,"158,80"
2023,SWF036,2023-04-27 17:15:00,4.0,117.0,56.507717,-114.538783,Private Land,Resident,"162,83"
2023,SWF034,2023-04-25 21:30:00,4.0,115.0,55.356367,-115.66975,Indian Reservation,Under Investigation,"158,80"
2023,SWF035,2023-04-26 21:30:00,4.0,116.0,55.371683,-115.72055,Indian Reservation,Under Investigation,"158,80"
2023,HWF056,2023-06-04 15:20:00,6.0,155.0,59.841083,-118.7053,Provincial Land,Lightning,"159,97"
2023,LWF152,2023-06-13 17:15:00,6.0,164.0,55.690667,-111.150333,Provincial Land,Lightning,"168,78"
2023,PWF148,2023-10-29 12:00:00,10.0,302.0,56.298133,-117.399833,Private Land,Agriculture Industry,"156,85"
2024,GWF015,2024-01-15 12:00:00,1.0,15.0,54.935883,-118.262767,Provincial Land,Forest Industry,"153,81"
2024,SWF020,2024-04-13 17:50:00,4.0,104.0,54.818482,-114.570158,Provincial Land,Undetermined,"160,77"
2024,GWF007,2024-01-01 12:00:00,1.0,1.0,54.941167,-117.044829,Private Land,Resident,"155,80"
2024,PWF026,2024-04-27 20:00:00,4.0,118.0,56.26155,-117.355717,Provincial Land,Undetermined,"157,84"
2024,RWF010,2024-03-30 15:08:00,3.0,90.0,53.110302,-115.271633,Provincial Land,Power Line Industry,"156,72"
2023,EWF007,2023-04-13 18:32:00,4.0,103.0,53.933898,-115.908715,Provincial Land,Undetermined,"156,75"
2023,WWF003,2023-04-09 23:41:00,4.0,99.0,54.404237,-116.939995,Provincial Land,Oil & Gas Industry,"155,78"
2023,HWF027,2023-05-01 11:10:00,5.0,121.0,58.024502,-116.644514,Private Land,Other Industry,"160,90"
2023,EWF024,2023-05-02 11:15:00,5.0,122.0,53.531033,-116.821,Provincial Land,Undetermined,"154,75"
2023,WWF020,2023-05-03 22:19:00,5.0,123.0,54.597988,-116.385117,Provincial Land,Lightning,"156,78"
2023,WWF022,2023-01-15 13:00:00,1.0,15.0,54.206402,-116.031212,Provincial Land,Forest Industry,"156,76"
2023,SWF068,2023-05-04 23:30:00,5.0,124.0,55.877833,-116.407667,Metis Settlement,Lightning,"158,82"
2023,HWF171,2023-11-08 12:00:00,11.0,312.0,59.1246,-118.321567,Provincial Land,Resident,"159,95"
2023,GWF036,2023-06-04 14:00:00,6.0,155.0,55.497117,-119.47405,Provincial Land,Power Line Industry,"151,84"
2023,WWF006,2023-04-10 13:05:00,4.0,100.0,54.29595,-115.188933,Private Land,Power Line Industry,"158,76"
2023,GWF017,2023-05-05 10:30:00,5.0,125.0,55.053025,-117.43991,,Under Investigation,"155,80"
2023,GWF018,2023-05-05 12:15:00,5.0,125.0,56.281817,-119.161628,Provincial Land,Power Line Industry,"153,86"
2023,CWF017,2023-05-22 12:00:00,5.0,142.0,51.050633,-114.703117,Private Land,Lightning,"155,65"
2023,CWF019,2023-05-24 12:00:00,5.0,144.0,51.2663,-114.967333,Provincial Land,Recreation,"155,66"
2023,PWF050,2023-06-04 15:00:00,6.0,155.0,57.523017,-119.0296,Provincial Land,Lightning,"155,90"
2023,CWF055,2023-08-06 12:00:00,8.0,218.0,51.40475,-115.052333,Provincial Land,Recreation,"155,66"
2023,CWF054,2023-08-06 12:00:00,8.0,218.0,50.811083,-114.626083,Provincial Land,Recreation,"155,64"
2023,HWF003,2023-04-09 16:00:00,4.0,99.0,57.879633,-115.441917,Provincial Land,Other Industry,"162,88"
2023,EWF071,2023-06-17 19:05:00,6.0,168.0,53.376108,-117.731935,Provincial Land,Resident,"152,75"
2023,GWF055,2023-07-30 15:06:00,7.0,211.0,54.298167,-118.806283,Provincial Land,Lightning,"151,79"
2024,PWF001,2023-11-15 13:30:00,11.0,319.0,57.304802,-116.6731,Provincial Land,Forest Industry,"159,87"
2024,LWF046,2024-04-21 09:00:00,4.0,112.0,55.933583,-110.72115,Indian Reservation,Incendiary,"169,79"
2024,MWF012,2024-04-21 13:00:00,4.0,112.0,56.642333,-111.037883,Indian Reservation,Resident,"169,81"
2024,LWF047,2024-04-21 14:53:00,4.0,112.0,55.94905,-110.707833,Indian Reservation,Incendiary,"169,79"
2024,SWF030,2024-04-22 11:25:00,4.0,113.0,55.591735,-116.657812,Provincial Land,Incendiary,"157,82"
2024,GWF020,2024-01-15 12:00:00,1.0,15.0,54.934333,-118.264,Provincial Land,Forest Industry,"153,81"
2024,EWF020,2024-04-22 16:25:00,4.0,113.0,53.684767,-115.32815,Private Land,Agriculture Industry,"157,74"
2024,MWF013,2024-04-24 05:00:00,4.0,115.0,56.804667,-111.44145,Provincial Land,Recreation,"168,82"
2022,EWF015,2022-04-01 08:00:00,4.0,91.0,53.393559,-117.320948,Provincial Land,Other Industry,"153,75"
2023,EWF006,2023-04-10 16:59:00,4.0,100.0,53.582283,-116.2135,Provincial Land,Resident,"155,74"
2023,EWF013,2023-04-22 16:00:00,4.0,112.0,53.884475,-119.10662,Provincial Land,Undetermined,"150,78"
2023,LWF050,2023-04-26 15:00:00,4.0,116.0,55.9283,-110.724417,Indian Reservation,Incendiary,"169,79"
2023,LWF051,2023-04-26 15:30:00,4.0,116.0,55.925333,-110.7258,Indian Reservation,Incendiary,"169,79"
2023,PWF015,2023-04-27 13:15:00,4.0,117.0,56.448445,-117.255273,Private Land,Resident,"157,85"
2023,PWF022,2023-01-01 12:00:00,1.0,1.0,57.7035,-117.950333,Provincial Land,Forest Industry,"158,90"
2023,WWF019,2023-05-03 19:25:00,5.0,123.0,54.4277,-116.539635,Provincial Land,Lightning,"156,78"
2023,HWF038,2023-05-04 08:30:00,5.0,124.0,58.709017,-118.670967,Indian Reservation,Incendiary,"158,94"
2023,SWF060,2023-05-04 15:19:00,5.0,124.0,55.956383,-115.056367,Provincial Land,Lightning,"160,82"
2023,HWF040,2023-05-04 17:28:00,5.0,124.0,58.718476,-118.743523,Indian Reservation,Incendiary,"158,94"
2023,PWF010,2023-04-22 04:00:00,4.0,112.0,56.44975,-116.098083,Private Land,Resident,"159,84"
2023,GWF013,2023-04-30 16:30:00,4.0,120.0,55.516922,-119.455537,Provincial Land,Resident,"152,84"
2023,GWF014,2023-04-30 15:00:00,4.0,120.0,55.865915,-119.286613,Private Land,Agriculture Industry,"152,85"
2023,GWF015,2023-04-30 19:00:00,4.0,120.0,55.652833,-119.004875,Provincial Land,Oil & Gas Industry,"153,84"
2023,HWF043,2023-05-07 11:00:00,5.0,127.0,58.560968,-117.68055,Private Land,Resident,"159,92"
2023,HWF044,2023-05-07 14:13:00,5.0,127.0,58.516912,-116.356867,Provincial Land,Power Line Industry,"161,91"
2023,HWF045,2023-05-07 14:30:00,5.0,127.0,58.523805,-116.846842,Provincial Land,Power Line Industry,"161,92"
2023,HWF054,2023-05-30 22:47:00,5.0,150.0,58.6938,-118.712217,Indian Reservation,Power Line Industry,"158,94"
2023,CWF044,2023-07-30 12:00:00,7.0,211.0,49.948632,-114.442637,Provincial Land,Recreation,"154,61"
2023,CWF064,2023-08-13 18:00:00,8.0,225.0,50.900833,-114.692617,Provincial Land,Recreation,"155,64"
2023,CWF066,2023-08-14 15:20:00,8.0,226.0,51.0748,-115.079867,Provincial Park,Government,"154,65"
2023,SWF030,2023-04-27 12:45:00,4.0,117.0,55.325807,-114.551588,Provincial Land,Power Line Industry,"161,79"
2023,SWF031,2023-04-25 21:30:00,4.0,115.0,55.345217,-115.677383,Indian Reservation,Under Investigation,"158,80"
2023,SWF032,2023-04-25 21:30:00,4.0,115.0,55.3491,-115.68015,Indian Reservation,Under Investigation,"158,80"
2023,EWF026,2023-05-03 13:00:00,5.0,123.0,53.742833,-115.855833,Provincial Land,Power Line Industry,"156,75"
2023,EWF027,2023-05-03 16:32:00,5.0,123.0,53.341,-117.132833,Provincial Land,Lightning,"153,74"
2023,EWF028,2023-05-03 17:30:00,5.0,123.0,53.714167,-115.817417,Provincial Land,Power Line Industry,"156,75"
2023,EWF029,2023-05-03 01:30:00,5.0,123.0,53.168683,-115.648183,Provincial Land,Lightning,"156,73"
2023,SWF065,2023-05-03 23:00:00,5.0,123.0,56.0015,-114.899667,Provincial Land,Lightning,"161,82"
2023,RWF026,2023-05-03 18:54:00,5.0,123.0,53.102417,-115.68055,Provincial Land,Lightning,"155,72"
2023,EWF010,2023-04-17 09:45:00,4.0,107.0,53.652455,-116.597595,Provincial Land,Power Line Industry,"154,75"
2023,MWF004,2023-04-22 19:14:00,4.0,112.0,56.630383,-111.392967,Provincial Land,Recreation,"168,82"
2023,EWF017,2023-04-30 11:00:00,4.0,120.0,53.164083,-116.9845,Private Land,Railroad,"153,74"
2023,LWF076,2023-04-30 15:00:00,4.0,120.0,55.945133,-110.712483,Indian Reservation,Incendiary,"169,79"
2023,MWF014,2023-05-09 14:20:00,5.0,129.0,57.193125,-111.135042,Provincial Land,Lightning,"169,83"
2023,LWF106,2023-05-10 14:45:00,5.0,130.0,55.928706,-112.434684,Provincial Land,Lightning,"165,80"
2023,LWF107,2023-05-10 15:00:00,5.0,130.0,54.5075,-110.476633,Private Land,Resident,"168,74"
2023,LWF109,2023-05-10 16:00:00,5.0,130.0,55.02,-112.230667,Provincial Land,Lightning,"165,76"
2023,PWF043,2023-05-11 18:00:00,5.0,131.0,57.1668,-117.235467,Private Land,Agriculture Industry,"158,87"
2023,RWF043,2023-05-12 15:30:00,5.0,132.0,52.352617,-115.66145,Provincial Land,Power Line Industry,"154,70"
2023,RWF047,2023-05-20 11:40:00,5.0,140.0,52.943481,-114.9441,Private Land,Incendiary,"157,71"
2023,PWF006,2023-01-01 12:00:00,1.0,1.0,57.5555,-117.255667,Provincial Land,Forest Industry,"159,89"
2023,PWF009,2023-04-19 16:00:00,4.0,109.0,56.35495,-117.3036,Private Land,Resident,"157,85"
2023,LWF124,2023-05-17 09:50:00,5.0,137.0,55.670917,-111.089283,Provincial Land,Incendiary,"168,78"
2023,LWF125,2023-05-17 15:00:00,5.0,137.0,54.669967,-111.88635,Indian Reservation,Incendiary,"165,75"
2023,EWF050,2023-05-21 21:54:00,5.0,141.0,53.406,-115.484,Provincial Land,Lightning,"156,73"
2023,LWF148,2023-06-07 15:00:00,6.0,158.0,55.935333,-111.104617,Provincial Land,Lightning,"168,79"
2023,HWF051,2023-05-18 17:53:00,5.0,138.0,58.320667,-116.121967,Provincial Land,Resident,"162,90"
2023,PWF001,2023-02-22 12:00:00,2.0,53.0,56.095976,-116.788943,Private Land,Forest Industry,"157,83"
2023,LWF094,2023-05-05 14:45:00,5.0,125.0,55.930983,-110.72595,Indian Reservation,Resident,"169,79"
2023,SWF075,2023-05-11 16:36:00,5.0,131.0,56.746833,-114.588,Provincial Land,Lightning,"162,84"
2023,RWF055,2023-06-10 21:21:00,6.0,161.0,52.6887,-115.604967,Provincial Land,Lightning,"155,71"
2023,WWF044,2023-06-17 19:00:00,6.0,168.0,54.094487,-115.610542,Private Land,Resident,"157,76"
2023,CWF065,2023-08-14 12:00:00,8.0,226.0,51.135533,-114.9013,Indian Reservation,Lightning,"154,65"
2023,HWF168,2023-10-10 15:40:00,10.0,283.0,58.455,-114.406433,Indian Reservation,Incendiary,"165,90"
2024,LWF003,2023-12-20 12:00:00,12.0,354.0,54.65555,-111.9216,Private Land,Recreation,"165,75"
2024,MWF001,2024-01-18 09:00:00,1.0,18.0,57.08761,-111.71547,Provincial Land,Oil & Gas Industry,"168,83"
2024,GWF002,2024-02-19 16:45:00,2.0,50.0,54.4918,-119.157417,Provincial Land,Forest Industry,"151,80"
2024,GWF008,2024-03-17 18:00:00,3.0,77.0,55.0595,-117.5181,Private Land,Undetermined,"155,81"
2023,HWF046,2023-05-09 13:10:00,5.0,129.0,58.547017,-117.114467,Private Land,Incendiary,"160,92"
2023,CWF018,2023-05-23 13:51:00,5.0,143.0,51.127433,-115.3897,Private Land,Recreation,"153,65"
2023,WWF026,2023-05-11 18:39:00,5.0,131.0,54.462093,-115.335023,Provincial Land,Lightning,"158,77"
2023,LWF143,2023-04-25 00:00:00,4.0,115.0,55.677267,-111.1078,Provincial Land,Incendiary,"168,78"
2023,MWF054,2023-07-23 14:43:00,7.0,204.0,57.678333,-112.019867,Provincial Land,Lightning,"168,86"
2023,CWF049,2023-08-05 12:00:00,8.0,217.0,51.271667,-114.988056,Provincial Land,Recreation,"154,66"
2023,EWF015,2023-04-29 13:45:00,4.0,119.0,53.68275,-115.947623,Private Land,Under Investigation,"156,75"
2023,HWF151,2023-09-02 09:52:00,9.0,245.0,58.515417,-117.02707,Indian Reservation,Resident,"160,92"
2023,CWF072,2023-09-03 06:00:00,9.0,246.0,50.812839,-114.632749,Provincial Land,Recreation,"155,64"
2023,CWF073,2023-09-04 12:00:00,9.0,247.0,50.024517,-114.0477,Provincial Land,Recreation,"155,61"
2023,CWF075,2023-09-04 12:00:00,9.0,247.0,51.269333,-115.004667,Provincial Land,Recreation,"154,66"
2023,SWF132,2023-09-10 12:00:00,9.0,253.0,55.003083,-115.342,Provincial Land,Power Line Industry,"159,79"
2023,HWF155,2023-09-13 09:00:00,9.0,256.0,58.337967,-114.989067,Provincial Land,Lightning,"164,90"
2023,GWF065,2023-09-15 15:00:00,9.0,258.0,55.801271,-119.936153,Provincial Land,Forest Industry,"151,85"
2023,WWF013,2023-02-01 12:00:00,2.0,32.0,54.456917,-114.69545,Private Land,Resident,"159,76"
2023,PWF023,2023-04-28 12:45:00,4.0,118.0,56.482125,-119.192863,Private Land,Resident,"153,87"
2023,RWF020,2023-05-03 15:01:00,5.0,123.0,52.038167,-115.478533,Provincial Land,Lightning,"154,69"
2023,RWF025,2023-05-03 17:39:00,5.0,123.0,52.834333,-116.056333,Provincial Land,Lightning,"154,72"
2023,RWF027,2023-05-03 18:53:00,5.0,123.0,52.82095,-115.908167,Provincial Land,Lightning,"155,72"
2023,MWF011,2023-05-05 15:20:00,5.0,125.0,57.3639,-111.020557,Provincial Land,Oil & Gas Industry,"170,84"
2023,HWF055,2023-05-31 08:00:00,5.0,151.0,58.017188,-116.506436,Private Land,Forest Industry,"161,90"
2023,LWF153,2023-06-13 18:16:00,6.0,164.0,54.914633,-111.938867,Provincial Land,Power Line Industry,"165,76"
2023,PWF057,2023-06-14 18:30:00,6.0,165.0,56.447217,-116.098167,Provincial Land,Resident,"159,84"
2023,PWF058,2023-06-19 10:00:00,6.0,170.0,56.566633,-118.985117,Provincial Land,Power Line Industry,"154,87"
2023,PWF059,2023-06-19 15:50:00,6.0,170.0,56.471467,-116.78275,Provincial Land,Power Line Industry,"158,85"
2023,HWF013,2023-04-22 10:59:00,4.0,112.0,58.26675,-116.286217,Private Land,Resident,"161,90"
2023,HWF014,2023-04-22 11:45:00,4.0,112.0,58.245083,-116.268383,Private Land,Resident,"161,90"
2023,GWF012,2023-04-29 11:00:00,4.0,119.0,54.505505,-117.671198,Provincial Land,Oil & Gas Industry,"153,79"
2023,SWF079,2023-05-14 06:00:00,5.0,134.0,56.060033,-113.7349,Provincial Land,Recreation,"163,81"
2023,SWF080,2023-05-14 06:00:00,5.0,134.0,56.023983,-113.733383,Provincial Land,Recreation,"163,81"
2023,CWF015,2023-05-15 18:00:00,5.0,135.0,51.259083,-114.92825,Private Land,Resident,"155,66"
2023,HWF130,2023-07-13 14:00:00,7.0,194.0,59.42901,-119.944779,Provincial Land,Lightning,"157,97"
2023,HWF131,2023-07-13 14:30:00,7.0,194.0,59.4351,-119.9334,Provincial Land,Lightning,"157,97"
2023,EWF075,2023-07-22 23:06:00,7.0,203.0,53.802917,-116.470533,Provincial Land,Lightning,"155,75"
2024,EWF002,2024-02-06 08:00:00,2.0,37.0,53.347352,-117.81784,Provincial Land,Forest Industry,"151,75"
2024,PWF021,2023-12-05 12:00:00,12.0,339.0,57.70005,-117.178253,Private Land,Agriculture Industry,"159,89"
2024,PWF022,2024-04-13 17:10:00,4.0,104.0,56.67575,-118.074817,Provincial Land,Recreation,"156,86"
2023,HWF015,2023-04-23 15:04:00,4.0,113.0,58.247167,-116.375833,Private Land,Resident,"161,90"
2023,HWF016,2022-04-23 16:07:00,4.0,113.0,58.422633,-115.9825,Private Land,Agriculture Industry,"162,91"
2023,LWF045,2023-04-23 19:25:00,4.0,113.0,55.174767,-112.4679,Provincial Land,Resident,"165,77"
2023,WWF014,2023-04-29 16:18:00,4.0,119.0,54.572802,-115.524897,Private Land,Oil & Gas Industry,"158,77"
2023,RWF033,2023-05-04 16:16:00,5.0,124.0,52.886333,-115.8995,Provincial Land,Lightning,"155,72"
2023,WWF015,2023-04-29 16:40:00,4.0,119.0,54.093682,-115.321182,Provincial Land,Railroad,"157,76"
2023,RWF034,2023-05-04 16:35:00,5.0,124.0,52.815117,-115.450383,Indian Reservation,Lightning,"156,71"
2023,RWF035,2023-05-04 17:22:00,5.0,124.0,52.519083,-115.489217,Provincial Land,Lightning,"155,70"
2023,WWF023,2023-05-03 22:12:00,5.0,123.0,54.388929,-116.371578,Provincial Land,Lightning,"156,77"
2023,MWF019,2023-05-23 00:53:00,5.0,143.0,56.431617,-111.3097,Provincial Land,Power Line Industry,"168,81"
2023,HWF089,2023-06-30 16:00:00,6.0,181.0,58.6657,-117.479,Provincial Land,Lightning,"160,93"
2023,HWF093,2023-06-30 19:00:00,6.0,181.0,58.608633,-115.871583,Provincial Land,Lightning,"162,91"
2023,CWF002,2023-04-23 18:00:00,4.0,113.0,51.138833,-114.906667,Indian Reservation,Undetermined,"154,65"
2023,LWF047,2023-04-26 11:40:00,4.0,116.0,54.67005,-111.908217,Indian Reservation,Resident,"165,75"
2023,LWF048,2023-04-26 11:00:00,4.0,116.0,54.708783,-111.87735,Indian Reservation,Resident,"165,75"
2023,LWF078,2023-05-01 02:00:00,5.0,121.0,55.269417,-113.23225,Indian Reservation,Resident,"163,78"
2023,LWF093,2023-05-04 21:20:00,5.0,124.0,55.060694,-111.605799,Provincial Land,Incendiary,"166,76"
2023,PWF065,2023-06-24 12:42:00,6.0,175.0,56.957167,-118.596667,Provincial Land,Lightning,"155,88"
2023,PWF115,2023-07-19 14:00:00,7.0,200.0,56.393622,-116.70461,Provincial Land,Lightning,"158,84"
2023,HWF020,2023-04-29 16:30:00,4.0,119.0,58.5233,-116.426883,Private Land,Agriculture Industry,"161,91"
2023,LWF183,2023-10-06 13:35:00,10.0,279.0,54.895783,-112.08425,Private Land,Resident,"165,76"
2023,LWF187,2023-10-11 21:30:00,10.0,284.0,54.99945,-111.80305,Provincial Land,Incendiary,"166,76"
2023,MWF060,2023-10-15 14:00:00,10.0,288.0,56.406117,-111.40575,Provincial Land,Other Industry,"168,81"
2023,PWF005,2023-01-01 12:00:00,1.0,1.0,56.875583,-118.20445,Provincial Land,Forest Industry,"156,87"
2023,HWF008,2023-04-17 13:00:00,4.0,107.0,58.478667,-114.536167,Indian Reservation,Incendiary,"165,90"
2023,HWF018,2023-04-24 14:50:00,4.0,114.0,58.712033,-118.728033,Indian Reservation,Incendiary,"158,94"
2023,EWF048,2023-05-16 10:00:00,5.0,136.0,53.2487,-115.503717,Provincial Land,Undetermined,"156,73"
2023,RWF058,2023-06-13 17:47:00,6.0,164.0,53.058,-115.004833,Private Land,Power Line Industry,"157,72"
2023,HWF081,2023-06-27 13:00:00,6.0,178.0,58.158183,-117.971133,Provincial Land,Lightning,"158,91"
2023,LWF171,2023-07-10 15:00:00,7.0,191.0,54.711383,-110.941783,Provincial Land,Lightning,"167,75"
2023,SWF111,2023-06-28 15:19:00,6.0,179.0,55.495467,-114.583533,Provincial Land,Lightning,"161,80"
2023,SWF124,2023-07-24 20:45:00,7.0,205.0,55.3165,-115.49885,Private Land,Lightning,"159,80"
2023,CWF042,2023-07-27 06:00:00,7.0,208.0,51.27082,-115.009934,Provincial Land,Recreation,"154,66"
2023,HWF157,2023-09-15 09:00:00,9.0,258.0,58.48735,-115.631083,Private Land,Agriculture Industry,"163,91"
2023,GWF071,2023-10-06 16:30:00,10.0,279.0,55.519067,-119.453533,Provincial Land,Recreation,"152,84"
2023,PWF018,2023-04-29 13:20:00,4.0,119.0,56.40965,-119.27525,Private Land,Resident,"153,86"
2023,WWF021,2023-05-03 22:27:00,5.0,123.0,54.602112,-116.283807,Provincial Land,Lightning,"156,78"
2023,MWF032,2023-06-08 20:30:00,6.0,159.0,56.488667,-111.348917,Provincial Land,Power Line Industry,"168,81"
2023,RWF067,2023-07-15 18:28:00,7.0,196.0,52.18605,-114.81055,Private Land,Lightning,"156,69"
2023,CWF035,2023-07-13 17:00:00,7.0,194.0,49.785717,-113.968667,Provincial Land,Lightning,"155,60"
2024,PWF017,2023-12-30 12:00:00,12.0,364.0,56.340667,-119.578467,Private Land,Agriculture Industry,"153,87"
2024,PWF019,2024-03-01 12:00:00,3.0,61.0,55.699322,-116.78611,Provincial Land,Recreation,"157,82"
2024,SWF038,2024-05-11 11:15:00,5.0,132.0,55.966267,-113.391883,Provincial Land,Power Line Industry,"164,81"
2023,SWF002,2023-04-11 13:22:00,4.0,101.0,55.506866,-116.745966,Provincial Land,Railroad,"157,81"
2023,HWF004,2023-04-17 12:30:00,4.0,107.0,58.465633,-116.04555,Private Land,Power Line Industry,"162,91"
2023,HWF005,2023-04-17 14:30:00,4.0,107.0,58.232133,-116.203533,Private Land,Agriculture Industry,"161,90"
2023,EWF012,2022-04-22 11:00:00,4.0,112.0,53.5853,-115.034167,Private Land,Resident,"157,74"
2023,GWF005,2023-04-22 10:15:00,4.0,112.0,55.052883,-117.47345,Provincial Land,Other Industry,"155,80"
2023,GWF009,2023-04-27 21:30:00,4.0,117.0,55.13174,-117.780935,Private Land,Resident,"154,81"
2023,GWF010,2023-04-28 14:50:00,4.0,118.0,55.503367,-119.49605,Private Land,Oil & Gas Industry,"151,84"
2023,SWF087,2023-05-16 19:28:00,5.0,136.0,55.226583,-114.2757,Provincial Land,Under Investigation,"161,79"
2023,LWF130,2023-05-21 22:00:00,5.0,141.0,55.968,-110.836167,Provincial Land,Incendiary,"169,79"
2023,LWF131,2023-05-22 00:00:00,5.0,142.0,56.215117,-110.875167,Provincial Land,Incendiary,"169,80"
2023,LWF132,2023-05-22 17:30:00,5.0,142.0,54.91325,-111.938383,Provincial Land,Power Line Industry,"165,76"
2023,EWF055,2023-06-04 17:32:00,6.0,155.0,53.2352,-117.1503,Provincial Land,Lightning,"153,74"
2023,EWF056,2023-06-04 18:33:00,6.0,155.0,53.944383,-117.019883,Provincial Land,Lightning,"154,76"
2023,HWF112,2023-07-02 17:30:00,7.0,183.0,59.225,-114.4041,Provincial Land,Lightning,"166,92"
2023,MWF066,2023-11-12 14:00:00,11.0,316.0,56.370667,-111.4537,Provincial Land,Recreation,"168,81"
2023,EWF043,2023-05-03 19:34:00,5.0,123.0,53.9218,-117.655033,Provincial Land,Lightning,"153,77"
2023,EWF008,2023-04-15 12:30:00,4.0,105.0,53.16935,-115.45726,Provincial Land,Oil & Gas Industry,"156,72"
2023,LWF012,2023-04-15 17:20:00,4.0,105.0,55.929883,-110.7257,Indian Reservation,Incendiary,"169,79"
2023,LWF013,2023-04-16 11:55:00,4.0,106.0,55.959833,-110.708,Indian Reservation,Resident,"169,79"
2023,LWF014,2023-04-16 12:00:00,4.0,106.0,55.9363,-110.720383,Indian Reservation,Incendiary,"169,79"
2023,LWF074,2023-04-30 11:05:00,4.0,120.0,54.515052,-110.842209,Private Land,Resident,"167,74"
2023,LWF073,2023-04-30 06:30:00,4.0,120.0,54.5151,-110.81275,Private Land,Power Line Industry,"167,74"
2023,LWF075,2023-04-30 15:15:00,4.0,120.0,55.9283,-110.720333,Indian Reservation,Incendiary,"169,79"
2023,HWF025,2023-04-30 21:50:00,4.0,120.0,58.713833,-118.754733,Indian Reservation,Incendiary,"158,94"
2023,HWF026,2023-04-30 22:20:00,4.0,120.0,58.713067,-118.667167,Indian Reservation,Incendiary,"158,94"
2023,RWF018,2023-05-02 15:50:00,5.0,122.0,52.693083,-115.33745,Private Land,Resident,"156,71"
2023,LWF112,2023-05-11 18:00:00,5.0,131.0,55.198333,-112.01005,Provincial Land,Lightning,"165,77"
2023,SWF094,2023-01-05 10:00:00,1.0,5.0,55.363467,-115.516483,Indian Reservation,Resident,"159,80"
2023,LWF090,2023-05-04 12:30:00,5.0,124.0,54.827273,-113.586769,Provincial Land,Lightning,"162,77"
2023,EWF047,2023-05-17 11:00:00,5.0,137.0,53.319133,-117.8518,Private Land,Railroad,"151,75"
2023,WWF030,2023-05-17 14:00:00,5.0,137.0,54.095883,-115.804867,Private Land,Resident,"157,76"
2023,GWF030,2023-05-20 11:00:00,5.0,140.0,54.464,-118.652633,Provincial Land,Power Line Industry,"151,80"
2023,CWF086,2023-10-22 10:00:00,10.0,295.0,51.28425,-114.861217,Private Land,Resident,"155,66"
2024,SWF039,2024-01-15 13:00:00,1.0,15.0,55.956348,-115.58765,Indian Reservation,Resident,"159,82"
2024,SWF040,2024-05-13 17:00:00,5.0,134.0,55.795367,-115.210833,Provincial Land,Power Line Industry,"160,81"
2024,RWF013,2024-05-13 19:55:00,5.0,134.0,52.431187,-114.915603,Private Land,Resident,"156,70"
2024,SWF042,2024-01-15 10:00:00,1.0,15.0,55.27575,-115.3614,Private Land,Resident,"159,80"
2024,RWF014,2024-05-14 20:40:00,5.0,135.0,52.072967,-116.404883,Provincial Land,Incendiary,"153,70"
2024,MWF020,2024-05-10 16:00:00,5.0,131.0,56.645167,-111.367167,Provincial Land,Government,"168,82"
2024,MWF025,2024-05-15 12:05:00,5.0,136.0,56.827367,-111.43535,Provincial Land,Under Investigation,"168,82"
2024,MWF010,2024-04-18 00:00:00,4.0,109.0,57.4876,-113.4992,Provincial Land,Lightning,"165,86"
2024,CWF010,2024-05-19 08:00:00,5.0,140.0,51.298,-115.153,Provincial Land,Recreation,"154,66"
2023,RWF003,2023-04-08 00:01:00,4.0,98.0,52.607692,-114.611345,Private Land,Resident,"157,70"
2023,HWF019,2023-04-27 16:00:00,4.0,117.0,58.313283,-116.2488,Private Land,Undetermined,"161,90"
2023,CWF005,2023-05-06 11:00:00,5.0,126.0,51.5921,-114.757933,Provincial Land,Incendiary,"155,67"
2023,EWF046,2023-05-16 19:30:00,5.0,136.0,53.598417,-115.3803,Provincial Land,Undetermined,"157,74"
2023,LWF149,2023-06-07 16:00:00,6.0,158.0,54.733833,-114.05,Provincial Land,Lightning,"161,77"
2023,EWF060,2023-06-04 16:15:00,6.0,155.0,53.786717,-116.9871,Provincial Land,Lightning,"154,76"
2023,EWF062,2023-06-08 17:12:00,6.0,159.0,52.850417,-116.92475,Provincial Land,Lightning,"153,73"
2023,EWF063,2023-06-08 17:07:00,6.0,159.0,52.837417,-116.904783,Provincial Land,Lightning,"153,73"
2023,EWF064,2023-06-08 12:50:00,6.0,159.0,53.944133,-116.604667,Provincial Land,Forest Industry,"155,76"
2023,EWF065,2023-06-08 17:54:00,6.0,159.0,53.023883,-117.175967,Provincial Land,Lightning,"152,73"
2023,RWF063,2023-06-30 19:53:00,6.0,181.0,52.809505,-115.415328,Provincial Land,Lightning,"156,71"
2023,CWF048,2023-08-02 12:00:00,8.0,214.0,51.573483,-114.987167,Provincial Land,Recreation,"155,67"
2023,HWF158,2023-09-13 18:00:00,9.0,256.0,59.6485,-119.702783,Provincial Land,Lightning,"157,97"
2024,SWF001,2024-01-02 17:30:00,1.0,2.0,56.57555,-115.216533,Provincial Land,Recreation,"161,84"
2024,GWF019,2024-04-15 18:00:00,4.0,106.0,55.227898,-117.229652,Provincial Land,Power Line Industry,"155,81"
2024,EWF040,2024-06-02 11:00:00,6.0,154.0,53.531759,-116.794872,Provincial Land,Incendiary,"154,75"
2024,PWF057,2024-07-11 10:00:00,7.0,193.0,56.868165,-116.7044,Provincial Land,Lightning,"159,86"
2024,GWF041,2024-07-13 14:08:00,7.0,195.0,55.740917,-119.65795,Provincial Land,Lightning,"151,85"
2024,RWF048,2024-07-13 15:30:00,7.0,195.0,52.299867,-115.080617,Private Land,Resident,"156,69"
2024,PWF065,2024-07-13 12:45:00,7.0,195.0,56.72842,-116.245025,Provincial Land,Recreation,"159,85"
2024,SWF118,2024-07-13 06:05:00,7.0,195.0,55.5582,-114.19145,Provincial Land,Lightning,"162,80"
2023,SWF115,2023-06-30 14:45:00,6.0,181.0,55.064683,-116.609467,Provincial Land,Power Line Industry,"156,80"
2023,CWF037,2023-07-19 18:00:00,7.0,200.0,51.155883,-114.784033,Indian Reservation,Lightning,"155,65"
2023,PWF137,2023-09-18 13:00:00,9.0,261.0,57.745117,-117.5589,Private Land,Agriculture Industry,"158,90"
2023,WWF058,2023-10-12 14:30:00,10.0,285.0,54.64185,-115.5362,Provincial Land,Power Line Industry,"158,78"
2023,SWF143,2023-10-01 11:00:00,10.0,274.0,55.395367,-115.7458,Indian Reservation,Undetermined,"158,80"
2024,SWF006,2024-03-01 01:00:00,3.0,61.0,56.6365,-115.129,Provincial Land,Resident,"161,84"
2024,RWF012,2024-05-09 20:30:00,5.0,130.0,52.466667,-115.005667,Provincial Land,Oil & Gas Industry,"156,70"
2024,RWF016,2024-05-17 19:58:00,5.0,138.0,53.136083,-115.199217,Provincial Land,Power Line Industry,"156,72"
2024,SWF057,2024-06-23 14:30:00,6.0,175.0,56.608117,-114.33925,Provincial Land,Lightning,"163,83"
2024,GWF036,2024-07-05 11:20:00,7.0,187.0,55.809133,-119.674633,Provincial Land,Oil & Gas Industry,"152,85"
2024,LWF114,2024-07-08 11:32:00,7.0,190.0,55.93975,-110.7155,Indian Reservation,Incendiary,"169,79"
2023,GWF024,2023-05-05 18:30:00,5.0,125.0,54.423072,-117.771818,Provincial Land,Oil & Gas Industry,"153,79"
2023,MWF015,2023-05-15 15:50:00,5.0,135.0,57.0745,-111.589033,Provincial Land,Undetermined,"168,83"
2023,HWF136,2023-07-18 10:00:00,7.0,199.0,58.178925,-116.392565,Private Land,Resident,"161,90"
2024,SWF011,2024-01-31 12:00:00,1.0,31.0,56.177883,-113.81615,Indian Reservation,Resident,"163,82"
2024,EWF008,2024-04-03 19:30:00,4.0,94.0,53.690717,-116.773083,Provincial Land,Incendiary,"154,75"
2024,WWF012,2024-04-20 12:00:00,4.0,111.0,54.491073,-114.836785,Provincial Land,Incendiary,"159,77"
2024,LWF062,2024-04-26 10:13:00,4.0,117.0,55.92711,-110.72241,Indian Reservation,Incendiary,"169,79"
2024,SWF051,2024-05-30 16:37:00,5.0,151.0,55.351617,-115.205367,Provincial Land,Power Line Industry,"159,80"
2024,GWF034,2024-06-29 08:00:00,6.0,181.0,55.086717,-117.672867,Provincial Land,Lightning,"154,81"
2024,PWF062,2024-07-12 14:45:00,7.0,194.0,57.521867,-117.595283,Provincial Land,Lightning,"158,89"
2024,PWF063,2024-07-11 23:00:00,7.0,193.0,57.319167,-117.798383,Provincial Land,Lightning,"157,88"
2023,HWF125,2023-07-09 20:00:00,7.0,190.0,59.062717,-117.1753,Provincial Land,Lightning,"161,94"
2023,HWF149,2023-08-19 18:40:00,8.0,231.0,58.6077,-117.158133,Provincial Land,Power Line Industry,"160,92"
2023,GWF064,2023-09-09 15:30:00,9.0,252.0,55.931317,-117.8757,Provincial Land,Recreation,"155,84"
2023,WWF057,2023-10-10 22:30:00,10.0,283.0,54.098053,-115.623887,Private Land,Resident,"157,76"
2023,EWF084,2023-10-20 16:30:00,10.0,293.0,53.989333,-119.1345,Provincial Land,Undetermined,"150,78"
2023,GWF079,2023-11-14 10:00:00,11.0,318.0,55.17586,-118.104951,Private Land,Resident,"154,81"
2023,MWF067,2023-11-19 12:00:00,11.0,323.0,56.605467,-111.380017,Provincial Land,Recreation,"168,81"
2024,SWF003,2024-02-23 08:50:00,2.0,54.0,54.79995,-115.408617,Provincial Land,Power Line Industry,"158,78"
2024,LWF007,2024-03-07 13:00:00,3.0,67.0,54.9294,-112.5315,Private Land,Agriculture Industry,"164,76"
2024,SWF014,2024-03-31 11:50:00,3.0,91.0,55.262483,-114.752717,Provincial Land,Resident,"160,79"
2023,LWF147,2023-06-07 09:00:00,6.0,158.0,55.046433,-111.318167,Provincial Land,Lightning,"167,76"
2023,WWF056,2023-09-28 22:00:00,9.0,271.0,54.222083,-115.76295,Provincial Land,Recreation,"157,76"
2024,EWF022,2024-04-26 14:00:00,4.0,117.0,53.58311,-115.03843,Private Land,Resident,"157,74"
2024,EWF044,2024-06-07 11:45:00,6.0,159.0,53.463807,-117.443383,Provincial Land,Railroad,"152,75"
2024,LWF088,2024-06-20 14:55:00,6.0,172.0,55.14825,-112.4718,Provincial Land,Resident,"164,77"
2024,WWF034,2024-06-24 12:00:00,6.0,176.0,54.106862,-115.82521,Private Land,Resident,"157,76"
2024,RWF039,2024-07-06 12:00:00,7.0,188.0,52.909533,-115.798133,Provincial Land,Forest Industry,"155,72"
2024,SWF106,2024-07-10 15:16:00,7.0,192.0,57.103327,-115.268398,Provincial Land,Lightning,"162,86"
2024,SWF109,2024-07-10 15:54:00,7.0,192.0,57.21635,-115.220383,Provincial Land,Lightning,"162,86"
2024,PWF068,2024-07-13 18:25:00,7.0,195.0,56.9263,-116.71205,Provincial Park,Lightning,"159,86"
2023,GWF070,2023-10-02 17:30:00,10.0,275.0,55.931493,-117.765963,Provincial Land,Recreation,"155,84"
2024,GWF009,2024-03-17 12:00:00,3.0,77.0,55.538283,-119.985667,Private Land,Resident,"151,84"
2024,WWF014,2024-04-17 11:37:00,4.0,108.0,54.102467,-115.78265,Provincial Land,Undetermined,"157,76"
2024,MWF022,2024-05-11 14:45:00,5.0,132.0,56.4305,-111.042,Provincial Land,Resident,"169,81"
2024,MWF023,2024-05-12 07:00:00,5.0,133.0,58.79335,-111.0685,Provincial Land,Recreation,"171,89"
2024,HWF059,2024-06-30 19:06:00,6.0,182.0,59.626967,-117.449217,Provincial Land,Lightning,"161,96"
2024,LWF102,2024-07-02 13:30:00,7.0,184.0,56.117083,-110.9935,Provincial Land,Lightning,"168,80"
2024,LWF103,2024-07-02 14:00:00,7.0,184.0,56.07425,-110.3874,Provincial Park,Lightning,"170,79"
2024,SWF086,2024-07-10 13:57:00,7.0,192.0,55.8963,-115.615733,Provincial Land,Lightning,"159,82"
2024,PWF064,2024-07-12 16:45:00,7.0,194.0,57.525183,-117.651467,Provincial Land,Lightning,"158,89"
2023,EWF011,2023-04-18 15:30:00,4.0,108.0,53.462333,-117.446083,Provincial Land,Railroad,"152,75"
2023,LWF072,2023-04-29 15:30:00,4.0,119.0,54.997167,-111.72905,Provincial Land,Resident,"166,76"
2023,RWF021,2023-05-03 15:16:00,5.0,123.0,52.508283,-115.595033,Provincial Land,Lightning,"155,70"
2023,RWF022,2023-05-03 15:29:00,5.0,123.0,52.491,-115.505333,Provincial Land,Lightning,"155,70"
2023,SWF074,2023-01-05 12:00:00,1.0,5.0,55.345933,-114.9749,Private Land,Resident,"160,80"
2023,MWF016,2023-05-16 15:15:00,5.0,136.0,56.448267,-111.29535,Provincial Land,Power Line Industry,"168,81"
2023,LWF133,2023-05-27 13:00:00,5.0,147.0,55.729808,-110.979653,Provincial Land,Resident,"168,78"
2023,GWF032,2023-05-28 13:00:00,5.0,148.0,55.345417,-117.052517,Provincial Land,Undetermined,"156,81"
2023,LWF144,2023-06-01 12:00:00,6.0,152.0,54.856217,-112.763667,Provincial Land,Lightning,"164,76"
2023,PWF087,2023-07-05 01:00:00,7.0,186.0,56.360833,-117.424,Provincial Land,Resident,"157,85"
2023,EWF076,2023-07-23 17:44:00,7.0,204.0,52.997533,-116.422117,Provincial Land,Lightning,"154,73"
2023,HWF094,2023-07-01 06:30:00,7.0,182.0,59.160117,-119.43275,Provincial Land,Lightning,"157,96"
2023,HWF098,2023-07-01 13:00:00,7.0,182.0,58.872882,-117.992283,Provincial Land,Lightning,"159,94"
2023,HWF099,2023-01-01 14:00:00,1.0,1.0,59.011467,-117.266383,Provincial Land,Lightning,"161,94"
2023,WWF055,2023-02-01 12:00:00,2.0,32.0,54.38545,-116.247467,Provincial Land,Forest Industry,"156,77"
2023,PWF140,2023-10-04 18:30:00,10.0,277.0,56.829,-117.707383,Private Land,Agriculture Industry,"157,87"
2023,HWF169,2023-10-14 16:14:00,10.0,287.0,58.049883,-116.345033,Private Land,Resident,"161,90"
2023,EWF085,2023-11-03 16:00:00,11.0,307.0,53.66565,-116.09565,Provincial Land,Under Investigation,"155,75"
2024,RWF002,2024-03-11 12:13:00,3.0,71.0,52.495383,-115.510883,Provincial Land,Oil & Gas Industry,"155,70"
2024,LWF012,2024-03-01 09:00:00,3.0,61.0,54.520342,-110.933996,Private Land,Agriculture Industry,"167,74"
2023,GWF027,2023-05-13 12:00:00,5.0,133.0,54.520083,-117.356783,Provincial Land,Under Investigation,"154,79"
2023,SWF088,2023-05-28 16:00:00,5.0,148.0,56.4379,-115.32515,Provincial Land,Power Line Industry,"161,83"
2023,CWF020,2023-06-04 10:55:00,6.0,155.0,50.965467,-115.091917,Provincial Land,Recreation,"154,65"
2023,PWF117,2023-07-22 13:00:00,7.0,203.0,55.755967,-116.662617,Provincial Land,Lightning,"157,82"
2023,CWF043,2023-07-27 12:00:00,7.0,208.0,51.271478,-115.007701,Provincial Land,Recreation,"154,66"
2023,GWF075,2023-10-16 14:00:00,10.0,289.0,55.0785,-117.629967,Private Land,Resident,"154,81"
2023,GWF076,2023-10-10 10:30:00,10.0,283.0,55.834215,-119.229588,Private Land,Under Investigation,"152,85"
2024,HWF007,2024-04-17 07:00:00,4.0,108.0,58.382333,-115.915333,Provincial Land,Agriculture Industry,"162,90"
2024,CWF047,2024-06-11 16:00:00,6.0,163.0,51.276217,-114.773533,Provincial Land,Lightning,"155,65"
2024,WWF036,2024-06-23 13:49:00,6.0,175.0,54.360883,-116.700967,Provincial Land,Power Line Industry,"155,78"
2023,HWF074,2023-06-24 15:35:00,6.0,175.0,58.399333,-116.045667,Private Land,Power Line Industry,"162,91"
2023,HWF076,2023-06-24 15:00:00,6.0,175.0,58.223117,-118.128,Provincial Land,Lightning,"158,92"
2023,HWF077,2023-06-24 15:00:00,6.0,175.0,57.394323,-115.099925,Provincial Land,Lightning,"162,87"
2023,HWF078,2023-06-24 10:00:00,6.0,175.0,57.4369,-115.1395,Provincial Land,Lightning,"162,87"
2023,PWF078,2023-06-28 20:00:00,6.0,179.0,56.671917,-119.164917,Provincial Land,Lightning,"154,87"
2023,RWF076,2023-09-23 16:07:00,9.0,266.0,52.464833,-115.326667,Provincial Land,Lightning,"155,70"
2023,CWF080,2023-09-28 12:00:00,9.0,271.0,51.128933,-114.864083,Indian Reservation,Resident,"155,65"
2024,SWF048,2024-05-25 21:45:00,5.0,146.0,55.934643,-113.733955,Provincial Land,Undetermined,"163,81"
2024,PWF039,2024-06-05 14:00:00,6.0,157.0,56.551033,-118.745683,Provincial Land,Power Line Industry,"154,87"
2024,MWF058,2024-07-02 17:57:00,7.0,184.0,56.2105,-111.547,Provincial Land,Lightning,"167,80"
2024,MWF076,2024-07-11 08:59:00,7.0,193.0,56.30035,-112.072883,Provincial Land,Lightning,"167,81"
2024,WWF042,2024-07-13 12:28:00,7.0,195.0,54.434913,-117.229088,Provincial Land,Lightning,"154,78"
2023,PWF014,2023-04-26 15:00:00,4.0,116.0,56.766167,-117.623,Private Land,Resident,"157,86"
2023,LWF062,2023-04-27 17:10:00,4.0,117.0,55.928533,-110.722633,Indian Reservation,Incendiary,"169,79"
2023,EWF019,2023-04-30 00:00:00,4.0,120.0,53.63245,-116.295467,Provincial Land,Recreation,"155,75"
2023,HWF028,2023-05-01 17:15:00,5.0,121.0,58.309676,-116.178084,Private Land,Resident,"161,90"
2023,LWF110,2023-05-10 19:00:00,5.0,130.0,55.8867,-111.17905,Provincial Land,Lightning,"168,79"
2023,SWF136,2023-09-23 22:15:00,9.0,266.0,56.562567,-115.183433,Provincial Land,Lightning,"161,84"
2024,SWF004,2023-11-15 09:00:00,11.0,319.0,55.209667,-116.651167,Private Land,Agriculture Industry,"156,80"
2024,SWF005,2023-11-17 09:00:00,11.0,321.0,55.23261,-115.307998,Private Land,Resident,"159,79"
2024,CWF004,2024-02-27 12:00:00,2.0,58.0,51.191667,-114.7784,Provincial Land,Recreation,"155,65"
2024,EWF006,2024-03-01 08:00:00,3.0,61.0,53.630747,-116.406609,Private Land,Undetermined,"155,75"
2024,EWF017,2024-04-19 10:00:00,4.0,110.0,53.569967,-116.7443,Provincial Land,Recreation,"154,75"
2024,HWF009,2024-04-19 14:00:00,4.0,110.0,58.712,-113.8742,Indian Reservation,Incendiary,"166,90"
2024,CWF009,2024-05-10 15:30:00,5.0,131.0,50.102763,-114.220758,Provincial Land,Undetermined,"155,61"
2023,WWF046,2023-06-25 15:37:00,6.0,176.0,54.743367,-114.86469,Provincial Land,Lightning,"159,77"
2023,GWF062,2023-08-21 16:00:00,8.0,233.0,55.509383,-119.574217,Provincial Land,Recreation,"151,84"
2023,RWF019,2023-05-03 15:01:00,5.0,123.0,52.223,-115.225,Provincial Land,Lightning,"155,69"
2024,PWF016,2024-02-01 12:00:00,2.0,32.0,57.598395,-117.197832,Private Land,Agriculture Industry,"159,89"
2024,PWF015,2024-04-01 11:00:00,4.0,92.0,56.623083,-117.3231,Private Land,Resident,"157,86"
2024,HWF004,2024-01-01 08:00:00,1.0,1.0,58.206181,-115.761019,Provincial Land,Resident,"162,90"
2024,LWF023,2024-04-06 09:31:00,4.0,97.0,55.92384,-110.692047,Indian Reservation,Incendiary,"169,79"
2024,SWF016,2024-04-08 19:00:00,4.0,99.0,55.601784,-116.613894,Private Land,Resident,"157,82"
2024,LWF027,2024-04-09 20:15:00,4.0,100.0,55.933917,-110.72055,Indian Reservation,Incendiary,"169,79"
2024,WWF009,2024-04-14 11:15:00,4.0,105.0,54.106367,-115.684133,Private Land,Resident,"157,76"
2023,HWF009,2023-04-17 17:15:00,4.0,107.0,58.463696,-114.48113,Indian Reservation,Incendiary,"165,90"
2023,WWF016,2023-05-01 16:20:00,5.0,121.0,54.34441,-116.934768,Provincial Land,Lightning,"155,78"
2023,SWF071,2023-01-08 13:00:00,1.0,8.0,55.3388,-114.973267,Private Land,Resident,"160,79"
2023,RWF050,2023-05-19 13:10:00,5.0,139.0,52.96056,-114.968312,Private Land,Incendiary,"157,71"
2023,RWF056,2023-06-13 17:00:00,6.0,164.0,52.61195,-115.999417,Provincial Land,Lightning,"154,71"
2023,RWF057,2023-06-13 16:55:00,6.0,164.0,52.732133,-115.870117,Provincial Land,Lightning,"155,71"
2023,HWF086,2023-06-30 14:00:00,6.0,181.0,57.780167,-114.693,Provincial Land,Lightning,"163,88"
2023,HWF087,2023-06-30 16:00:00,6.0,181.0,58.158117,-114.182933,Provincial Land,Lightning,"165,89"
2023,HWF088,2023-06-30 16:20:00,6.0,181.0,59.398629,-117.207252,Provincial Land,Lightning,"161,95"
2023,HWF090,2023-06-30 18:00:00,6.0,181.0,58.560332,-117.655958,Provincial Land,Lightning,"159,92"
2023,HWF091,2023-06-30 18:15:00,6.0,181.0,58.643667,-115.622167,Provincial Land,Lightning,"163,91"
2023,HWF092,2023-06-30 14:00:00,6.0,181.0,57.503644,-116.247199,Provincial Land,Lightning,"160,88"
2023,CWF070,2023-08-27 12:00:00,8.0,239.0,50.551267,-114.542667,Private Land,Resident,"155,63"
2024,EWF005,2024-02-18 08:00:00,2.0,49.0,53.322533,-117.661333,Provincial Land,Recreation,"152,75"
2024,LWF008,2024-01-01 09:00:00,1.0,1.0,54.518535,-110.325995,Private Land,Agriculture Industry,"168,74"
2024,WWF013,2024-04-22 17:00:00,4.0,113.0,54.459758,-114.636192,Private Land,Agriculture Industry,"159,76"
2024,PWF024,2024-04-24 18:45:00,4.0,115.0,56.613933,-117.344033,Private Land,Agriculture Industry,"157,86"
2024,SWF079,2024-07-10 12:04:00,7.0,192.0,55.583817,-114.18565,Provincial Land,Lightning,"162,80"
2024,SWF082,2024-07-10 13:20:00,7.0,192.0,55.890183,-115.748733,Provincial Land,Lightning,"159,82"
2024,EWF066,2024-06-30 18:52:00,6.0,182.0,53.76305,-115.396,Private Land,Lightning,"157,74"
2024,SWF120,2024-07-10 23:38:00,7.0,192.0,57.089567,-113.988133,Provincial Land,Lightning,"164,85"
2024,GWF043,2024-07-14 21:00:00,7.0,196.0,55.592083,-118.772733,Private Land,Resident,"153,83"
2024,MWF081,2024-07-14 02:35:00,7.0,196.0,58.9314,-110.620483,Provincial Land,Lightning,"172,89"
2023,EWF033,2023-05-04 19:00:00,5.0,124.0,53.922883,-119.13195,Provincial Land,Lightning,"150,78"
2023,SWF116,2023-07-05 16:04:00,7.0,186.0,57.1762,-113.801217,Provincial Land,Lightning,"164,85"
2024,GWF022,2024-04-25 08:00:00,4.0,116.0,54.872367,-119.134367,Provincial Land,Power Line Industry,"151,81"
2024,WWF016,2024-04-25 17:00:00,4.0,116.0,54.334152,-114.800552,Private Land,Undetermined,"159,76"
2024,WWF010,2024-04-15 16:00:00,4.0,106.0,54.230618,-115.289772,Provincial Land,Incendiary,"158,76"
2024,EWF033,2024-05-12 16:50:00,5.0,133.0,53.139117,-115.370333,Provincial Land,Power Line Industry,"156,72"
2024,CWF018,2024-05-20 08:00:00,5.0,141.0,51.266,-114.967,Provincial Land,Recreation,"155,66"
2023,GWF060,2023-08-18 17:26:00,8.0,230.0,54.9659,-119.10245,Private Land,Resident,"151,82"
2023,GWF074,2023-10-10 16:15:00,10.0,283.0,55.50145,-118.56525,Provincial Land,Recreation,"153,83"
2024,LWF048,2024-04-22 12:35:00,4.0,113.0,55.273833,-113.236633,Private Land,Resident,"163,78"
2024,PWF025,2024-04-26 07:00:00,4.0,117.0,56.613562,-117.330597,Private Land,Agriculture Industry,"157,86"
2024,EWF031,2024-05-09 08:50:00,5.0,130.0,53.4326,-117.571917,Private Land,Power Line Industry,"152,75"
2024,LWF076,2024-05-09 17:50:00,5.0,130.0,55.262217,-113.2202,Indian Reservation,Resident,"163,78"
2024,HWF035,2024-05-10 15:00:00,5.0,131.0,58.314,-116.28895,Provincial Land,Undetermined,"161,91"
2024,CWF019,2024-05-20 08:00:00,5.0,141.0,51.278,-115.066,Provincial Land,Recreation,"154,66"
2024,CWF020,2024-05-20 08:00:00,5.0,141.0,51.5376,-115.183167,Provincial Land,Recreation,"154,67"
2024,CWF021,2024-05-20 08:00:00,5.0,141.0,50.85245,-114.61825,Provincial Land,Recreation,"155,64"
2024,PWF035,2024-05-19 20:00:00,5.0,140.0,56.316217,-119.142917,Private Land,Recreation,"153,86"
2024,CWF027,2024-05-20 12:00:00,5.0,141.0,49.6722,-114.5923,Provincial Park,Recreation,"153,60"
2023,HWF023,2023-04-30 14:45:00,4.0,120.0,58.46705,-114.540933,Indian Reservation,Incendiary,"165,90"
2023,HWF024,2023-04-30 16:40:00,4.0,120.0,58.169187,-116.601681,Provincial Land,Recreation,"161,90"
2023,CWF003,2023-05-01 12:00:00,5.0,121.0,51.222133,-114.849633,Private Land,Resident,"155,65"
2023,EWF034,2023-05-10 16:42:00,5.0,130.0,53.630333,-115.83625,Provincial Land,Lightning,"156,74"
2023,EWF038,2020-11-01 10:00:00,11.0,306.0,53.6919,-116.0813,Private Land,Under Investigation,"155,75"
2023,HWF049,2023-05-12 19:45:00,5.0,132.0,58.710783,-118.641483,Indian Reservation,Incendiary,"158,94"
2023,SWF085,2023-05-16 19:28:00,5.0,136.0,55.225233,-114.2428,Provincial Land,Under Investigation,"161,79"
2023,SWF086,2023-05-16 19:30:00,5.0,136.0,55.179817,-114.115967,Provincial Land,Under Investigation,"161,78"
2023,SWF091,2023-06-04 16:40:00,6.0,155.0,54.881173,-116.692059,Provincial Land,Lightning,"156,79"
2023,SWF092,2023-06-04 19:30:00,6.0,155.0,55.94835,-113.920433,Indian Reservation,Resident,"163,81"
2023,WWF053,2023-07-28 13:00:00,7.0,209.0,54.10323,-115.68544,Private Land,Incendiary,"157,76"
2023,CWF087,2023-11-10 10:00:00,11.0,314.0,49.877883,-114.3238,Provincial Land,Recreation,"154,60"
2023,SWF142,2023-10-11 23:00:00,10.0,284.0,56.6777,-114.57965,Provincial Land,Resident,"162,84"
2024,HWF010,2024-04-19 15:30:00,4.0,110.0,58.076623,-116.71795,Provincial Land,Recreation,"160,90"
2024,EWF021,2024-04-26 00:50:00,4.0,117.0,53.507383,-117.3103,Provincial Land,Other Industry,"153,75"
2024,EWF074,2024-07-18 17:50:00,7.0,200.0,53.811257,-117.01634,Provincial Land,Lightning,"154,76"
2024,RWF055,2024-07-18 19:15:00,7.0,200.0,52.713017,-115.999983,Provincial Land,Lightning,"154,71"
2024,RWF057,2024-07-19 15:15:00,7.0,201.0,52.719833,-116.119983,Provincial Land,Lightning,"154,71"
2024,EWF076,2024-07-19 15:48:00,7.0,201.0,53.183133,-117.735033,Provincial Land,Lightning,"151,74"
2024,EWF075,2024-07-15 20:11:00,7.0,197.0,53.260017,-116.598883,Provincial Land,Lightning,"154,74"
2024,HWF055,2024-06-28 11:30:00,6.0,180.0,58.122167,-115.695667,Provincial Land,Undetermined,"162,89"
2024,EWF077,2024-07-15 20:11:00,7.0,197.0,53.260633,-116.6002,Provincial Land,Lightning,"154,74"
2023,PWF007,2023-04-15 19:25:00,4.0,105.0,56.47092,-116.39315,Indian Reservation,Resident,"159,84"
2023,PWF008,2023-01-01 12:00:00,1.0,1.0,56.474883,-117.294717,Private Land,Resident,"157,85"
2023,LWF066,2023-04-28 15:30:00,4.0,118.0,55.929367,-110.72325,Indian Reservation,Resident,"169,79"
2023,LWF081,2023-05-02 11:40:00,5.0,122.0,55.917083,-110.73375,Indian Reservation,Incendiary,"169,79"
2023,EWF044,2023-05-05 20:15:00,5.0,125.0,53.507383,-117.31625,Provincial Land,Resident,"153,75"
2023,PWF054,2023-06-05 00:01:00,6.0,156.0,56.422097,-119.968367,Provincial Land,Undetermined,"152,87"
2023,PWF055,2023-06-05 12:00:00,6.0,156.0,56.423017,-119.961683,Provincial Land,Undetermined,"152,87"
2023,HWF122,2023-07-07 17:50:00,7.0,188.0,59.599667,-117.394533,Provincial Land,Oil & Gas Industry,"161,96"
2023,PWF111,2023-07-19 16:30:00,7.0,200.0,56.367183,-117.076172,Private Land,Resident,"157,85"
2023,HWF103,2023-07-03 13:00:00,7.0,184.0,58.6355,-115.933833,Provincial Land,Lightning,"162,91"
2023,EWF074,2023-07-13 14:40:00,7.0,194.0,53.107667,-116.6098,Provincial Land,Lightning,"154,73"
2023,HWF114,2023-07-02 20:00:00,7.0,183.0,58.890162,-117.008347,Provincial Land,Lightning,"161,93"
2023,RWF077,2023-09-28 17:23:00,9.0,271.0,52.223417,-114.97605,Private Land,Resident,"156,69"
2024,CWF028,2024-05-20 12:00:00,5.0,141.0,51.297,-115.154,Provincial Land,Recreation,"154,66"
2024,CWF029,2024-05-20 12:00:00,5.0,141.0,49.677183,-114.592575,Provincial Land,Recreation,"153,60"
2024,CWF030,2024-05-20 12:00:00,5.0,141.0,51.289,-115.145,Provincial Land,Recreation,"154,66"
2024,CWF031,2024-05-20 12:00:00,5.0,141.0,49.69474,-114.605057,Provincial Land,Recreation,"153,60"
2024,SWF043,2024-05-19 17:00:00,5.0,140.0,57.253817,-114.927017,Provincial Land,Power Line Industry,"162,86"
2024,PWF037,2024-05-26 15:00:00,5.0,147.0,57.010752,-118.34991,Provincial Land,Lightning,"156,88"
2024,CWF026,2024-05-20 12:00:00,5.0,141.0,49.904885,-114.389732,Provincial Land,Recreation,"154,60"
2024,EWF037,2024-05-29 03:00:00,5.0,150.0,53.5343,-116.069083,Provincial Land,Incendiary,"155,74"
2024,EWF039,2024-05-30 16:30:00,5.0,151.0,53.680167,-116.924033,Provincial Land,Power Line Industry,"154,75"
2023,SWF004,2023-04-16 11:45:00,4.0,106.0,55.296002,-116.664045,Private Land,Agriculture Industry,"156,81"
2023,SWF005,2023-04-16 14:25:00,4.0,106.0,55.600217,-116.684867,Private Land,Resident,"157,82"
2023,SWF007,2023-04-16 15:00:00,4.0,106.0,55.584783,-116.513983,Private Land,Resident,"157,81"
2023,SWF006,2022-11-15 12:00:00,11.0,319.0,55.672667,-116.405117,Private Land,Resident,"157,82"
2023,SWF008,2023-04-08 13:00:00,4.0,98.0,55.4128,-116.728917,Private Land,Resident,"157,81"
2023,RWF010,2023-04-27 12:34:00,4.0,117.0,52.540333,-115.938633,Provincial Land,Power Line Industry,"154,71"
2023,SWF037,2023-04-28 12:55:00,4.0,118.0,54.793518,-115.51682,Provincial Land,Oil & Gas Industry,"158,78"
2023,SWF038,2023-01-05 12:00:00,1.0,5.0,55.624083,-116.333033,Provincial Land,Resident,"158,81"
2023,SWF039,2023-04-27 20:00:00,4.0,117.0,55.105333,-116.080167,Private Land,Resident,"157,80"
2023,SWF044,2023-04-27 18:57:00,4.0,117.0,55.32795,-115.433217,Indian Reservation,Government,"159,80"
2023,SWF040,2023-04-26 22:00:00,4.0,116.0,55.937752,-113.77819,Indian Reservation,Undetermined,"163,81"
2023,SWF041,2023-04-27 01:35:00,4.0,117.0,55.939723,-113.778297,Indian Reservation,Undetermined,"163,81"
2023,SWF045,2023-04-27 01:50:00,4.0,117.0,55.942517,-113.77967,Indian Reservation,Undetermined,"163,81"
2023,LWF067,2023-04-28 17:40:00,4.0,118.0,55.92795,-110.72255,Indian Reservation,Incendiary,"169,79"
2023,CWF006,2023-05-11 17:00:00,5.0,131.0,50.900952,-114.688027,Provincial Land,Recreation,"155,64"
2023,PWF108,2023-07-17 01:42:00,7.0,198.0,56.4483,-118.494567,Provincial Land,Lightning,"155,86"
2023,PWF109,2023-07-17 12:00:00,7.0,198.0,56.512833,-119.999617,Provincial Land,Lightning,"152,87"
2023,PWF110,2023-07-18 11:00:00,7.0,199.0,56.538,-119.854667,Provincial Land,Lightning,"152,87"
2023,RWF068,2023-07-20 16:40:00,7.0,201.0,51.687867,-115.217783,Provincial Land,Lightning,"155,67"
2023,HWF150,2023-08-22 11:22:00,8.0,234.0,58.2488,-119.200833,Provincial Land,Lightning,"156,92"
2023,MWF063,2023-11-04 14:30:00,11.0,308.0,57.074233,-111.911083,Provincial Land,Recreation,"168,83"
2023,MWF064,2023-11-04 14:30:00,11.0,308.0,57.074533,-111.904033,Provincial Land,Recreation,"168,83"
2023,MWF065,2023-11-04 14:30:00,11.0,308.0,57.089483,-111.904367,Provincial Land,Recreation,"168,83"
2024,LWF059,2024-04-24 18:45:00,4.0,115.0,55.917533,-110.733367,Indian Reservation,Incendiary,"169,79"
2023,HWF011,2023-04-20 13:30:00,4.0,110.0,58.716,-118.7605,Indian Reservation,Incendiary,"158,94"
2023,PWF017,2023-04-25 12:00:00,4.0,115.0,56.562883,-119.08275,Private Land,Resident,"154,87"
2023,PWF019,2023-04-29 17:30:00,4.0,119.0,56.720083,-117.4023,Private Land,Resident,"157,86"
2023,RWF045,2023-05-18 20:20:00,5.0,138.0,52.764367,-114.943917,Provincial Land,Oil & Gas Industry,"157,71"
2023,LWF135,2023-05-28 19:00:00,5.0,148.0,55.102783,-112.49725,Private Land,Resident,"164,77"
2023,LWF136,2023-05-28 19:00:00,5.0,148.0,55.8935,-110.814383,Provincial Land,Resident,"169,79"
2023,LWF172,2023-07-14 18:15:00,7.0,195.0,56.0663,-110.8753,Provincial Land,Power Line Industry,"169,79"
2023,PWF103,2023-07-15 18:50:00,7.0,196.0,57.026,-118.363,Provincial Land,Lightning,"156,88"
2023,HWF143,2023-07-23 03:00:00,7.0,204.0,58.136033,-118.988333,Provincial Land,Lightning,"156,92"
2023,SWF126,2023-07-24 19:58:00,7.0,205.0,55.627475,-116.145772,Provincial Land,Lightning,"158,81"
2023,PWF098,2023-07-11 17:00:00,7.0,192.0,56.939333,-116.87145,Provincial Land,Lightning,"158,86"
2023,SWF133,2023-09-21 14:40:00,9.0,264.0,56.580233,-115.265733,Provincial Land,Power Line Industry,"161,84"
2024,LWF057,2024-04-24 13:15:00,4.0,115.0,56.212083,-110.875733,Provincial Land,Undetermined,"169,80"
2024,LWF058,2024-04-24 18:00:00,4.0,115.0,55.918033,-110.737767,Indian Reservation,Resident,"169,79"
2024,GWF024,2024-04-28 10:00:00,4.0,119.0,55.032167,-117.507833,Provincial Land,Under Investigation,"154,80"
2024,RWF019,2024-05-31 12:50:00,5.0,152.0,53.047033,-115.031883,Provincial Land,Power Line Industry,"157,72"
2024,EWF042,2024-06-05 16:50:00,6.0,157.0,53.66875,-115.988083,Provincial Land,Undetermined,"156,75"
2024,SWF052,2024-06-07 14:35:00,6.0,159.0,54.795928,-115.515512,Provincial Land,Oil & Gas Industry,"158,78"
2024,CWF049,2024-06-12 19:00:00,6.0,164.0,51.073815,-115.336913,Provincial Park,Recreation,"153,65"
2024,EWF048,2024-06-14 19:20:00,6.0,166.0,53.035617,-116.663383,Provincial Land,Lightning,"153,73"
2024,EWF051,2024-06-15 01:00:00,6.0,167.0,53.878373,-116.335857,Provincial Land,Recreation,"155,76"
2024,LWF086,2024-06-19 09:15:00,6.0,171.0,55.924883,-110.691033,Indian Reservation,Incendiary,"169,79"
2023,MWF020,2023-05-24 17:00:00,5.0,144.0,56.4417,-111.177083,Indian Reservation,Incendiary,"168,81"
2023,EWF057,2023-06-04 17:50:00,6.0,155.0,53.303833,-117.01545,Provincial Land,Lightning,"153,74"
2023,EWF066,2023-06-04 18:47:00,6.0,155.0,53.544,-116.551833,Provincial Land,Lightning,"154,75"
2023,SWF096,2023-06-09 13:00:00,6.0,160.0,55.30185,-115.879783,Provincial Land,Power Line Industry,"158,80"
2023,RWF065,2023-07-02 12:00:00,7.0,183.0,51.770417,-115.317633,Provincial Land,Recreation,"154,68"
2023,MWF050,2023-07-05 17:00:00,7.0,186.0,57.117688,-112.978332,Provincial Land,Lightning,"166,84"
2023,HWF121,2023-07-06 13:30:00,7.0,187.0,59.054108,-114.359425,Provincial Land,Lightning,"166,92"
2023,LWF174,2023-07-23 04:00:00,7.0,204.0,54.498475,-111.715311,Provincial Land,Power Line Industry,"165,74"
2023,PWF127,2023-07-30 15:00:00,7.0,211.0,56.531833,-119.3745,Provincial Land,Lightning,"153,87"
2023,GWF069,2023-08-01 20:00:00,8.0,213.0,54.364408,-119.615893,Provincial Land,Lightning,"149,80"
2024,LWF029,2024-04-11 15:12:00,4.0,102.0,55.927,-110.723917,Indian Reservation,Incendiary,"169,79"
2023,PWF114,2023-07-21 18:00:00,7.0,202.0,57.696848,-117.7705,Provincial Land,Lightning,"158,90"
2023,GWF054,2023-07-22 20:15:00,7.0,203.0,54.7665,-119.0535,Provincial Land,Lightning,"151,81"
2023,CWF058,2023-08-07 12:00:00,8.0,219.0,51.550262,-115.204093,Provincial Land,Recreation,"154,67"
2023,CWF061,2023-08-07 12:00:00,8.0,219.0,50.812083,-114.640577,Provincial Land,Recreation,"155,64"
2023,SWF145,2023-10-27 12:00:00,10.0,300.0,55.102168,-116.696647,Provincial Land,Recreation,"156,80"
2024,LWF015,2024-03-22 12:00:00,3.0,82.0,54.52757,-111.82266,Private Land,Agriculture Industry,"165,75"
2024,HWF005,2024-04-10 14:45:00,4.0,101.0,58.540617,-115.1653,Indian Reservation,Incendiary,"164,90"
2024,HWF008,2024-04-17 14:30:00,4.0,108.0,58.514033,-115.148867,Indian Reservation,Resident,"164,90"
2024,RWF021,2024-06-05 21:50:00,6.0,157.0,52.202717,-114.859533,Provincial Land,Power Line Industry,"156,69"
2024,LWF087,2024-06-19 18:20:00,6.0,171.0,54.705933,-111.96685,Private Land,Resident,"165,75"
2024,RWF038,2024-06-26 19:30:00,6.0,178.0,52.201133,-115.819783,Provincial Land,Lightning,"154,69"
2023,RWF008,2023-04-23 17:06:00,4.0,113.0,52.220618,-114.970553,Private Land,Resident,"156,69"
2023,LWF114,2023-05-12 14:20:00,5.0,132.0,55.183666,-111.992151,Provincial Land,Lightning,"165,77"
2023,CWF008,2023-05-14 12:00:00,5.0,134.0,50.866233,-114.752357,Provincial Land,Recreation,"154,64"
2023,CWF009,2023-05-14 12:00:00,5.0,134.0,50.866058,-114.753928,Provincial Land,Recreation,"154,64"
2023,SWF082,2023-05-11 12:37:00,5.0,131.0,55.2473,-115.945717,Provincial Land,Lightning,"158,80"
2023,CWF010,2023-05-14 12:00:00,5.0,134.0,50.866283,-114.752487,Provincial Land,Recreation,"154,64"
2023,CWF011,2023-05-14 12:00:00,5.0,134.0,50.834105,-114.692062,Provincial Land,Recreation,"155,64"
2023,CWF012,2023-05-14 12:00:00,5.0,134.0,50.900952,-114.69146,Provincial Land,Recreation,"155,64"
2023,CWF013,2023-05-14 12:00:00,5.0,134.0,50.834273,-114.691262,Provincial Land,Recreation,"155,64"
2023,LWF128,2023-05-20 16:10:00,5.0,140.0,55.390567,-111.119017,Provincial Land,Oil & Gas Industry,"167,77"
2023,RWF051,2023-05-21 19:15:00,5.0,141.0,52.539633,-116.061217,Provincial Land,Lightning,"154,71"
2023,SWF104,2023-06-21 17:45:00,6.0,172.0,55.373967,-115.199033,Private Land,Resident,"159,80"
2023,LWF170,2023-07-10 18:00:00,7.0,191.0,54.686833,-110.29725,Provincial Land,Lightning,"168,74"
2023,LWF169,2023-07-10 14:26:00,7.0,191.0,55.478133,-110.742967,Provincial Land,Recreation,"168,77"
2023,HWF137,2023-07-23 03:00:00,7.0,204.0,58.338333,-119.843333,Provincial Land,Lightning,"155,93"
2024,SWF054,2024-06-20 13:38:00,6.0,172.0,55.390833,-115.458967,Private Land,Agriculture Industry,"159,80"
2024,RWF034,2024-06-22 15:04:00,6.0,174.0,52.824033,-115.120083,Provincial Land,Lightning,"156,71"
2024,WWF031,2024-06-20 20:05:00,6.0,172.0,54.3985,-117.597167,Provincial Land,Lightning,"153,78"
2024,SWF058,2024-06-23 11:59:00,6.0,175.0,54.958267,-115.075267,Provincial Land,Lightning,"159,78"
2024,HWF045,2024-06-23 19:05:00,6.0,175.0,58.875167,-118.4255,Provincial Land,Lightning,"158,94"
2024,HWF049,2024-06-27 16:15:00,6.0,179.0,59.003583,-119.1099,Provincial Land,Lightning,"157,95"
2024,HWF050,2024-06-24 16:00:00,6.0,176.0,58.65665,-115.862117,Provincial Land,Lightning,"163,91"
2023,HWF057,2023-06-04 18:00:00,6.0,155.0,58.131333,-118.3725,Provincial Land,Lightning,"157,91"
2023,HWF058,2023-06-04 17:50:00,6.0,155.0,58.16715,-118.41965,Provincial Land,Lightning,"157,92"
2023,HWF107,2023-07-04 15:22:00,7.0,185.0,58.760422,-115.944817,Provincial Land,Lightning,"163,92"
2023,PWF129,2023-08-04 14:40:00,8.0,216.0,57.039167,-117.923833,Provincial Land,Lightning,"157,87"
2023,MWF059,2023-09-13 16:49:00,9.0,256.0,56.428117,-111.333,Provincial Land,Power Line Industry,"168,81"
2024,LWF030,2024-04-11 16:25:00,4.0,102.0,55.902333,-110.749867,Provincial Land,Incendiary,"169,79"
2024,LWF054,2024-04-23 13:30:00,4.0,114.0,55.942667,-110.713467,Indian Reservation,Incendiary,"169,79"
2024,HWF022,2024-04-25 05:00:00,4.0,116.0,58.705533,-118.687633,Indian Reservation,Resident,"158,94"
2024,RWF018,2024-05-26 10:00:00,5.0,147.0,52.95084,-115.595015,Provincial Land,Recreation,"155,72"
2024,EWF053,2024-06-20 17:30:00,6.0,172.0,53.918967,-118.713535,Provincial Land,Recreation,"151,78"
2024,EWF038,2024-05-30 17:00:00,5.0,151.0,53.56604,-116.592545,Provincial Land,Power Line Industry,"154,75"
2024,LWF100,2024-07-02 12:00:00,7.0,184.0,56.067375,-110.373883,Provincial Land,Lightning,"170,79"
2024,HWF060,2024-07-01 00:48:00,7.0,183.0,58.632,-117.264667,Provincial Land,Lightning,"160,92"
2023,MWF062,2023-10-22 16:00:00,10.0,295.0,56.759133,-111.59755,Provincial Land,Recreation,"168,82"
2023,LWF189,2023-11-01 00:00:00,11.0,305.0,55.972282,-111.986474,Provincial Land,Recreation,"166,80"
2024,HWF003,2024-03-28 13:30:00,3.0,88.0,58.195283,-116.398083,Provincial Land,Resident,"161,90"
2024,LWF024,2024-04-08 13:30:00,4.0,99.0,55.923833,-110.726717,Indian Reservation,Incendiary,"169,79"
2024,LWF025,2024-02-08 08:00:00,2.0,39.0,54.672467,-111.86495,Indian Reservation,Resident,"165,75"
2024,LWF028,2024-02-11 17:00:00,2.0,42.0,54.697383,-111.781433,Provincial Land,Recreation,"165,75"
2024,RWF008,2024-04-24 16:10:00,4.0,115.0,52.846833,-115.502,Provincial Land,Incendiary,"155,71"
2024,LWF091,2024-06-30 14:15:00,6.0,182.0,56.199333,-110.792,Provincial Land,Undetermined,"169,80"
2024,HWF044,2024-06-23 16:06:00,6.0,175.0,58.86795,-116.5729,Provincial Land,Lightning,"162,93"
2024,SWF123,2024-07-10 17:58:00,7.0,192.0,57.15085,-114.8087,Provincial Land,Lightning,"162,86"
2023,WWF009,2023-01-30 00:00:00,1.0,30.0,54.206717,-116.031342,Provincial Land,Forest Industry,"156,76"
2023,WWF012,2023-04-23 12:30:00,4.0,113.0,54.242417,-115.572827,Provincial Land,Power Line Industry,"157,76"
2023,LWF046,2023-04-24 21:40:00,4.0,114.0,55.933717,-110.724967,Indian Reservation,Incendiary,"169,79"
2023,LWF049,2023-04-26 15:10:00,4.0,116.0,55.928817,-110.666683,Indian Reservation,Incendiary,"169,79"
2023,LWF060,2023-04-27 16:33:00,4.0,117.0,55.92815,-110.77275,Indian Reservation,Incendiary,"169,79"
2023,HWF048,2023-05-11 14:00:00,5.0,131.0,58.177617,-116.20945,Private Land,Resident,"161,90"
2023,MWF030,2023-06-03 00:00:00,6.0,154.0,59.246617,-110.952817,Provincial Land,Lightning,"172,90"
2023,GWF045,2023-06-22 20:59:00,6.0,173.0,55.068967,-117.397917,Provincial Land,Lightning,"155,80"
2023,WWF047,2023-06-26 16:45:00,6.0,177.0,54.070607,-115.594055,Private Land,Resident,"157,76"
2023,HWF100,2023-07-01 15:00:00,7.0,182.0,58.93925,-117.5823,Provincial Land,Lightning,"160,94"
2023,LWF179,2023-08-26 07:30:00,8.0,238.0,55.921717,-110.6968,Indian Reservation,Resident,"169,79"
2024,GWF011,2024-04-01 14:00:00,4.0,92.0,55.461717,-119.858533,Private Land,Resident,"151,84"
2024,EWF007,2024-03-24 08:00:00,3.0,84.0,53.6092,-115.107467,Private Land,Resident,"157,74"
2024,GWF012,2024-03-31 15:00:00,3.0,91.0,55.6288,-119.14875,Provincial Land,Forest Industry,"152,84"
2024,EWF016,2024-04-16 12:53:00,4.0,107.0,53.167305,-115.396186,Provincial Land,Oil & Gas Industry,"156,72"
2024,LWF043,2024-04-20 19:00:00,4.0,111.0,55.921517,-110.733533,Indian Reservation,Incendiary,"169,79"
2024,LWF044,2024-04-20 20:00:00,4.0,111.0,55.931983,-110.726067,Indian Reservation,Incendiary,"169,79"
2023,HWF030,2023-05-02 14:40:00,5.0,122.0,58.435917,-114.553883,Indian Reservation,Undetermined,"165,90"
2023,PWF039,2023-05-08 21:59:00,5.0,128.0,56.387217,-117.246467,Provincial Land,Resident,"157,85"
2023,PWF040,2023-05-09 12:47:00,5.0,129.0,57.948662,-117.496995,Metis Settlement,Resident,"159,90"
2023,HWF079,2023-06-25 15:00:00,6.0,176.0,59.860083,-115.8038,Provincial Land,Lightning,"164,95"
2023,HWF083,2023-06-30 13:45:00,6.0,181.0,57.801371,-114.761348,Provincial Land,Lightning,"163,88"
2023,HWF084,2023-06-30 14:00:00,6.0,181.0,57.78,-114.715333,Provincial Land,Lightning,"163,88"
2023,HWF085,2023-06-30 14:00:00,6.0,181.0,57.777433,-114.689017,Provincial Land,Lightning,"163,88"
2023,LWF188,2023-10-23 23:59:00,10.0,296.0,54.680932,-111.925051,Private Land,Resident,"165,75"
2024,EWF018,2024-04-20 13:30:00,4.0,111.0,53.573916,-116.047924,Private Land,Undetermined,"155,74"
2024,SWF045,2024-05-26 14:41:00,5.0,147.0,56.749983,-113.3735,Provincial Land,Lightning,"165,83"
2024,MWF064,2024-07-08 15:00:00,7.0,190.0,58.78455,-110.709117,Provincial Land,Lightning,"172,89"
2024,MWF067,2024-07-10 02:30:00,7.0,192.0,56.360333,-111.163383,Provincial Land,Lightning,"168,80"
2023,SWF114,2023-06-28 13:45:00,6.0,179.0,55.7101,-115.1528,Provincial Land,Lightning,"160,81"
2023,CWF078,2023-09-24 00:15:00,9.0,267.0,51.155707,-114.859483,Indian Reservation,Incendiary,"155,65"
2024,LWF038,2024-04-20 14:30:00,4.0,111.0,55.929417,-110.72415,Indian Reservation,Incendiary,"169,79"
2024,LWF039,2024-04-20 15:09:00,4.0,111.0,55.91595,-110.734783,Indian Reservation,Resident,"169,79"
2024,LWF040,2024-04-20 15:00:00,4.0,111.0,55.633417,-111.077,Private Land,Resident,"168,78"
2024,LWF041,2024-04-20 17:00:00,4.0,111.0,55.920288,-110.444588,Indian Reservation,Resident,"169,79"
2024,LWF042,2024-04-20 18:00:00,4.0,111.0,55.949483,-110.705167,Indian Reservation,Resident,"169,79"
2024,PWF075,2024-07-13 19:00:00,7.0,195.0,57.75235,-117.329383,Provincial Land,Lightning,"159,89"
2024,RWF056,2024-07-19 14:30:00,7.0,201.0,53.044233,-115.603783,Provincial Land,Forest Industry,"156,72"
2024,EWF078,2024-07-15 20:37:00,7.0,197.0,53.1103,-116.546217,Provincial Land,Lightning,"154,73"
2024,GWF054,2024-07-19 15:47:00,7.0,201.0,54.544167,-118.079167,Provincial Land,Lightning,"153,79"
2023,EWF014,2023-04-26 17:00:00,4.0,116.0,53.157083,-116.952367,Provincial Land,Other Industry,"153,74"
2023,LWF097,2023-05-06 14:50:00,5.0,126.0,54.708003,-111.962875,Provincial Land,Resident,"165,75"
2023,CWF007,2023-05-13 12:00:00,5.0,133.0,50.901237,-114.688637,Provincial Land,Recreation,"155,64"
2023,PWF045,2023-05-14 11:00:00,5.0,134.0,57.626127,-117.442238,Provincial Land,Undetermined,"158,89"
2023,WWF032,2023-05-21 17:24:00,5.0,141.0,54.206458,-117.446883,Provincial Land,Lightning,"153,78"
2023,WWF033,2023-05-21 17:27:00,5.0,141.0,54.211002,-117.430115,Provincial Land,Lightning,"153,78"
2023,HWF066,2023-06-11 14:30:00,6.0,162.0,57.4107,-115.221217,Provincial Land,Lightning,"162,87"
2023,HWF105,2023-07-04 12:02:00,7.0,185.0,58.70225,-115.770283,Provincial Land,Lightning,"163,91"
2023,HWF106,2023-07-04 12:00:00,7.0,185.0,58.699667,-116.15625,Provincial Land,Lightning,"162,92"
2023,LWF165,2023-07-05 14:55:00,7.0,186.0,54.907085,-112.86544,Private Land,Railroad,"163,77"
2023,PWF088,2023-07-05 17:00:00,7.0,186.0,56.579617,-116.873183,Provincial Land,Lightning,"158,85"
2023,PWF089,2023-07-05 18:20:00,7.0,186.0,56.5823,-116.8641,Provincial Land,Lightning,"158,85"
2024,HWF011,2024-04-20 00:50:00,4.0,111.0,58.473533,-117.150117,Private Land,Resident,"160,92"
2023,GWF066,2023-09-17 10:00:00,9.0,260.0,55.6375,-119.839667,Provincial Land,Undetermined,"151,84"
2024,SWF049,2024-05-26 16:02:00,5.0,147.0,55.980398,-114.312275,Provincial Land,Lightning,"162,81"
2024,LWF092,2024-07-01 13:30:00,7.0,183.0,56.219033,-112.583,Provincial Land,Lightning,"165,81"
2024,HWF068,2024-07-01 21:52:00,7.0,183.0,59.7079,-117.1443,Provincial Land,Lightning,"162,96"
2024,HWF071,2024-07-02 10:00:00,7.0,184.0,59.781383,-117.104483,Provincial Land,Lightning,"162,96"
2024,MWF042,2024-07-02 13:25:00,7.0,184.0,57.329833,-111.995,Provincial Land,Lightning,"168,84"
2024,MWF043,2024-07-02 13:23:00,7.0,184.0,57.567517,-111.822167,Provincial Land,Lightning,"168,85"
2024,MWF044,2024-07-02 15:01:00,7.0,184.0,57.83995,-112.611283,Provincial Land,Lightning,"167,86"
2024,MWF045,2024-07-01 04:15:00,7.0,183.0,57.844383,-112.644417,Provincial Land,Lightning,"167,86"
2023,MWF006,2023-03-02 09:00:00,3.0,61.0,56.479933,-111.19815,Provincial Land,Government,"168,81"
2023,GWF042,2023-06-12 17:00:00,6.0,163.0,55.800017,-119.3447,Provincial Land,Oil & Gas Industry,"152,85"
2023,GWF051,2023-07-10 22:13:00,7.0,191.0,55.741167,-119.209,Provincial Land,Lightning,"152,84"
2023,SWF131,2023-08-06 15:32:00,8.0,218.0,56.70465,-115.412183,Provincial Land,Lightning,"161,84"
2023,HWF156,2023-09-14 19:00:00,9.0,257.0,58.252417,-118.09445,Provincial Land,Lightning,"158,92"
2024,GWF035,2024-07-05 11:20:00,7.0,187.0,55.761933,-119.5312,Provincial Land,Power Line Industry,"152,85"
2024,MWF066,2024-07-10 17:16:00,7.0,192.0,56.318333,-112.095,Provincial Land,Lightning,"167,81"
2024,MWF069,2024-07-10 17:09:00,7.0,192.0,56.301,-112.124667,Provincial Land,Lightning,"166,81"
2024,MWF070,2024-07-10 17:26:00,7.0,192.0,56.347833,-112.038667,Provincial Land,Lightning,"167,81"
2024,MWF071,2024-07-10 17:31:00,7.0,192.0,56.373667,-112.009833,Provincial Land,Lightning,"167,81"
2024,MWF072,2024-07-10 17:21:00,7.0,192.0,56.2655,-112.0415,Provincial Land,Lightning,"167,81"
2024,MWF073,2024-07-10 17:42:00,7.0,192.0,56.336667,-111.961167,Provincial Land,Lightning,"167,81"
2023,SWF118,2023-07-11 18:31:00,7.0,192.0,56.683817,-115.025717,Provincial Land,Lightning,"161,84"
2023,SWF119,2023-07-11 18:23:00,7.0,192.0,56.6756,-115.142617,Provincial Land,Lightning,"161,84"
2023,SWF120,2023-07-11 21:32:00,7.0,192.0,56.970333,-115.156333,Provincial Land,Lightning,"162,85"
2023,CWF081,2023-10-01 15:00:00,10.0,274.0,50.901367,-114.68885,Provincial Park,Recreation,"155,64"
2023,HWF163,2023-10-10 15:40:00,10.0,283.0,58.46375,-114.415583,Indian Reservation,Incendiary,"165,90"
2023,HWF164,2023-10-10 15:45:00,10.0,283.0,58.454483,-114.429783,Indian Reservation,Incendiary,"165,90"
2023,HWF165,2023-10-10 15:45:00,10.0,283.0,58.477517,-114.356717,Indian Reservation,Incendiary,"165,90"
2023,HWF166,2023-10-10 15:40:00,10.0,283.0,58.4663,-114.4103,Indian Reservation,Incendiary,"165,90"
2023,HWF167,2023-10-10 15:40:00,10.0,283.0,58.457933,-114.41005,Indian Reservation,Incendiary,"165,90"
2023,WWF059,2023-11-12 20:00:00,11.0,316.0,54.157863,-115.8517,Provincial Land,Incendiary,"157,76"
2024,LWF014,2024-01-01 09:00:00,1.0,1.0,55.169918,-112.493797,Private Land,Agriculture Industry,"164,77"
2024,MWF024,2024-05-15 12:05:00,5.0,136.0,56.8072,-111.44205,Provincial Land,Incendiary,"168,82"
2024,HWF112,2024-07-02 16:00:00,7.0,184.0,58.562617,-117.743867,Provincial Land,Lightning,"159,92"
2024,EWF067,2024-07-15 19:18:00,7.0,197.0,53.315283,-117.184533,Provincial Land,Lightning,"153,74"
2024,EWF068,2024-07-15 17:32:00,7.0,197.0,53.030217,-116.894133,Provincial Land,Lightning,"153,73"
2023,LWF033,2023-04-22 13:00:00,4.0,112.0,54.655783,-111.8931,Indian Reservation,Resident,"165,75"
2023,LWF034,2023-04-22 10:50:00,4.0,112.0,55.918117,-110.735433,Indian Reservation,Incendiary,"169,79"
2023,LWF080,2023-05-01 20:30:00,5.0,121.0,54.67745,-111.894667,Indian Reservation,Recreation,"165,75"
2023,LWF082,2023-05-02 14:30:00,5.0,122.0,55.184,-112.388,Private Land,Resident,"165,77"
2023,HWF031,2023-05-02 18:05:00,5.0,122.0,58.465117,-114.542967,Indian Reservation,Incendiary,"165,90"
2023,HWF033,2023-05-02 19:45:00,5.0,122.0,58.5098,-115.14925,Indian Reservation,Incendiary,"164,90"
2023,RWF040,2023-05-05 13:59:00,5.0,125.0,52.808677,-116.203747,Provincial Land,Oil & Gas Industry,"154,72"
2023,LWF101,2023-05-08 15:50:00,5.0,128.0,55.199177,-112.570113,Provincial Land,Power Line Industry,"164,77"
2023,LWF126,2023-05-18 23:00:00,5.0,138.0,55.19955,-112.570567,Provincial Land,Incendiary,"164,77"
2023,GWF037,2023-06-03 18:58:00,6.0,154.0,55.670333,-119.4135,Provincial Land,Lightning,"152,84"
2024,LWF013,2024-03-15 13:00:00,3.0,75.0,54.598885,-111.115888,Provincial Land,Forest Industry,"167,74"
2024,GWF030,2024-05-12 15:00:00,5.0,133.0,54.807633,-119.071133,Provincial Land,Power Line Industry,"151,81"
2024,RWF036,2024-06-23 18:00:00,6.0,175.0,52.613143,-116.318609,Provincial Land,Recreation,"153,71"
2024,HWF104,2024-07-01 19:00:00,7.0,183.0,59.677533,-118.579667,Provincial Land,Lightning,"159,97"
2024,SWF071,2024-07-05 16:11:00,7.0,187.0,56.662673,-113.630572,Provincial Land,Lightning,"164,83"
2024,SWF072,2024-07-05 16:49:00,7.0,187.0,56.517717,-113.04725,Provincial Land,Lightning,"165,82"
2024,SWF073,2024-07-05 19:26:00,7.0,187.0,56.3388,-113.385683,Provincial Land,Lightning,"164,82"
2024,SWF074,2024-07-05 16:17:00,7.0,187.0,56.553883,-113.344833,Provincial Land,Lightning,"164,83"
2024,GWF037,2024-07-07 18:00:00,7.0,189.0,55.348167,-118.194117,Private Land,Agriculture Industry,"154,82"
2024,GWF038,2024-07-09 16:00:00,7.0,191.0,54.557633,-117.378117,Provincial Land,Lightning,"154,79"
2024,GWF039,2024-07-09 16:30:00,7.0,191.0,55.385002,-118.205738,Provincial Land,Agriculture Industry,"154,82"
2023,GWF006,2022-11-15 14:00:00,11.0,319.0,55.09565,-116.933533,Private Land,Resident,"156,80"
2023,EWF020,2023-04-30 12:30:00,4.0,120.0,53.164083,-116.9845,Private Land,Railroad,"153,74"
2023,LWF099,2023-05-07 15:00:00,5.0,127.0,54.585967,-113.791683,Private Land,Resident,"161,76"
2023,LWF100,2023-05-07 16:50:00,5.0,127.0,55.070312,-111.995667,Provincial Land,Recreation,"165,77"
2023,HWF059,2023-06-06 05:30:00,6.0,157.0,58.159133,-116.266533,Provincial Land,Power Line Industry,"161,90"
2023,SWF106,2023-06-24 12:56:00,6.0,175.0,57.263067,-114.8438,Provincial Land,Lightning,"163,86"
2023,SWF105,2023-06-24 12:56:00,6.0,175.0,57.26155,-114.853983,Provincial Land,Lightning,"163,86"
2023,SWF107,2023-06-24 13:02:00,6.0,175.0,57.26675,-114.79555,Provincial Land,Lightning,"163,86"
2023,SWF108,2023-06-24 13:00:00,6.0,175.0,57.248967,-114.772683,Provincial Land,Lightning,"163,86"
2023,SWF109,2023-06-24 13:30:00,6.0,175.0,57.16275,-115.320567,Provincial Land,Lightning,"162,86"
2023,SWF123,2023-07-24 11:30:00,7.0,205.0,55.433945,-116.616967,Provincial Land,Power Line Industry,"157,81"
2023,SWF129,2023-08-05 19:00:00,8.0,217.0,55.266833,-114.59705,Provincial Land,Power Line Industry,"160,79"
2023,SWF130,2023-08-05 19:00:00,8.0,217.0,55.265967,-114.5913,Provincial Land,Power Line Industry,"160,79"
2024,EWF003,2024-02-03 20:00:00,2.0,34.0,53.747452,-116.344437,Provincial Land,Incendiary,"155,75"
2024,LWF009,2024-03-13 14:00:00,3.0,73.0,55.95495,-110.7188,Indian Reservation,Resident,"169,79"
2023,HWF082,2023-06-28 20:15:00,6.0,179.0,58.59945,-118.787467,Provincial Land,Power Line Industry,"157,93"
2023,SWF122,2023-07-14 09:00:00,7.0,195.0,55.906303,-115.139643,Provincial Land,Power Line Industry,"160,82"
2023,PWF112,2023-07-20 23:00:00,7.0,201.0,58.00024,-118.770648,Provincial Land,Lightning,"156,91"
2023,GWF067,2023-09-19 06:30:00,9.0,262.0,55.074333,-118.788633,Provincial Land,Recreation,"152,82"
2023,GWF068,2023-09-18 17:30:00,9.0,261.0,55.171033,-117.249283,Provincial Land,Power Line Industry,"155,81"
2023,SWF139,2023-10-02 20:50:00,10.0,275.0,55.552333,-116.5575,Provincial Land,Lightning,"157,81"
2024,MWF029,2024-06-23 18:02:00,6.0,175.0,58.771133,-111.063167,Provincial Land,Lightning,"171,89"
2024,EWF070,2024-07-16 22:00:00,7.0,198.0,53.470083,-117.794967,Provincial Park,Undetermined,"152,75"
2024,EWF072,2024-07-15 19:00:00,7.0,197.0,53.8879,-117.118233,Provincial Land,Lightning,"154,76"
2024,CWF055,2024-07-17 12:00:00,7.0,199.0,49.666883,-114.537788,Provincial Land,Recreation,"153,60"
2024,SWF132,2024-07-20 16:30:00,7.0,202.0,54.872117,-116.745533,Provincial Land,Lightning,"156,79"
2024,GWF055,2024-07-19 15:40:00,7.0,201.0,54.456917,-118.641133,Provincial Land,Lightning,"151,79"
2023,LWF054,2023-04-26 19:10:00,4.0,116.0,55.935533,-110.721917,Indian Reservation,Incendiary,"169,79"
2023,LWF055,2023-04-26 19:15:00,4.0,116.0,55.9354,-110.722317,Indian Reservation,Incendiary,"169,79"
2023,RWF041,2023-05-05 17:33:00,5.0,125.0,53.126917,-115.349333,Private Land,Power Line Industry,"156,72"
2023,LWF095,2023-05-05 23:15:00,5.0,125.0,55.20825,-112.4681,Private Land,Undetermined,"165,77"
2023,HWF053,2023-05-29 14:00:00,5.0,149.0,58.3365,-115.899417,Private Land,Incendiary,"162,90"
2023,MWF028,2023-05-31 11:48:00,5.0,151.0,57.084667,-112.474283,Provincial Land,Lightning,"167,84"
2023,MWF029,2023-06-01 19:00:00,6.0,152.0,56.428333,-111.33045,Provincial Land,Power Line Industry,"168,81"
2023,LWF154,2023-06-17 15:41:00,6.0,168.0,54.998617,-111.7593,Provincial Land,Lightning,"166,76"
2023,LWF157,2023-06-22 08:15:00,6.0,173.0,55.923017,-110.7104,Indian Reservation,Resident,"169,79"
2023,LWF156,2023-06-21 14:10:00,6.0,172.0,54.698082,-111.834473,Indian Reservation,Resident,"165,75"
2023,HWF113,2023-07-04 21:30:00,7.0,185.0,58.693833,-117.386167,Provincial Land,Resident,"160,93"
2023,HWF115,2023-07-05 17:30:00,7.0,186.0,58.695,-116.148133,Provincial Land,Lightning,"162,92"
2023,PWF073,2023-06-27 14:00:00,6.0,178.0,58.03945,-117.719033,Provincial Land,Lightning,"158,91"
2023,MWF031,2023-06-01 22:40:00,6.0,152.0,59.919417,-111.491302,Provincial Land,Lightning,"172,93"
2024,HWF040,2024-05-09 14:15:00,5.0,130.0,58.710883,-118.68745,Indian Reservation,Recreation,"158,94"
2024,HWF042,2024-05-28 11:59:00,5.0,149.0,58.71,-118.69395,Indian Reservation,Resident,"158,94"
2024,MWF048,2024-07-02 18:21:00,7.0,184.0,57.406467,-110.810767,Provincial Land,Lightning,"170,84"
2024,MWF051,2024-07-02 18:00:00,7.0,184.0,57.4475,-111.098467,Provincial Land,Lightning,"170,84"
2024,MWF052,2024-07-02 18:04:00,7.0,184.0,57.367848,-110.976882,Provincial Land,Lightning,"170,84"
2024,MWF055,2024-07-02 19:40:00,7.0,184.0,57.304517,-110.754583,Provincial Land,Lightning,"170,83"
2024,SWF077,2024-07-10 11:25:00,7.0,192.0,55.498383,-114.6491,Provincial Land,Lightning,"161,80"
2024,SWF078,2024-07-10 11:26:00,7.0,192.0,55.488567,-114.632767,Provincial Land,Lightning,"161,80"
2024,SWF080,2024-07-10 13:10:00,7.0,192.0,55.8327,-115.825417,Provincial Land,Lightning,"159,82"
2024,GWF040,2024-07-09 20:00:00,7.0,191.0,55.575468,-119.030777,Provincial Land,Recreation,"152,84"
2023,RWF024,2023-05-03 16:50:00,5.0,123.0,51.704345,-115.214502,Provincial Land,Lightning,"155,67"
2023,RWF028,2023-05-03 18:08:00,5.0,123.0,52.883533,-116.036367,Provincial Land,Lightning,"154,72"
2023,PWF138,2023-09-21 11:00:00,9.0,264.0,56.261783,-116.386283,Provincial Land,Recreation,"158,84"
2023,HWF052,2023-05-21 19:06:00,5.0,141.0,59.487833,-117.181333,Provincial Land,Lightning,"161,95"
2024,LWF005,2024-01-01 09:00:00,1.0,1.0,55.204567,-113.746167,Private Land,Agriculture Industry,"162,78"
2024,LWF006,2024-02-25 15:00:00,2.0,56.0,54.548833,-111.867533,Private Land,Agriculture Industry,"165,75"
2024,EWF030,2024-05-08 19:30:00,5.0,129.0,53.8943,-117.335883,Provincial Land,Oil & Gas Industry,"153,76"
2024,CWF039,2024-06-01 12:07:00,6.0,153.0,49.8401,-114.414185,Provincial Land,Recreation,"154,60"
2024,RWF033,2024-06-21 13:40:00,6.0,173.0,52.012833,-115.128833,Provincial Land,Lightning,"155,68"
2024,RWF035,2024-06-22 17:25:00,6.0,174.0,52.167617,-115.19625,Provincial Land,Lightning,"155,69"
2024,HWF021,2024-04-24 15:45:00,4.0,115.0,57.678967,-114.095367,Provincial Land,Lightning,"164,87"
2023,HWF140,2023-07-23 03:00:00,7.0,204.0,58.135333,-119.859333,Provincial Land,Lightning,"155,93"
2024,PWF006,2024-02-28 11:00:00,2.0,59.0,56.8608,-117.6718,Private Land,Agriculture Industry,"157,87"
2024,EWF014,2024-02-28 15:00:00,2.0,59.0,53.800917,-116.058617,Private Land,Agriculture Industry,"156,75"
2024,WWF018,2024-04-27 15:00:00,4.0,118.0,54.53582,-114.350052,Provincial Land,Recreation,"160,76"
2024,RWF029,2024-06-21 13:50:00,6.0,173.0,51.916117,-115.0709,Provincial Land,Lightning,"155,68"
2024,RWF030,2024-06-21 16:03:00,6.0,173.0,52.099633,-114.998883,Provincial Land,Lightning,"156,68"
2024,RWF031,2024-06-21 19:50:00,6.0,173.0,52.375133,-115.542367,Provincial Land,Lightning,"155,70"
2024,RWF032,2024-06-21 18:04:00,6.0,173.0,52.35545,-115.492083,Provincial Land,Lightning,"155,70"
2024,PWF084,2024-02-01 12:00:00,2.0,32.0,57.730017,-117.696567,Private Land,Agriculture Industry,"158,90"
2023,SWF053,2023-01-15 12:00:00,1.0,15.0,55.093,-115.974833,Provincial Land,Undetermined,"158,79"
2023,PWF044,2023-05-12 20:00:00,5.0,132.0,56.49975,-116.646033,Indian Reservation,Undetermined,"158,85"
2023,PWF051,2023-06-05 12:15:00,6.0,156.0,56.437533,-119.181033,Provincial Land,Lightning,"153,86"
2023,CWF024,2023-06-30 12:00:00,6.0,181.0,51.27095,-115.001256,Provincial Land,Recreation,"154,66"
2023,PWF102,2023-07-15 19:00:00,7.0,196.0,57.721883,-117.800217,Provincial Land,Lightning,"158,90"
2023,PWF116,2023-07-22 16:15:00,7.0,203.0,56.268237,-118.242198,Private Land,Agriculture Industry,"155,85"
2023,CWF050,2023-08-06 12:00:00,8.0,218.0,50.853017,-114.615167,Provincial Land,Recreation,"155,64"
2023,CWF051,2023-08-06 12:00:00,8.0,218.0,51.615048,-115.147735,Provincial Land,Recreation,"155,67"
2023,CWF052,2023-08-06 12:00:00,8.0,218.0,51.391467,-115.10555,Provincial Land,Recreation,"154,66"
2023,CWF053,2023-08-06 12:00:00,8.0,218.0,51.391767,-115.102433,Provincial Land,Recreation,"154,66"
2023,CWF056,2023-08-06 12:00:00,8.0,218.0,51.269183,-115.020083,Provincial Land,Recreation,"154,66"
2023,CWF057,2023-08-06 12:00:00,8.0,218.0,51.278933,-115.071517,Provincial Land,Recreation,"154,66"
2023,HWF080,2023-06-27 12:00:00,6.0,178.0,58.41335,-118.271183,Provincial Land,Lightning,"158,92"
2024,PWF003,2024-01-01 12:00:00,1.0,1.0,56.143583,-116.848083,Private Land,Agriculture Industry,"157,84"
2024,PWF004,2024-02-21 10:00:00,2.0,52.0,56.112717,-116.882283,Private Land,Agriculture Industry,"157,84"
2024,WWF007,2024-04-11 14:00:00,4.0,102.0,54.131612,-116.169113,Provincial Land,Incendiary,"156,76"
2024,WWF008,2024-01-19 12:00:00,1.0,19.0,54.109493,-116.537238,Provincial Land,Forest Industry,"155,77"
2024,EWF059,2024-06-24 08:40:00,6.0,176.0,53.944033,-116.665,Provincial Land,Power Line Industry,"155,76"
2024,HWF051,2024-06-28 15:30:00,6.0,180.0,58.1879,-116.428717,Provincial Land,Government,"161,90"
2024,SWF081,2024-07-10 13:36:00,7.0,192.0,56.1122,-115.6714,Provincial Land,Lightning,"159,83"
2023,LWF025,2023-04-21 16:15:00,4.0,111.0,55.921833,-110.73485,Indian Reservation,Incendiary,"169,79"
2023,LWF026,2023-04-21 16:15:00,4.0,111.0,55.92265,-110.733433,Indian Reservation,Incendiary,"169,79"
2023,HWF097,2023-07-01 13:30:00,7.0,182.0,58.664,-117.434,Provincial Land,Lightning,"160,92"
2023,CWF036,2023-07-16 20:00:00,7.0,197.0,49.533617,-114.496833,Provincial Land,Lightning,"153,59"
2023,GWF052,2023-07-21 22:06:00,7.0,202.0,55.33405,-117.0003,Provincial Land,Lightning,"156,81"
2023,GWF053,2023-07-21 18:44:00,7.0,202.0,54.475,-118.640667,Provincial Land,Lightning,"151,80"
2023,HWF145,2023-07-23 18:30:00,7.0,204.0,58.941083,-116.932467,Provincial Land,Lightning,"161,93"
2024,LWF060,2024-04-25 20:30:00,4.0,116.0,55.927783,-110.723717,Indian Reservation,Incendiary,"169,79"
2024,LWF061,2024-04-25 23:00:00,4.0,116.0,55.904917,-110.746067,Provincial Land,Incendiary,"169,79"
2024,LWF105,2024-07-03 13:30:00,7.0,185.0,56.095917,-110.429733,Provincial Park,Lightning,"170,79"
2024,HWF121,2024-07-11 11:30:00,7.0,193.0,57.4354,-115.051567,Provincial Land,Lightning,"162,87"
2023,HWF144,2023-07-23 18:00:00,7.0,204.0,58.314967,-115.282367,Provincial Land,Lightning,"163,90"
2024,CWF054,2024-07-14 12:00:00,7.0,196.0,49.832162,-114.46997,Provincial Land,Recreation,"154,60"
2024,RWF049,2024-07-15 11:21:00,7.0,197.0,53.128867,-115.8717,Provincial Land,Lightning,"155,73"
2024,PWF073,2024-07-13 18:00:00,7.0,195.0,56.6479,-119.622783,Provincial Land,Lightning,"153,88"
2024,LWF139,2024-07-16 15:45:00,7.0,198.0,55.835317,-111.175167,Provincial Land,Lightning,"168,79"
2024,LWF142,2024-07-16 15:35:00,7.0,198.0,56.016667,-110.95,Provincial Land,Lightning,"168,79"
2024,LWF144,2024-07-16 15:41:00,7.0,198.0,55.198133,-111.2265,DND,Lightning,"167,76"
2024,LWF151,2024-07-16 17:30:00,7.0,198.0,55.052317,-110.7853,DND,Lightning,"168,76"
2024,WWF038,2024-07-10 13:08:00,7.0,192.0,54.713233,-114.972267,Provincial Land,Lightning,"159,77"
2023,WWF002,2023-02-15 08:00:00,2.0,46.0,54.428527,-114.725355,Private Land,Agriculture Industry,"159,76"
2023,SWF017,2023-04-23 13:15:00,4.0,113.0,55.198693,-116.884142,Private Land,Resident,"156,80"
2023,SWF056,2023-05-03 17:30:00,5.0,123.0,55.1723,-114.170667,Provincial Land,Recreation,"161,78"
2023,RWF036,2023-05-04 18:39:00,5.0,124.0,52.544533,-115.420633,Provincial Land,Lightning,"155,70"
2023,GWF020,2023-05-05 13:00:00,5.0,125.0,55.074133,-117.883083,Private Land,Undetermined,"154,81"
2023,GWF019,2023-05-05 13:40:00,5.0,125.0,54.735667,-119.032783,Provincial Land,Lightning,"151,81"
2023,SWF099,2023-06-11 20:40:00,6.0,162.0,55.389433,-114.791767,Provincial Park,Other Industry,"160,80"
2023,GWF041,2023-06-04 02:00:00,6.0,155.0,55.909305,-119.334747,Provincial Land,Lightning,"152,85"
2023,HWF132,2023-07-14 09:25:00,7.0,195.0,58.100117,-114.992383,Provincial Land,Lightning,"163,89"
2023,RWF074,2023-09-18 10:32:00,9.0,261.0,52.761233,-115.34945,Indian Reservation,Undetermined,"156,71"
2023,RWF075,2023-09-18 16:18:00,9.0,261.0,52.925888,-115.149463,Provincial Land,Undetermined,"156,71"
2023,HWF116,2023-07-06 11:30:00,7.0,187.0,58.558117,-116.66195,Provincial Land,Lightning,"161,92"
2023,RWF071,2023-08-06 22:00:00,8.0,218.0,52.043217,-116.400533,Provincial Land,Lightning,"153,69"
2023,EWF087,2023-11-10 05:30:00,11.0,314.0,53.628617,-116.580583,Provincial Land,Incendiary,"154,75"
2023,LWF191,2023-11-20 14:30:00,11.0,324.0,54.712266,-111.845019,Indian Reservation,Power Line Industry,"165,75"
2024,SWF009,2024-03-16 18:45:00,3.0,76.0,55.2507,-115.33495,Private Land,Resident,"159,79"
2024,WWF017,2024-04-25 15:00:00,4.0,116.0,54.187515,-116.061532,Provincial Land,Undetermined,"156,76"
2024,SWF085,2024-07-10 09:42:00,7.0,192.0,55.236117,-115.68485,Provincial Land,Lightning,"158,80"
2024,SWF087,2024-07-10 11:32:00,7.0,192.0,55.53584,-114.566667,Provincial Land,Lightning,"161,80"
2024,PWF051,2020-07-10 15:00:00,7.0,192.0,57.194533,-118.291852,Provincial Land,Lightning,"156,88"
2024,SWF088,2024-07-10 09:02:00,7.0,192.0,55.132148,-115.788703,Provincial Land,Lightning,"158,79"
2024,PWF052,2024-07-10 16:00:00,7.0,192.0,57.205917,-118.331967,Provincial Land,Lightning,"156,88"
2024,EWF062,2024-07-10 16:00:00,7.0,192.0,53.738033,-116.13625,Provincial Land,Power Line Industry,"155,75"
2024,LWF118,2024-07-10 18:04:00,7.0,192.0,55.789,-111.51605,Provincial Land,Lightning,"167,79"
2024,SWF089,2024-07-10 19:00:00,7.0,192.0,55.370533,-116.81475,Private Land,Resident,"156,81"
2023,SWF063,2023-05-03 23:39:00,5.0,123.0,54.95775,-115.681083,Provincial Land,Lightning,"158,79"
2023,SWF062,2023-05-04 15:38:00,5.0,124.0,56.055483,-115.017883,Provincial Land,Lightning,"161,82"
2023,SWF064,2023-05-03 22:55:00,5.0,123.0,54.896,-116.100217,Provincial Land,Lightning,"157,79"
2023,EWF045,2023-05-06 15:00:00,5.0,126.0,53.656467,-116.570867,Private Land,Agriculture Industry,"154,75"
2023,LWF134,2023-05-28 15:00:00,5.0,148.0,55.022833,-110.641333,Provincial Land,Lightning,"168,75"
2023,MWF027,2023-05-29 02:34:00,5.0,149.0,59.670333,-111.427167,Provincial Land,Lightning,"171,92"
2023,MWF056,2023-07-28 18:00:00,7.0,209.0,57.125,-111.626667,Provincial Land,Power Line Industry,"168,83"
2023,PWF135,2023-09-13 11:10:00,9.0,256.0,57.775783,-118.465733,Provincial Land,Lightning,"157,90"
2023,PWF136,2023-09-14 16:40:00,9.0,257.0,56.423417,-117.6048,Private Land,Undetermined,"156,85"
2023,GWF073,2023-10-09 14:12:00,10.0,282.0,55.554007,-119.373671,Provincial Land,Power Line Industry,"152,84"
2023,WWF052,2023-07-22 22:58:00,7.0,203.0,54.313667,-116.151383,Provincial Land,Lightning,"156,77"
2024,WWF011,2024-04-15 21:15:00,4.0,106.0,54.230785,-115.289573,Provincial Land,Government,"158,76"
2024,SWF059,2024-06-22 12:09:00,6.0,174.0,54.96145,-115.066033,Provincial Land,Lightning,"159,78"
2024,LWF150,2024-07-16 17:00:00,7.0,198.0,55.916083,-110.735667,Indian Reservation,Resident,"169,79"
2024,WWF048,2024-07-19 16:49:00,7.0,201.0,54.059067,-117.480867,Provincial Land,Lightning,"153,77"
2024,RWF050,2024-07-16 13:00:00,7.0,198.0,52.395667,-115.02555,Provincial Land,Recreation,"156,69"
2024,CWF056,2024-07-21 12:00:00,7.0,203.0,51.403382,-115.066902,Provincial Land,Recreation,"154,66"
2024,LWF141,2024-07-16 15:55:00,7.0,198.0,55.867667,-110.920683,Provincial Land,Lightning,"168,79"
2024,EWF081,2024-07-15 20:37:00,7.0,197.0,53.260783,-116.6007,Provincial Land,Lightning,"154,74"
2023,LWF023,2023-04-18 12:40:00,4.0,108.0,55.924567,-110.6912,Indian Reservation,Other Industry,"169,79"
2023,SWF048,2023-04-30 12:50:00,4.0,120.0,55.953217,-113.91905,Indian Reservation,Undetermined,"163,81"
2023,HWF034,2023-05-03 10:30:00,5.0,123.0,58.4676,-114.4811,Indian Reservation,Resident,"165,90"
2023,HWF035,2023-05-03 09:00:00,5.0,123.0,58.236592,-115.799967,Private Land,Resident,"162,90"
2023,GWF016,2023-05-03 12:00:00,5.0,123.0,55.79099,-119.192325,Provincial Land,Resident,"152,84"
2023,SWF073,2023-05-10 12:59:00,5.0,130.0,55.607167,-115.367333,Provincial Land,Lightning,"159,81"
2023,HWF064,2023-06-09 15:25:00,6.0,160.0,59.230787,-118.907882,Provincial Land,Lightning,"158,95"
2023,PWF062,2023-06-22 17:28:00,6.0,173.0,57.21225,-116.876367,Provincial Land,Lightning,"159,87"
2023,GWF044,2023-06-22 17:40:00,6.0,173.0,56.208533,-119.24115,Private Land,Lightning,"153,86"
2023,MWF055,2023-07-23 21:13:00,7.0,204.0,59.287383,-110.89775,Provincial Land,Lightning,"172,90"
2023,HWF154,2023-09-11 17:30:00,9.0,254.0,58.427633,-116.349367,Private Land,Power Line Industry,"161,91"
2023,HWF159,2023-09-14 18:00:00,9.0,257.0,59.684617,-119.684367,Provincial Land,Lightning,"157,98"
2023,HWF160,2023-09-13 18:00:00,9.0,256.0,59.72995,-119.717883,Provincial Land,Lightning,"157,98"
2023,CWF060,2023-08-07 12:00:00,8.0,219.0,50.85375,-114.843372,Provincial Land,Recreation,"154,64"
2023,CWF059,2023-08-07 12:00:00,8.0,219.0,50.971388,-115.332778,Provincial Park,Recreation,"153,65"
2023,CWF062,2023-08-07 22:00:00,8.0,219.0,51.164,-114.785883,Indian Reservation,Resident,"155,65"
2023,CWF063,2023-08-08 12:00:00,8.0,220.0,51.0557,-114.96495,Provincial Land,Lightning,"154,65"
2024,CWF003,2024-02-22 09:00:00,2.0,53.0,51.062667,-115.1533,Private Land,Resident,"154,65"
2024,GWF010,2024-03-30 15:45:00,3.0,90.0,55.474283,-119.999983,Private Land,Resident,"150,84"
2024,WWF027,2024-06-02 15:00:00,6.0,154.0,54.114998,-117.265525,Provincial Land,Oil & Gas Industry,"154,77"
2024,WWF023,2024-05-16 15:00:00,5.0,137.0,54.29456,-115.194512,Provincial Land,Undetermined,"158,76"
2024,CWF042,2024-06-03 08:00:00,6.0,155.0,51.28283,-115.144295,Provincial Land,Recreation,"154,66"
2024,LWF117,2024-07-10 17:00:00,7.0,192.0,55.620033,-112.391867,Provincial Land,Lightning,"165,79"
2024,MWF079,2024-07-10 00:30:00,7.0,192.0,57.14915,-110.083083,Provincial Land,Lightning,"171,83"
2024,PWF076,2024-07-16 18:00:00,7.0,198.0,56.707233,-118.9744,Provincial Land,Lightning,"154,87"
2023,LWF007,2023-04-14 14:30:00,4.0,104.0,55.935117,-110.721983,Indian Reservation,Resident,"169,79"
2023,LWF008,2023-04-14 16:30:00,4.0,104.0,55.92775,-110.723033,Indian Reservation,Incendiary,"169,79"
2023,EWF022,2022-12-01 10:00:00,12.0,335.0,53.657238,-116.157455,Private Land,Resident,"155,75"
2023,EWF023,2023-05-01 16:20:00,5.0,121.0,53.579845,-115.969032,Private Land,Resident,"156,74"
2023,CWF014,2023-05-14 20:00:00,5.0,134.0,51.1689,-114.856867,Indian Reservation,Incendiary,"155,65"
2023,EWF061,2023-05-30 20:22:00,5.0,150.0,53.555667,-115.690833,Provincial Land,Lightning,"156,74"
2023,HWF075,2023-06-23 11:00:00,6.0,174.0,58.67455,-114.320817,Provincial Land,Lightning,"165,90"
2023,MWF046,2023-06-30 20:39:00,6.0,181.0,59.907517,-111.588283,Provincial Land,Lightning,"171,93"
2023,MWF047,2023-06-30 20:37:00,6.0,181.0,59.886433,-111.5578,Provincial Land,Lightning,"172,93"
2023,HWF071,2023-06-21 22:00:00,6.0,172.0,58.197167,-116.337334,Private Land,Resident,"161,90"
2023,HWF101,2023-07-02 14:00:00,7.0,183.0,58.7395,-114.999333,Provincial Land,Lightning,"164,91"
2023,GWF048,2023-07-05 15:08:00,7.0,186.0,54.975917,-117.14205,Provincial Land,Undetermined,"155,80"
2023,HWF138,2023-07-23 03:00:00,7.0,204.0,58.348333,-118.305117,Provincial Land,Lightning,"158,92"
2023,HWF139,2023-07-23 03:00:00,7.0,204.0,58.12,-119.693333,Provincial Land,Lightning,"155,92"
2023,HWF069,2023-06-20 21:00:00,6.0,171.0,58.349783,-115.143633,Provincial Land,Lightning,"163,90"
2023,HWF146,2023-08-06 12:55:00,8.0,218.0,58.5403,-116.492783,Private Land,Agriculture Industry,"161,91"
2023,LWF190,2023-11-23 00:00:00,11.0,327.0,54.596694,-110.732366,Provincial Land,Recreation,"167,74"
2024,WWF003,2024-01-19 12:00:00,1.0,19.0,54.454367,-115.2015,Provincial Land,Forest Industry,"158,77"
2024,SWF021,2024-04-14 13:40:00,4.0,105.0,55.297619,-115.310757,Private Land,Undetermined,"159,80"
2024,LWF052,2024-04-22 21:00:00,4.0,113.0,55.922833,-110.731483,Indian Reservation,Incendiary,"169,79"
2024,RWF007,2024-04-23 15:28:00,4.0,114.0,52.60555,-114.796533,Private Land,Incendiary,"157,70"
2024,PWF023,2024-04-24 11:30:00,4.0,115.0,57.1061,-117.540017,Private Land,Agriculture Industry,"157,87"
2024,CWF050,2024-06-14 10:00:00,6.0,166.0,51.62225,-115.109,Provincial Land,Power Line Industry,"155,67"
2024,MWF065,2024-07-09 15:30:00,7.0,191.0,56.351167,-111.346,Provincial Land,Lightning,"168,81"
2024,SWF121,2024-07-10 15:58:00,7.0,192.0,57.346167,-115.162167,Provincial Land,Lightning,"162,86"
2024,SWF122,2024-07-10 10:34:00,7.0,192.0,57.194267,-114.646183,Provincial Land,Lightning,"163,86"
2023,RWF013,2023-04-29 12:37:00,4.0,119.0,52.720533,-115.2995,Indian Reservation,Resident,"156,71"
2023,EWF049,2023-05-20 21:57:00,5.0,140.0,53.624583,-116.352333,Private Land,Lightning,"155,75"
2023,EWF052,2023-05-28 14:47:00,5.0,148.0,53.4017,-115.162217,Provincial Land,Lightning,"157,73"
2023,EWF053,2023-05-21 17:20:00,5.0,141.0,53.5028,-116.7968,Provincial Land,Lightning,"154,75"
2023,PWF063,2023-06-22 21:00:00,6.0,173.0,57.2651,-118.108633,Provincial Land,Lightning,"157,88"
2023,SWF134,2023-09-22 17:18:00,9.0,265.0,55.82575,-115.2114,Provincial Land,Power Line Industry,"160,81"
2023,CWF082,2023-09-15 00:00:00,9.0,258.0,50.771613,-114.593147,Provincial Land,Lightning,"155,64"
2023,PWF139,2023-10-04 15:45:00,10.0,277.0,56.545883,-119.360333,Provincial Land,Power Line Industry,"153,87"
2023,CWF083,2023-10-07 19:00:00,10.0,280.0,51.304967,-114.984217,Provincial Land,Undetermined,"155,66"
2023,PWF141,2023-04-14 12:00:00,4.0,104.0,56.396072,-118.966138,Private Land,Agriculture Industry,"154,86"
2023,SWF141,2023-10-11 01:50:00,10.0,284.0,55.4123,-113.856667,Provincial Land,Oil & Gas Industry,"162,79"
2023,CWF027,2023-07-03 12:00:00,7.0,184.0,51.476283,-115.131417,Provincial Land,Recreation,"154,66"
2023,CWF028,2023-07-03 12:00:00,7.0,184.0,51.582863,-114.997277,Provincial Land,Recreation,"155,67"
2023,CWF032,2023-07-03 12:00:00,7.0,184.0,51.271,-115.0477,Provincial Land,Recreation,"154,66"
2023,CWF033,2023-07-03 12:00:00,7.0,184.0,51.2792,-115.0057,Provincial Land,Recreation,"154,66"
2023,MWF052,2023-07-20 16:56:00,7.0,201.0,59.28745,-111.354467,Provincial Land,Lightning,"171,91"
2023,MWF053,2023-07-20 16:13:00,7.0,201.0,59.304067,-111.208533,Provincial Land,Lightning,"171,91"
2023,SWF140,2023-10-01 23:00:00,10.0,274.0,55.395467,-115.74645,Indian Reservation,Undetermined,"158,80"
2024,EWF012,2024-04-10 08:00:00,4.0,101.0,53.375702,-116.853423,Provincial Land,Incendiary,"153,74"
2024,HWF016,2024-04-21 13:00:00,4.0,112.0,58.384667,-115.999033,Indian Reservation,Resident,"162,91"
2024,SWF027,2024-04-21 15:10:00,4.0,112.0,55.36715,-115.067917,Provincial Land,Under Investigation,"160,80"
2024,SWF025,2024-04-20 19:50:00,4.0,111.0,55.79711,-116.300413,Metis Settlement,Resident,"158,82"
2024,SWF028,2024-04-21 16:20:00,4.0,112.0,55.402184,-116.217288,Private Land,Resident,"157,81"
2024,LWF049,2024-04-22 12:00:00,4.0,113.0,55.916333,-110.740133,Indian Reservation,Incendiary,"169,79"
2024,SWF055,2024-06-21 18:07:00,6.0,173.0,55.228067,-113.87785,Provincial Land,Undetermined,"162,78"
2024,GWF032,2024-05-27 10:57:00,5.0,148.0,55.077508,-117.429298,Private Land,Agriculture Industry,"155,81"
2024,LWF122,2024-07-11 16:45:00,7.0,193.0,54.891567,-110.6446,Provincial Land,Lightning,"168,75"
2023,PWF012,2023-04-09 12:00:00,4.0,99.0,56.259067,-118.216083,Private Land,Resident,"155,85"
2023,PWF013,2023-04-25 17:45:00,4.0,115.0,56.348967,-117.316133,Private Land,Resident,"157,85"
2023,LWF118,2023-05-14 21:45:00,5.0,134.0,55.926633,-110.72645,Indian Reservation,Incendiary,"169,79"
2023,SWF103,2023-05-22 06:35:00,5.0,142.0,56.803567,-115.08695,Provincial Land,Lightning,"161,85"
2023,HWF141,2023-07-23 03:00:00,7.0,204.0,58.52165,-117.432717,Provincial Land,Lightning,"160,92"
2023,SWF128,2023-07-31 13:34:00,7.0,212.0,57.107733,-115.022333,Provincial Land,Lightning,"162,86"
2023,CWF084,2023-10-07 18:00:00,10.0,280.0,49.701367,-114.46675,Provincial Land,Recreation,"154,60"
2023,PWF149,2023-11-01 00:00:00,11.0,305.0,57.56819,-117.189932,Private Land,Resident,"159,89"
2023,EWF088,2023-11-15 19:00:00,11.0,319.0,53.87046,-119.116973,Provincial Land,Undetermined,"150,78"
2024,SWF015,2024-04-08 10:00:00,4.0,99.0,55.895374,-115.642076,Indian Reservation,Resident,"159,82"
2024,SWF032,2024-04-24 17:05:00,4.0,115.0,56.517277,-115.381725,Indian Reservation,Resident,"161,84"
2023,LWF160,2023-06-28 19:06:00,6.0,179.0,54.833883,-111.41175,Provincial Park,Lightning,"166,75"
2023,HWF133,2023-07-13 14:30:00,7.0,194.0,59.76,-119.913,Provincial Land,Lightning,"157,98"
2023,MWF058,2023-07-30 20:07:00,7.0,211.0,56.833667,-112.327333,Provincial Land,Lightning,"167,83"
2023,CWF069,2023-08-20 10:00:00,8.0,232.0,50.372778,-114.814141,Provincial Land,Recreation,"154,62"
2023,EWF086,2023-11-04 12:00:00,11.0,308.0,53.627817,-116.028333,Provincial Land,Recreation,"155,75"
2024,SWF023,2024-04-19 12:00:00,4.0,110.0,55.410967,-116.225733,Indian Reservation,Undetermined,"157,81"
2024,SWF024,2024-04-20 12:45:00,4.0,111.0,55.358317,-115.884333,Provincial Land,Undetermined,"158,80"
2024,EWF019,2024-04-21 15:00:00,4.0,112.0,53.573667,-116.357,Private Land,Power Line Industry,"155,75"
2024,HWF057,2024-06-29 17:00:00,6.0,181.0,58.35705,-116.0418,Provincial Land,Undetermined,"162,90"
2024,PWF077,2024-07-13 19:00:00,7.0,195.0,57.918567,-117.5027,Provincial Land,Lightning,"159,90"
2024,HWF140,2024-07-16 15:00:00,7.0,198.0,58.646783,-116.207267,Provincial Land,Lightning,"162,92"
2024,SWF126,2023-05-10 09:00:00,5.0,130.0,54.858533,-115.5242,Provincial Land,Lightning,"158,78"
2024,CWF022,2024-05-20 12:00:00,5.0,141.0,50.26345,-114.317093,Provincial Land,Recreation,"155,62"
2024,CWF023,2024-05-20 12:00:00,5.0,141.0,50.262967,-114.317475,Provincial Land,Recreation,"155,62"
2024,CWF024,2024-05-20 12:00:00,5.0,141.0,50.263443,-114.316108,Provincial Land,Recreation,"155,62"
2024,CWF025,2024-05-20 12:00:00,5.0,141.0,51.413833,-115.092317,Provincial Land,Recreation,"154,66"
2024,CWF032,2024-05-20 12:00:00,5.0,141.0,49.66905,-114.5909,Provincial Land,Recreation,"153,60"
2024,CWF033,2024-05-20 16:00:00,5.0,141.0,51.271,-115.01,Provincial Land,Recreation,"154,66"
2024,CWF034,2024-05-20 16:00:00,5.0,141.0,51.278,-115.017,Provincial Land,Recreation,"154,66"
2024,CWF035,2024-05-20 16:00:00,5.0,141.0,51.272,-115.007,Provincial Land,Recreation,"154,66"
2024,LWF081,2024-05-27 08:00:00,5.0,148.0,55.8157,-112.176583,Provincial Land,Power Line Industry,"166,79"
2024,LWF082,2024-05-27 07:00:00,5.0,148.0,55.920018,-110.696597,Indian Reservation,Resident,"169,79"
2024,HWF029,2024-05-05 06:30:00,5.0,126.0,58.517633,-115.1228,Indian Reservation,Resident,"164,90"
2024,HWF043,2024-06-01 12:30:00,6.0,153.0,58.612617,-118.8517,Provincial Land,Oil & Gas Industry,"157,93"
2024,EWF052,2024-06-19 14:37:00,6.0,171.0,53.557722,-116.217865,Provincial Land,Recreation,"155,74"
2024,RWF027,2024-06-20 05:00:00,6.0,172.0,52.864333,-115.803783,Provincial Land,Government,"155,72"
2023,EWF016,2023-01-15 12:00:00,1.0,15.0,53.626195,-115.989925,Private Land,Agriculture Industry,"156,74"
2023,EWF018,2023-04-29 22:10:00,4.0,119.0,53.57055,-116.73695,Provincial Land,Resident,"154,75"
2023,MWF018,2023-05-18 14:15:00,5.0,138.0,56.22435,-111.69815,Provincial Land,Undetermined,"167,80"
2023,PWF133,2023-09-01 18:30:00,9.0,244.0,56.370783,-117.179917,Private Land,Forest Industry,"157,85"
2023,SWF146,2023-11-01 18:00:00,11.0,305.0,56.674083,-114.580833,Provincial Land,Recreation,"162,84"
2024,GWF005,2024-02-01 08:00:00,2.0,32.0,55.325093,-117.311815,Private Land,Resident,"155,81"
2024,PWF018,2024-04-06 12:00:00,4.0,97.0,56.44775,-117.23955,Private Land,Resident,"157,85"
2024,HWF013,2024-04-20 12:00:00,4.0,111.0,57.561817,-115.508783,Provincial Land,Forest Industry,"162,87"
2024,HWF014,2024-04-20 12:00:00,4.0,111.0,57.5435,-115.498783,Provincial Land,Forest Industry,"162,87"
2024,HWF015,2024-04-20 14:49:00,4.0,111.0,58.4802,-114.518967,Indian Reservation,Resident,"165,90"
2024,LWF063,2024-04-26 16:00:00,4.0,117.0,55.926133,-110.724117,Indian Reservation,Incendiary,"169,79"
2024,LWF072,2024-05-05 20:00:00,5.0,126.0,55.9333,-110.72125,Indian Reservation,Incendiary,"169,79"
2023,GWF050,2023-07-11 15:00:00,7.0,192.0,54.67655,-117.096633,Provincial Land,Power Line Industry,"155,79"
2024,EWF035,2024-05-25 15:00:00,5.0,146.0,53.702667,-115.7315,Private Land,Resident,"156,75"
2024,SWF047,2024-05-26 15:51:00,5.0,147.0,57.002467,-115.208367,Provincial Land,Lightning,"162,85"
2024,SWF046,2024-05-26 14:41:00,5.0,147.0,56.747972,-113.359763,Provincial Land,Lightning,"165,83"
2024,PWF036,2024-05-26 16:10:00,5.0,147.0,57.484883,-118.302217,Provincial Land,Lightning,"157,89"
2024,HWF038,2024-05-27 16:10:00,5.0,148.0,58.435917,-114.553883,Indian Reservation,Incendiary,"165,90"
2024,SWF050,2024-05-28 14:30:00,5.0,149.0,55.32,-115.649833,Provincial Land,Power Line Industry,"158,80"
2024,HWF039,2024-05-28 17:30:00,5.0,149.0,58.180717,-116.472383,Provincial Land,Resident,"161,90"
2024,CWF036,2024-05-29 08:00:00,5.0,150.0,51.271108,-115.048805,Provincial Land,Recreation,"154,66"
2024,CWF038,2024-05-29 21:00:00,5.0,150.0,50.802775,-114.657983,Provincial Land,Recreation,"155,64"
2024,PWF038,2024-05-25 17:00:00,5.0,146.0,57.538483,-119.748222,Provincial Land,Lightning,"154,91"
2024,CWF041,2024-06-02 18:50:00,6.0,154.0,50.8108,-114.658917,Provincial Land,Recreation,"155,64"
2024,CWF043,2024-06-03 08:00:00,6.0,155.0,51.269623,-115.022965,Provincial Land,Recreation,"154,66"
2024,GWF033,2024-06-04 14:29:00,6.0,156.0,54.94455,-118.810583,Provincial Land,Lightning,"152,81"
2023,SWF016,2023-04-21 21:15:00,4.0,111.0,55.935917,-113.82705,Provincial Land,Recreation,"163,81"
2023,PWF011,2023-04-25 07:00:00,4.0,115.0,56.4624,-116.31695,Provincial Land,Resident,"159,84"
2023,GWF007,2023-04-25 19:30:00,4.0,115.0,55.478783,-119.053367,Provincial Land,Oil & Gas Industry,"152,83"
2023,GWF008,2023-04-23 14:00:00,4.0,113.0,54.897433,-117.365333,Private Land,Resident,"155,80"
2023,HWF039,2023-05-04 14:54:00,5.0,124.0,58.70753,-118.670469,Indian Reservation,Incendiary,"158,94"
2023,GWF035,2023-06-04 12:00:00,6.0,155.0,55.583557,-119.404602,Provincial Land,Under Investigation,"152,84"
2023,RWF080,2023-11-21 11:00:00,11.0,325.0,52.487567,-114.93725,Provincial Land,Undetermined,"156,70"
2024,LWF004,2024-01-28 12:00:00,1.0,28.0,54.67448,-111.86383,Indian Reservation,Resident,"165,75"
2024,SWF007,2023-12-20 16:00:00,12.0,354.0,55.320533,-114.948033,Private Land,Government,"160,79"
2024,LWF066,2024-05-02 13:15:00,5.0,123.0,55.895967,-110.755467,Provincial Land,Incendiary,"169,79"
2024,CWF013,2024-05-19 12:00:00,5.0,140.0,51.5504,-115.2045,Provincial Land,Recreation,"154,67"
2024,EWF047,2024-06-14 16:15:00,6.0,166.0,53.691881,-116.325395,Private Land,Lightning,"155,75"
2024,CWF051,2024-06-21 09:20:00,6.0,173.0,51.148817,-115.032317,Indian Reservation,Resident,"154,65"
2024,PWF041,2024-06-21 19:00:00,6.0,173.0,57.4494,-117.524,Provincial Land,Power Line Industry,"158,89"
2024,CWF037,2024-05-29 19:00:00,5.0,150.0,51.260283,-115.092117,Provincial Land,Under Investigation,"154,66"
2024,HWF062,2024-07-01 14:00:00,7.0,183.0,58.81845,-116.421083,Provincial Land,Lightning,"162,92"
2024,LWF093,2024-07-01 13:30:00,7.0,183.0,55.193783,-111.372983,Provincial Land,Undetermined,"167,77"
2024,EWF060,2024-07-01 13:45:00,7.0,183.0,53.5744,-116.640517,Provincial Land,Under Investigation,"154,75"
2024,LWF095,2024-07-01 14:30:00,7.0,183.0,55.970167,-111.3695,Provincial Land,Lightning,"168,79"
2024,PWF048,2024-07-01 12:00:00,7.0,183.0,57.250833,-117.738,Provincial Land,Lightning,"157,88"
2024,LWF098,2024-07-01 18:00:00,7.0,183.0,56.106083,-110.18895,Provincial Park,Lightning,"170,79"
2023,HWF017,2023-04-24 09:00:00,4.0,114.0,58.507383,-116.117,Private Land,Resident,"162,91"
2023,HWF032,2023-05-02 18:35:00,5.0,122.0,58.223528,-116.191285,Private Land,Resident,"161,90"
2023,HWF036,2023-05-03 16:21:00,5.0,123.0,58.4906,-119.4031,Provincial Land,Under Investigation,"156,93"
2023,MWF013,2023-05-08 16:40:00,5.0,128.0,57.241017,-112.033067,Provincial Land,Lightning,"168,84"
2023,WWF034,2023-05-23 04:07:00,5.0,143.0,54.077417,-115.62045,Private Land,Lightning,"157,76"
2023,PWF132,2023-09-01 13:30:00,9.0,244.0,56.537333,-116.397767,Indian Reservation,Power Line Industry,"159,85"
2024,GWF021,2024-04-23 17:30:00,4.0,114.0,55.457967,-119.54701,Private Land,Agriculture Industry,"151,84"
2024,GWF023,2024-04-27 11:00:00,4.0,118.0,54.613917,-118.384167,Provincial Land,Oil & Gas Industry,"152,80"
2024,PWF027,2024-04-28 20:45:00,4.0,119.0,56.31686,-119.145728,Private Land,Lightning,"153,86"
2024,GWF026,2024-05-08 15:30:00,5.0,129.0,54.542467,-117.87775,Provincial Land,Oil & Gas Industry,"153,79"
2024,EWF041,2024-06-05 08:30:00,6.0,157.0,53.732128,-115.840278,Provincial Land,Power Line Industry,"156,75"
2024,CWF044,2024-06-04 20:00:00,6.0,156.0,51.3208,-114.696133,Provincial Land,Power Line Industry,"155,66"
2024,EWF043,2024-06-05 21:45:00,6.0,157.0,53.9115,-118.77195,Provincial Land,Undetermined,"150,78"
2024,MWF011,2024-04-21 08:00:00,4.0,112.0,56.090205,-111.857175,Provincial Land,Undetermined,"167,80"
2024,RWF024,2024-06-11 16:30:00,6.0,163.0,52.246048,-114.977547,Provincial Land,Power Line Industry,"156,69"
2024,CWF046,2024-05-29 00:00:00,5.0,150.0,51.25675,-115.082807,Provincial Land,Under Investigation,"154,66"
2024,EWF049,2024-06-14 22:00:00,6.0,166.0,53.569985,-116.735891,Provincial Land,Recreation,"154,75"
2024,EWF054,2024-06-22 13:00:00,6.0,174.0,53.829717,-116.1218,Private Land,Resident,"156,75"
2024,EWF055,2024-06-22 15:30:00,6.0,174.0,53.5555,-115.25225,Private Land,Agriculture Industry,"157,74"
2024,MWF028,2024-06-22 17:00:00,6.0,174.0,58.719863,-111.128363,Provincial Land,Recreation,"171,89"
2023,SWF054,2023-05-02 18:25:00,5.0,122.0,55.952783,-113.933483,Indian Reservation,Undetermined,"163,81"
2023,LWF087,2023-05-04 10:50:00,5.0,124.0,55.917233,-110.741617,Indian Reservation,Incendiary,"169,79"
2023,LWF092,2023-05-04 18:55:00,5.0,124.0,55.92845,-110.726617,Indian Reservation,Incendiary,"169,79"
2023,PWF150,2023-11-14 13:00:00,11.0,318.0,56.561467,-117.234383,Provincial Land,Recreation,"157,85"
2024,LWF036,2024-04-18 11:15:00,4.0,109.0,54.991833,-114.04025,Provincial Land,Resident,"161,78"
2024,PWF034,2024-05-16 19:35:00,5.0,137.0,56.760917,-117.648133,Private Land,Resident,"157,86"
2024,CWF017,2024-05-19 12:00:00,5.0,140.0,51.271,-115.047,Provincial Land,Recreation,"154,66"
2024,WWF026,2024-05-31 21:00:00,5.0,152.0,54.501833,-114.5825,Provincial Land,Power Line Industry,"159,76"
2024,RWF022,2024-06-07 13:40:00,6.0,159.0,52.217783,-114.919417,Private Land,Power Line Industry,"156,69"
2023,CWF071,2023-09-02 12:00:00,9.0,245.0,51.392903,-115.093316,Provincial Land,Recreation,"154,66"
2024,CWF040,2024-06-02 12:00:00,6.0,154.0,49.840267,-114.414413,Provincial Land,Recreation,"154,60"
2024,HWF085,2024-07-01 21:00:00,7.0,183.0,58.747694,-114.15981,Provincial Land,Lightning,"166,91"
2024,HWF086,2024-07-01 19:50:00,7.0,183.0,59.0396,-119.486033,Provincial Land,Lightning,"157,95"
2024,HWF089,2024-07-02 12:00:00,7.0,184.0,59.136717,-119.87105,Provincial Land,Lightning,"156,96"
2024,MWF057,2024-07-02 18:24:00,7.0,184.0,57.165417,-110.529167,Provincial Land,Lightning,"170,83"
2024,HWF102,2024-07-04 17:00:00,7.0,186.0,57.681583,-114.87945,Provincial Land,Lightning,"163,87"
2024,HWF105,2024-07-06 06:30:00,7.0,188.0,58.720167,-116.722833,Provincial Land,Lightning,"161,92"
2024,MWF063,2024-07-07 02:43:00,7.0,189.0,59.26365,-110.172867,Provincial Land,Lightning,"173,90"
2024,RWF040,2024-07-08 17:00:00,7.0,190.0,53.052383,-116.064717,Provincial Land,Forest Industry,"155,73"
2024,LWF116,2024-07-09 18:25:00,7.0,191.0,55.10693,-114.04943,Private Land,Agriculture Industry,"161,78"
2024,RWF041,2024-07-10 09:00:00,7.0,192.0,52.64305,-114.774467,Provincial Land,Power Line Industry,"157,70"
2023,GWF033,2023-05-30 18:30:00,5.0,150.0,55.21625,-117.961417,Private Land,Resident,"154,81"
2023,HWF161,2023-09-13 17:00:00,9.0,256.0,59.731,-119.751217,Provincial Land,Lightning,"157,98"
2024,EWF011,2024-04-07 14:45:00,4.0,98.0,53.641633,-116.370633,Private Land,Resident,"155,75"
2024,LWF073,2024-05-05 21:41:00,5.0,126.0,55.93775,-110.719333,Indian Reservation,Incendiary,"169,79"
2024,SWF036,2024-05-07 21:00:00,5.0,128.0,55.6101,-116.450683,Private Land,Agriculture Industry,"157,82"
2024,EWF029,2024-05-08 16:45:00,5.0,129.0,53.558833,-116.499583,Private Land,Undetermined,"154,75"
2024,SWF037,2024-05-09 20:00:00,5.0,130.0,55.309433,-115.460383,Private Land,Resident,"159,80"
2024,GWF028,2024-05-10 13:30:00,5.0,131.0,55.288967,-117.23225,Private Land,Resident,"155,81"
2024,PWF033,2024-05-12 10:00:00,5.0,133.0,56.456217,-116.351717,Provincial Land,Incendiary,"159,84"
2023,PWF080,2023-06-30 11:15:00,6.0,181.0,56.429235,-118.765557,Private Land,Resident,"154,86"
2023,RWF066,2023-07-09 16:24:00,7.0,190.0,52.575717,-115.81225,Provincial Land,Lightning,"154,71"
2024,SWF060,2024-06-23 14:29:00,6.0,175.0,56.57075,-114.311833,Provincial Land,Lightning,"163,83"
2024,SWF061,2024-06-23 08:59:00,6.0,175.0,56.649167,-114.537667,Provincial Land,Lightning,"162,84"
2024,SWF062,2024-06-23 15:14:00,6.0,175.0,55.8537,-113.8333,Provincial Land,Lightning,"163,80"
2024,HWF046,2024-06-24 16:00:00,6.0,176.0,58.6255,-114.929383,Provincial Land,Lightning,"164,91"
2024,LWF089,2024-06-29 13:00:00,6.0,181.0,55.60295,-111.42495,Provincial Land,Incendiary,"167,78"
2024,LWF090,2024-06-29 10:00:00,6.0,181.0,54.724883,-110.652867,Provincial Land,Recreation,"168,74"
2024,SWF064,2024-06-30 17:40:00,6.0,182.0,56.683333,-113.357583,Provincial Land,Lightning,"165,83"
2024,SWF068,2024-07-01 14:13:00,7.0,183.0,56.44885,-113.169442,Provincial Land,Lightning,"165,82"
2024,MWF032,2024-07-01 14:02:00,7.0,183.0,57.091667,-112.389333,Provincial Land,Lightning,"167,84"
2024,SWF069,2024-07-01 14:03:00,7.0,183.0,56.407483,-113.14655,Provincial Land,Lightning,"165,82"
2024,MWF033,2024-07-01 14:06:00,7.0,183.0,57.72625,-112.14805,Provincial Land,Lightning,"168,86"
2023,HWF050,2023-05-15 20:45:00,5.0,135.0,58.505833,-117.111833,Provincial Land,Recreation,"160,92"
2023,RWF052,2023-05-22 14:47:00,5.0,142.0,51.823833,-115.303917,Provincial Land,Lightning,"155,68"
2023,LWF151,2023-06-10 17:00:00,6.0,161.0,54.786083,-111.856717,Provincial Land,Incendiary,"165,75"
2023,HWF070,2023-06-22 19:00:00,6.0,173.0,57.919167,-117.075333,Private Land,Agriculture Industry,"159,90"
2023,CWF025,2023-07-01 12:00:00,7.0,182.0,49.841012,-113.969535,Provincial Land,Recreation,"155,60"
2023,SWF125,2023-07-29 13:35:00,7.0,210.0,55.802217,-115.200867,Provincial Land,Resident,"160,81"
2023,HWF172,2023-10-10 10:00:00,10.0,283.0,58.035233,-116.3554,Private Land,Agriculture Industry,"161,90"
2024,LWF056,2024-04-24 08:15:00,4.0,115.0,54.965583,-114.034,Private Land,Agriculture Industry,"161,78"
2024,HWF027,2023-05-03 22:00:00,5.0,123.0,58.340283,-116.205883,Provincial Land,Resident,"161,91"
2024,LWF069,2024-05-05 18:30:00,5.0,126.0,55.932083,-110.727333,Indian Reservation,Incendiary,"169,79"
2024,LWF074,2024-02-15 09:00:00,2.0,46.0,55.9493,-110.707717,Indian Reservation,Resident,"169,79"
2023,CWF088,2023-12-01 12:00:00,12.0,335.0,50.75915,-114.5494,Provincial Land,Recreation,"155,63"
2023,CWF089,2023-12-05 08:00:00,12.0,339.0,51.166333,-114.8015,Indian Reservation,Incendiary,"155,65"
2024,SWF056,2024-06-22 08:59:00,6.0,174.0,56.076667,-115.354167,Provincial Land,Other Industry,"160,82"
2024,HWF054,2024-06-28 19:30:00,6.0,180.0,58.195367,-116.35275,Provincial Land,Government,"161,90"
2024,RWF043,2024-07-10 16:30:00,7.0,192.0,53.09355,-115.241383,Provincial Land,Oil & Gas Industry,"156,72"
2024,RWF046,2024-07-10 21:55:00,7.0,192.0,52.3703,-116.29425,Indian Reservation,Resident,"153,70"
2024,MWF030,2024-06-30 13:00:00,6.0,182.0,57.0303,-111.568933,Provincial Land,Forest Industry,"168,83"
2024,HWF118,2024-07-10 15:00:00,7.0,192.0,59.116667,-117.65,Provincial Land,Lightning,"160,94"
2024,HWF120,2024-07-11 12:00:00,7.0,193.0,57.843033,-115.259367,Provincial Land,Lightning,"163,88"
2024,MWF031,2024-07-01 13:42:00,7.0,183.0,56.995917,-112.636217,Provincial Land,Lightning,"166,84"
2024,SWF097,2024-07-10 08:51:00,7.0,192.0,56.045383,-115.04865,Provincial Land,Lightning,"161,82"
2024,PWF060,2024-07-10 12:00:00,7.0,192.0,56.561547,-119.165516,Private Land,Agriculture Industry,"154,87"
2024,SWF099,2024-07-11 15:09:00,7.0,193.0,56.521652,-114.548202,Provincial Land,Lightning,"162,83"
2023,HWF041,2023-05-05 09:00:00,5.0,125.0,58.514883,-116.301333,Provincial Land,Resident,"162,91"
2023,SWF100,2023-06-19 13:50:00,6.0,170.0,56.551667,-115.205667,Provincial Land,Power Line Industry,"161,84"
2023,SWF101,2023-06-19 14:00:00,6.0,170.0,56.611667,-115.286,Provincial Land,Power Line Industry,"161,84"
2023,SWF102,2023-06-19 14:00:00,6.0,170.0,56.611667,-115.276333,Provincial Land,Power Line Industry,"161,84"
2023,MWF034,2023-06-24 13:29:00,6.0,175.0,57.723968,-112.2059,Provincial Land,Lightning,"168,86"
2023,MWF035,2023-06-24 13:27:00,6.0,175.0,57.746767,-112.137283,Provincial Land,Lightning,"168,86"
2023,CWF029,2023-07-03 12:00:00,7.0,184.0,51.413367,-115.086417,Provincial Land,Recreation,"154,66"
2023,CWF030,2023-07-03 12:00:00,7.0,184.0,51.2875,-115.1262,Provincial Land,Recreation,"154,66"
2023,CWF031,2023-07-03 12:00:00,7.0,184.0,51.2792,-115.07559,Provincial Land,Recreation,"154,66"
2024,MWF015,2024-04-27 15:25:00,4.0,118.0,56.42305,-111.394133,Provincial Land,Recreation,"168,81"
2024,LWF070,2024-05-05 20:00:00,5.0,126.0,55.906683,-110.746283,Provincial Land,Incendiary,"169,79"
2023,EWF073,2023-06-30 10:00:00,6.0,181.0,53.6064,-115.904483,Provincial Land,Other Industry,"156,74"
2024,HWF067,2024-07-01 21:48:00,7.0,183.0,59.6925,-117.10325,Provincial Land,Lightning,"162,96"
2024,HWF076,2024-07-02 10:28:00,7.0,184.0,59.141817,-119.941433,Provincial Land,Lightning,"156,96"
2024,HWF075,2024-07-02 00:00:00,7.0,184.0,59.140533,-119.9483,Provincial Land,Lightning,"156,96"
2024,HWF074,2024-07-02 10:15:00,7.0,184.0,59.140017,-119.952933,Provincial Land,Lightning,"156,96"
2024,MWF054,2024-07-02 18:21:00,7.0,184.0,57.2595,-110.627433,Provincial Land,Lightning,"170,83"
2024,MWF059,2024-07-03 19:52:00,7.0,185.0,56.323867,-111.982917,Provincial Land,Lightning,"167,81"
2024,SWF070,2024-07-03 16:20:00,7.0,185.0,55.54815,-116.12625,Private Land,Resident,"158,81"
2024,HWF096,2024-07-04 13:58:00,7.0,186.0,58.5225,-117.912117,Provincial Land,Lightning,"159,92"
2024,HWF098,2024-07-04 15:15:00,7.0,186.0,58.41905,-117.897017,Provincial Land,Lightning,"159,92"
2024,HWF103,2024-07-04 17:00:00,7.0,186.0,57.719517,-114.8273,Provincial Land,Lightning,"163,87"
2024,HWF108,2024-07-05 23:00:00,7.0,187.0,59.389767,-116.47695,Provincial Land,Lightning,"162,94"
2024,HWF109,2024-07-06 17:00:00,7.0,188.0,58.407883,-116.037467,Provincial Land,Power Line Industry,"162,91"
2024,HWF111,2024-07-04 15:00:00,7.0,186.0,58.247933,-117.804167,Provincial Land,Lightning,"159,91"
2023,LWF044,2023-04-24 09:00:00,4.0,114.0,55.955033,-110.731367,Indian Reservation,Incendiary,"169,79"
2023,SWF046,2023-04-29 14:50:00,4.0,119.0,55.140383,-116.343717,Provincial Land,Agriculture Industry,"157,80"
2023,GWF026,2023-05-12 12:00:00,5.0,132.0,55.201499,-117.241213,Provincial Land,Incendiary,"155,81"
2023,GWF029,2023-05-15 17:25:00,5.0,135.0,55.114917,-117.594735,Provincial Land,Power Line Industry,"154,81"
2023,WWF036,2023-05-30 15:23:00,5.0,150.0,54.332958,-116.004357,Provincial Land,Lightning,"156,77"
2023,PWF052,2023-06-05 00:01:00,6.0,156.0,57.115567,-119.538,Provincial Land,Lightning,"154,89"
2023,SWF110,2023-06-24 15:12:00,6.0,175.0,57.126133,-115.29765,Provincial Land,Lightning,"162,86"
2023,PWF099,2023-07-12 03:00:00,7.0,193.0,56.700667,-118.746167,Provincial Land,Lightning,"155,87"
2023,PWF130,2023-08-11 15:00:00,8.0,223.0,56.493183,-116.503717,Indian Reservation,Undetermined,"158,85"
2023,CWF074,2023-09-04 12:00:00,9.0,247.0,51.269333,-114.989833,Provincial Land,Recreation,"154,66"
2023,CWF076,2023-09-04 12:00:00,9.0,247.0,51.272167,-115.009,Provincial Land,Recreation,"154,66"
2023,CWF077,2023-09-04 12:00:00,9.0,247.0,51.269,-115.005833,Provincial Land,Recreation,"154,66"
2023,SWF121,2023-07-12 17:02:00,7.0,193.0,56.480333,-113.147,Provincial Land,Lightning,"165,82"
2024,PWF050,2024-07-10 15:00:00,7.0,192.0,57.077783,-118.74955,Provincial Land,Lightning,"155,88"
2024,SWF108,2024-07-10 17:32:00,7.0,192.0,57.145,-114.783,Provincial Land,Lightning,"162,85"
2024,HWF144,2024-07-20 13:00:00,7.0,202.0,57.599083,-115.582017,Provincial Land,Lightning,"162,88"
2024,LWF110,2024-07-05 20:10:00,7.0,187.0,55.745617,-110.76135,Provincial Land,Lightning,"168,78"
2024,EWF061,2024-07-04 14:29:00,7.0,186.0,53.435367,-115.327983,Provincial Land,Lightning,"157,73"
2024,WWF050,2024-07-21 13:45:00,7.0,203.0,54.484833,-115.453317,Provincial Land,Power Line Industry,"158,77"
2024,LWF176,2024-07-26 01:55:00,7.0,208.0,55.929623,-110.721177,Indian Reservation,Resident,"169,79"
2024,EWF091,2024-07-23 16:35:00,7.0,205.0,53.358969,-117.567803,Provincial Land,Power Line Industry,"152,75"
2024,PWF069,2024-07-13 18:30:00,7.0,195.0,56.882583,-116.369833,Provincial Land,Lightning,"159,86"
2023,LWF091,2023-05-04 15:40:00,5.0,124.0,54.50045,-113.6563,Private Land,Undetermined,"161,76"
2023,PWF104,2023-07-15 18:00:00,7.0,196.0,57.236182,-116.509775,Provincial Land,Lightning,"159,87"
2023,SWF135,2023-09-22 18:20:00,9.0,265.0,55.826053,-115.218682,Provincial Land,Power Line Industry,"160,81"
2023,SWF127,2023-07-30 12:45:00,7.0,211.0,55.151017,-114.216667,Provincial Land,Resident,"161,78"
2023,PWF145,2023-10-23 18:00:00,10.0,296.0,56.432167,-119.159333,Private Land,Agriculture Industry,"153,86"
2024,SWF010,2024-03-15 16:00:00,3.0,75.0,55.949726,-113.812317,Provincial Land,Power Line Industry,"163,81"
2024,WWF006,2024-04-11 13:45:00,4.0,102.0,54.306652,-115.118652,Private Land,Incendiary,"158,76"
2024,SWF034,2024-05-04 12:00:00,5.0,125.0,55.9038,-115.637117,Private Land,Resident,"159,82"
2024,EWF032,2024-05-09 19:00:00,5.0,130.0,53.742383,-115.143833,Provincial Land,Undetermined,"157,74"
2024,LWF083,2024-05-27 13:00:00,5.0,148.0,55.997883,-111.955433,Provincial Land,Power Line Industry,"166,80"
2024,HWF001,2024-01-05 07:50:00,1.0,5.0,57.912833,-116.33405,Provincial Land,Recreation,"161,89"
2024,WWF030,2024-06-19 16:50:00,6.0,171.0,54.513917,-114.576867,Private Land,Resident,"160,76"
2024,LWF094,2024-07-01 14:15:00,7.0,183.0,55.151833,-112.480767,Provincial Land,Undetermined,"164,77"
2024,LWF113,2024-07-07 13:30:00,7.0,189.0,54.77552,-110.589843,DND,Power Line Industry,"168,75"
2024,WWF037,2024-07-09 12:00:00,7.0,191.0,54.286793,-115.700127,Provincial Land,Oil & Gas Industry,"157,76"
2024,PWF055,2024-07-10 18:00:00,7.0,192.0,57.278267,-118.0148,Provincial Land,Lightning,"157,88"
2024,PWF058,2024-07-10 20:00:00,7.0,192.0,56.655483,-116.27465,Provincial Land,Lightning,"159,85"
2024,MWF077,2024-07-09 15:32:00,7.0,191.0,57.014333,-110.900667,Provincial Land,Lightning,"170,83"
2024,SWF092,2024-07-10 10:18:00,7.0,192.0,57.299868,-115.070018,Provincial Land,Lightning,"162,86"
2024,PWF059,2024-07-11 13:00:00,7.0,193.0,57.4055,-118.83905,Provincial Land,Lightning,"155,89"
2024,SWF098,2024-07-10 21:46:00,7.0,192.0,56.871333,-115.338767,Provincial Land,Lightning,"161,85"
2024,SWF101,2024-07-10 22:58:00,7.0,192.0,56.94305,-115.541033,Provincial Land,Lightning,"161,85"
2023,EWF058,2023-06-04 18:41:00,6.0,155.0,53.137267,-116.473733,Provincial Land,Lightning,"154,73"
2023,HWF067,2023-06-15 17:05:00,6.0,166.0,58.540917,-115.623283,Private Land,Power Line Industry,"163,91"
2023,HWF128,2023-07-13 09:00:00,7.0,194.0,58.91225,-117.644167,Provincial Land,Government,"160,93"
2023,HWF129,2023-07-13 12:06:00,7.0,194.0,58.366083,-116.0575,Provincial Land,Incendiary,"162,91"
2023,CWF090,2023-12-13 12:00:00,12.0,347.0,51.132722,-114.867988,Indian Reservation,Recreation,"155,65"
2024,PWF011,2024-03-30 16:25:00,3.0,90.0,56.296717,-117.30625,Private Land,Resident,"157,85"
2024,LWF050,2024-04-22 14:40:00,4.0,113.0,55.92905,-110.72835,Indian Reservation,Incendiary,"169,79"
2024,HWF028,2024-05-04 12:00:00,5.0,125.0,58.529083,-115.155633,Indian Reservation,Other Industry,"164,90"
2024,LWF071,2024-05-05 20:01:00,5.0,126.0,55.906683,-110.746283,Provincial Land,Incendiary,"169,79"
2024,HWF033,2024-05-06 21:50:00,5.0,127.0,58.514,-115.148333,Private Land,Resident,"164,90"
2024,WWF019,2024-05-08 13:40:00,5.0,129.0,54.138348,-115.783532,Provincial Land,Resident,"157,76"
2024,PWF031,2024-05-10 17:50:00,5.0,131.0,56.597,-117.866533,Private Land,Agriculture Industry,"156,86"
2023,HWF148,2023-08-16 18:30:00,8.0,228.0,58.73985,-113.850233,Provincial Land,Government,"166,90"
2024,CWF006,2024-04-27 14:30:00,4.0,118.0,51.273133,-114.7438,Private Land,Power Line Industry,"155,65"
2024,HWF023,2024-04-26 17:45:00,4.0,117.0,58.54745,-116.32025,Private Land,Resident,"162,91"
2024,LWF065,2024-04-29 10:00:00,4.0,120.0,55.04935,-112.284698,Private Land,Resident,"165,77"
2024,RWF025,2024-06-11 20:30:00,6.0,163.0,52.726917,-115.621467,Private Land,Power Line Industry,"155,71"
2024,MWF062,2024-07-07 02:00:00,7.0,189.0,57.0365,-110.781,Provincial Land,Lightning,"170,83"
2024,RWF053,2024-07-15 15:00:00,7.0,197.0,52.963115,-115.704513,Provincial Park,Lightning,"155,72"
2024,LWF133,2024-07-13 14:55:00,7.0,195.0,55.143246,-110.182818,DND,Lightning,"169,76"
2024,WWF047,2024-07-18 12:10:00,7.0,200.0,54.302623,-115.624817,Provincial Park,Incendiary,"157,76"
2023,LWF009,2023-04-15 13:00:00,4.0,105.0,55.925317,-110.717533,Indian Reservation,Resident,"169,79"
2023,LWF010,2023-04-15 15:00:00,4.0,105.0,55.943583,-110.712583,Indian Reservation,Incendiary,"169,79"
2023,LWF011,2023-04-15 14:30:00,4.0,105.0,55.9299,-110.72615,Indian Reservation,Incendiary,"169,79"
2023,RWF005,2023-04-16 11:00:00,4.0,106.0,52.953617,-114.947117,Private Land,Resident,"157,71"
2023,WWF017,2023-05-03 19:05:00,5.0,123.0,54.442,-116.777167,Provincial Land,Lightning,"155,78"
2023,WWF018,2023-05-03 19:13:00,5.0,123.0,54.452655,-116.671958,Provincial Land,Lightning,"155,78"
2023,LWF088,2023-05-04 11:00:00,5.0,124.0,55.9351,-110.718733,Indian Reservation,Incendiary,"169,79"
2023,LWF089,2023-05-04 11:54:00,5.0,124.0,54.795067,-111.812117,Private Land,Resident,"165,75"
2023,WWF038,2023-06-04 19:22:00,6.0,155.0,54.196738,-116.203314,Provincial Land,Lightning,"156,77"
2023,LWF162,2023-06-30 12:00:00,6.0,181.0,54.957233,-111.212283,DND,Lightning,"167,76"
2024,RWF011,2024-04-27 21:30:00,4.0,118.0,51.887626,-114.960134,Provincial Land,Recreation,"155,68"
2024,HWF032,2024-05-06 14:15:00,5.0,127.0,58.44395,-116.762633,Private Land,Undetermined,"161,91"
2024,PWF072,2024-07-13 21:00:00,7.0,195.0,57.543167,-117.6077,Provincial Land,Lightning,"158,89"
2024,PWF056,2024-07-09 19:00:00,7.0,191.0,56.365083,-116.817217,Provincial Land,Lightning,"158,84"
2024,RWF065,2024-07-24 12:00:00,7.0,206.0,52.766167,-115.75582,Provincial Land,Lightning,"155,71"
2024,RWF051,2024-07-16 14:00:00,7.0,198.0,52.124633,-115.166583,Provincial Land,Lightning,"155,69"
2024,LWF174,2024-07-24 03:00:00,7.0,206.0,55.554492,-112.31565,Provincial Land,Resident,"165,78"
2024,WWF053,2024-07-27 03:55:00,7.0,209.0,54.199818,-115.871063,Provincial Land,Under Investigation,"157,76"
2024,PWF088,2024-07-22 23:00:00,7.0,204.0,57.437617,-119.345233,Provincial Land,Lightning,"155,90"
2023,SWF024,2023-04-25 21:30:00,4.0,115.0,55.37415,-115.72755,Indian Reservation,Under Investigation,"158,80"
2023,RWF011,2023-04-27 16:21:00,4.0,117.0,53.104767,-115.14535,Private Land,Resident,"157,72"
2023,GWF011,2023-04-29 18:00:00,4.0,119.0,54.77695,-118.701067,Provincial Land,Recreation,"152,81"
2023,PWF060,2023-06-22 06:00:00,6.0,173.0,56.435733,-119.793433,Provincial Land,Power Line Industry,"152,87"
2023,PWF061,2023-06-22 13:00:00,6.0,173.0,57.659167,-118.829417,Provincial Land,Lightning,"156,90"
2023,SWF138,2023-10-04 16:10:00,10.0,277.0,55.024005,-115.349908,Provincial Land,Power Line Industry,"159,79"
2024,HWF031,2024-05-06 14:00:00,5.0,127.0,58.811947,-118.754464,Indian Reservation,Recreation,"158,94"
2024,CWF048,2024-06-11 18:00:00,6.0,163.0,51.259167,-114.8143,Provincial Land,Power Line Industry,"155,65"
2024,LWF085,2024-06-16 10:15:00,6.0,168.0,54.515017,-110.822533,Private Land,Power Line Industry,"167,74"
2024,HWF030,2024-06-20 12:15:00,6.0,172.0,59.082975,-118.870537,Provincial Land,Power Line Industry,"158,95"
2024,SWF067,2024-06-30 17:47:00,6.0,182.0,56.031433,-113.884,Provincial Land,Lightning,"163,81"
2024,EWF024,2024-04-30 12:15:00,4.0,121.0,53.546383,-116.33625,Provincial Land,Under Investigation,"155,74"
2024,EWF026,2024-04-30 17:45:00,4.0,121.0,53.558797,-116.780717,Private Land,Incendiary,"154,75"
2024,MWF016,2024-05-05 18:00:00,5.0,126.0,58.760217,-111.109367,Provincial Land,Recreation,"171,89"
2024,RWF047,2024-07-12 13:00:00,7.0,194.0,52.9952,-114.987333,Private Land,Agriculture Industry,"157,72"
2024,WWF041,2024-07-13 15:50:00,7.0,195.0,54.490817,-114.395533,Provincial Land,Resident,"160,76"
2024,LWF135,2024-07-14 11:00:00,7.0,196.0,55.336383,-111.86825,Provincial Land,Lightning,"166,77"
2024,LWF134,2024-07-14 00:01:00,7.0,196.0,54.66985,-110.96694,Provincial Park,Recreation,"167,74"
2024,LWF137,2024-07-14 13:40:00,7.0,196.0,56.0,-110.9,Provincial Land,Lightning,"168,79"
2024,GWF063,2024-07-22 01:00:00,7.0,204.0,55.4415,-119.6875,Private Land,Lightning,"151,84"
2023,LWF015,2023-04-16 12:00:00,4.0,106.0,55.9363,-110.726393,Indian Reservation,Resident,"169,79"
2023,LWF016,2023-04-16 14:25:00,4.0,106.0,55.920683,-110.738883,Indian Reservation,Resident,"169,79"
2023,LWF017,2023-04-16 14:50:00,4.0,106.0,55.914167,-110.739717,Provincial Land,Incendiary,"169,79"
2023,LWF052,2023-04-26 18:20:00,4.0,116.0,55.915317,-110.7381,Indian Reservation,Incendiary,"169,79"
2023,LWF053,2023-04-26 18:50:00,4.0,116.0,55.915917,-110.736317,Indian Reservation,Incendiary,"169,79"
2023,LWF064,2023-04-28 11:10:00,4.0,118.0,55.919433,-110.738017,Indian Reservation,Incendiary,"169,79"
2023,PWF053,2023-06-04 18:00:00,6.0,155.0,57.462883,-117.902533,Provincial Land,Lightning,"157,89"
2023,HWF065,2023-06-10 14:30:00,6.0,161.0,57.576287,-114.860579,Provincial Land,Lightning,"163,87"
2023,CWF022,2023-06-10 10:00:00,6.0,161.0,51.576,-114.962,Provincial Land,Recreation,"155,67"
2023,RWF054,2023-06-10 17:38:00,6.0,161.0,51.63085,-114.778617,Provincial Land,Power Line Industry,"155,67"
2023,MWF042,2023-06-29 15:38:00,6.0,180.0,56.696823,-111.302368,Provincial Land,Lightning,"168,82"
2023,HWF095,2023-06-30 18:30:00,6.0,181.0,58.693217,-114.98465,Provincial Land,Lightning,"164,91"
2023,HWF096,2023-07-01 11:00:00,7.0,182.0,59.212,-119.02755,Provincial Land,Lightning,"158,96"
2024,LWF084,2024-06-07 14:00:00,6.0,159.0,55.159417,-113.856083,Provincial Land,Power Line Industry,"162,78"
2024,RWF026,2024-06-14 14:45:00,6.0,166.0,52.993583,-115.484217,Provincial Land,Lightning,"156,72"
2024,LWF124,2024-07-11 19:30:00,7.0,193.0,56.268378,-110.255548,Provincial Land,Lightning,"170,80"
2024,SWF100,2024-07-10 15:02:00,7.0,192.0,57.231367,-115.8951,Provincial Land,Lightning,"161,87"
2024,SWF096,2024-07-10 21:44:00,7.0,192.0,56.851222,-115.301508,Provincial Land,Lightning,"161,85"
2024,HWF137,2024-07-13 23:30:00,7.0,195.0,57.659117,-115.0287,Provincial Land,Lightning,"163,87"
2024,GWF045,2024-07-19 18:05:00,7.0,201.0,54.399667,-117.611333,Provincial Land,Lightning,"153,78"
2024,GWF046,2024-07-19 16:03:00,7.0,201.0,54.685217,-118.41045,Provincial Land,Lightning,"152,80"
2024,GWF047,2024-07-19 16:45:00,7.0,201.0,55.0562,-118.580917,Provincial Land,Lightning,"152,81"
2024,GWF051,2024-07-19 16:43:00,7.0,201.0,55.0545,-118.564667,Provincial Land,Lightning,"153,81"
2024,GWF052,2024-07-19 19:42:00,7.0,201.0,55.3423,-117.73315,Provincial Land,Lightning,"155,82"
2023,GWF039,2023-06-04 03:00:00,6.0,155.0,54.53295,-119.275583,Provincial Land,Lightning,"150,80"
2023,PWF090,2023-07-06 12:00:00,7.0,187.0,57.021652,-116.250443,Provincial Land,Lightning,"160,86"
2023,GWF077,2023-10-18 16:00:00,10.0,291.0,54.870477,-119.101703,Provincial Land,Power Line Industry,"151,81"
2023,RWF078,2023-10-09 10:10:00,10.0,282.0,52.014505,-115.1224,Private Land,Undetermined,"155,68"
2023,RWF079,2023-10-18 16:45:00,10.0,291.0,51.720217,-115.41795,Provincial Land,Undetermined,"154,68"
2024,GWF016,2024-04-11 17:20:00,4.0,102.0,55.067633,-117.40425,Provincial Land,Incendiary,"155,80"
2024,LWF068,2024-05-05 14:00:00,5.0,126.0,54.892143,-111.787025,Private Land,Undetermined,"166,76"
2024,WWF032,2024-06-24 11:00:00,6.0,176.0,54.1012,-115.682133,Provincial Land,Power Line Industry,"157,76"
2024,PWF043,2024-06-30 14:00:00,6.0,182.0,56.41961,-116.108987,Provincial Land,Lightning,"159,84"
2024,MWF035,2024-07-01 15:18:00,7.0,183.0,56.4065,-111.329817,Provincial Land,Lightning,"168,81"
2024,HWF064,2024-06-30 22:53:00,6.0,182.0,58.947467,-117.553667,Provincial Park,Lightning,"160,94"
2023,PWF081,2023-06-27 12:00:00,6.0,178.0,56.614717,-119.628667,Provincial Land,Lightning,"153,87"
2023,PWF082,2023-06-30 12:00:00,6.0,181.0,56.950667,-119.776167,Provincial Land,Lightning,"153,89"
2023,PWF083,2023-06-30 20:30:00,6.0,181.0,56.2416,-118.39725,Provincial Land,Undetermined,"155,85"
2023,PWF084,2023-06-28 18:00:00,6.0,179.0,56.37005,-116.929583,Private Land,Agriculture Industry,"157,84"
2023,CWF068,2023-08-18 15:00:00,8.0,230.0,50.86455,-114.809167,Provincial Land,Lightning,"154,64"
2024,WWF040,2024-07-07 12:00:00,7.0,189.0,54.510167,-114.570333,Private Land,Resident,"160,76"
2024,PWF070,2024-07-13 21:00:00,7.0,195.0,57.2544,-118.089517,Provincial Land,Lightning,"157,88"
2024,PWF071,2024-07-13 16:45:00,7.0,195.0,57.253333,-118.0925,Provincial Land,Lightning,"157,88"
2024,EWF069,2024-07-15 21:02:00,7.0,197.0,53.073083,-116.338417,Provincial Land,Lightning,"154,73"
2024,MWF088,2024-07-16 17:51:00,7.0,198.0,56.640917,-111.169783,Provincial Land,Lightning,"169,81"
2024,SWF128,2024-07-18 11:00:00,7.0,200.0,55.235867,-115.66855,Provincial Land,Government,"158,80"
2024,GWF069,2024-07-22 19:55:00,7.0,204.0,54.811167,-118.173333,Provincial Land,Lightning,"153,80"
2023,WWF007,2023-04-11 10:00:00,4.0,101.0,54.595135,-116.781535,Provincial Land,Power Line Industry,"155,78"
2023,WWF008,2023-04-15 01:00:00,4.0,105.0,54.513897,-114.572312,Private Land,Resident,"160,76"
2023,HWF029,2023-05-02 10:36:00,5.0,122.0,58.713833,-118.74505,Indian Reservation,Incendiary,"158,94"
2023,LWF119,2023-04-18 12:00:00,4.0,108.0,55.16,-112.524833,Private Land,Resident,"164,77"
2023,HWF073,2023-06-24 12:20:00,6.0,175.0,58.101667,-117.275967,Provincial Land,Resident,"159,91"
2023,RWF064,2023-06-30 18:13:00,6.0,181.0,52.717883,-115.501283,Provincial Land,Lightning,"155,71"
2023,HWF102,2023-07-03 08:00:00,7.0,184.0,58.7211,-115.859167,Provincial Land,Lightning,"163,92"
2023,MWF048,2023-06-29 13:11:00,6.0,180.0,57.8415,-113.262833,Provincial Land,Lightning,"166,87"
2023,HWF118,2023-07-05 16:00:00,7.0,186.0,58.578283,-116.798717,Provincial Land,Lightning,"161,92"
2023,HWF119,2023-07-06 16:25:00,7.0,187.0,58.91045,-117.6433,Provincial Land,Lightning,"160,93"
2023,CWF038,2023-07-22 06:00:00,7.0,203.0,51.573467,-114.987217,Provincial Land,Recreation,"155,67"
2024,HWF034,2024-05-09 12:45:00,5.0,130.0,58.350033,-116.1818,Provincial Land,Undetermined,"162,91"
2024,PWF067,2024-07-11 19:00:00,7.0,193.0,56.37175,-116.80355,Provincial Land,Lightning,"158,84"
2024,GWF029,2024-05-10 15:45:00,5.0,131.0,55.503583,-119.49625,Provincial Land,Oil & Gas Industry,"151,84"
2024,HWF138,2024-07-16 12:00:00,7.0,198.0,58.40383,-116.674721,Provincial Land,Resident,"161,91"
2024,HWF141,2024-07-18 12:00:00,7.0,200.0,59.019443,-114.695,Provincial Land,Lightning,"165,92"
2024,PWF080,2024-07-12 18:00:00,7.0,194.0,57.575767,-117.026617,Provincial Land,Lightning,"159,89"
2024,PWF081,2024-07-12 18:00:00,7.0,194.0,57.385667,-117.11635,Provincial Land,Lightning,"159,88"
2024,SWF131,2024-07-10 09:56:00,7.0,192.0,57.207167,-115.355167,Provincial Land,Lightning,"162,86"
2024,WWF049,2024-07-19 19:15:00,7.0,201.0,54.0314,-117.369767,Provincial Land,Lightning,"153,77"
2023,LWF004,2023-04-11 16:20:00,4.0,101.0,55.9143,-110.73955,Provincial Land,Incendiary,"169,79"
2023,HWF072,2023-06-23 19:00:00,6.0,174.0,57.692833,-116.019833,Provincial Land,Lightning,"161,88"
2023,LWF181,2023-09-25 14:00:00,9.0,268.0,55.8375,-110.867083,Provincial Land,Undetermined,"168,78"
2024,LWF037,2024-04-18 22:56:00,4.0,109.0,55.932483,-110.72275,Indian Reservation,Incendiary,"169,79"
2024,HWF080,2024-07-02 08:26:00,7.0,184.0,59.782867,-117.131667,Provincial Land,Lightning,"162,96"
2024,LWF107,2024-07-05 18:00:00,7.0,187.0,55.668883,-110.4058,Provincial Park,Lightning,"169,78"
2024,LWF111,2024-07-05 20:05:00,7.0,187.0,55.7649,-110.798117,Provincial Land,Lightning,"168,78"
2024,LWF096,2024-07-01 17:00:00,7.0,183.0,55.71825,-112.669967,Provincial Land,Lightning,"165,79"
2024,SWF083,2024-07-10 14:38:00,7.0,192.0,56.7745,-114.8545,Provincial Land,Lightning,"162,84"
2024,SWF084,2024-07-10 14:06:00,7.0,192.0,56.6565,-114.845167,Provincial Land,Lightning,"162,84"
2024,SWF090,2024-07-10 07:29:00,7.0,192.0,56.017333,-115.7185,Provincial Land,Lightning,"159,82"
2024,SWF091,2024-07-10 07:29:00,7.0,192.0,56.0195,-115.732833,Provincial Land,Lightning,"159,82"
2024,SWF094,2024-07-10 17:42:00,7.0,192.0,57.317833,-114.640517,Provincial Land,Lightning,"163,86"
2023,LWF003,2023-04-10 17:50:00,4.0,100.0,55.931957,-110.724847,Indian Reservation,Resident,"169,79"
2023,LWF005,2023-04-11 16:50:00,4.0,101.0,55.957033,-110.7092,Indian Reservation,Incendiary,"169,79"
2023,LWF006,2023-04-11 17:25:00,4.0,101.0,55.957117,-110.708617,Indian Reservation,Incendiary,"169,79"
2023,WWF054,2023-08-21 15:00:00,8.0,233.0,54.441033,-114.605333,Private Land,Agriculture Industry,"159,76"
2024,CWF052,2024-06-29 12:00:00,6.0,181.0,49.677117,-114.592667,Provincial Land,Recreation,"153,60"
2024,PWF049,2024-07-09 11:00:00,7.0,191.0,56.513567,-116.22385,Provincial Land,Power Line Industry,"159,84"
2024,GWF058,2024-07-19 01:00:00,7.0,201.0,55.782333,-119.681667,Provincial Land,Lightning,"151,85"
2024,GWF059,2024-07-19 20:00:00,7.0,201.0,55.736633,-119.39895,Provincial Land,Lightning,"152,84"
2024,GWF061,2024-07-19 18:00:00,7.0,201.0,55.047583,-118.51805,Provincial Land,Lightning,"153,81"
2024,CWF058,2024-07-20 16:00:00,7.0,202.0,51.54154,-114.969683,Provincial Land,Lightning,"155,67"
2024,CWF059,2024-07-20 16:00:00,7.0,202.0,51.540973,-114.970867,Provincial Land,Lightning,"155,67"
2023,RWF059,2023-06-24 17:05:00,6.0,175.0,53.024117,-115.561917,Provincial Land,Lightning,"156,72"
2023,HWF123,2023-07-08 14:30:00,7.0,189.0,58.04945,-115.6104,Indian Reservation,Agriculture Industry,"162,89"
2023,HWF124,2023-07-09 11:10:00,7.0,190.0,59.046633,-117.080833,Provincial Land,Lightning,"161,94"
2023,CWF039,2023-07-22 12:00:00,7.0,203.0,51.632,-115.098783,Provincial Land,Recreation,"155,67"
2023,CWF040,2023-07-22 12:00:00,7.0,203.0,51.55045,-115.205117,Provincial Land,Recreation,"154,67"
2023,HWF147,2023-08-08 14:23:00,8.0,220.0,58.235023,-116.459677,Provincial Land,Lightning,"161,90"
2023,RWF073,2023-09-15 13:44:00,9.0,258.0,52.39525,-114.977717,Provincial Land,Resident,"156,69"
2023,LWF185,2023-10-08 22:00:00,10.0,281.0,55.258233,-113.225867,Indian Reservation,Undetermined,"163,78"
2023,LWF186,2023-10-09 17:47:00,10.0,282.0,55.264383,-113.230617,Indian Reservation,Incendiary,"163,78"
2023,EWF083,2023-10-18 04:40:00,10.0,291.0,53.562817,-116.60625,Provincial Land,Incendiary,"154,75"
2023,HWF170,2023-10-21 08:40:00,10.0,294.0,58.256033,-115.819922,Provincial Land,Power Line Industry,"162,90"
2023,GWF078,2023-11-10 10:00:00,11.0,314.0,55.193153,-117.367745,Private Land,Resident,"155,81"
2023,GWF063,2023-09-01 18:15:00,9.0,244.0,55.916133,-118.621367,Provincial Land,Resident,"154,84"
2024,SWF063,2024-06-30 16:00:00,6.0,182.0,56.950113,-115.003802,Provincial Land,Lightning,"162,85"
2024,SWF065,2024-06-30 17:47:00,6.0,182.0,56.965217,-113.353733,Provincial Land,Lightning,"165,84"
2024,SWF066,2024-06-30 17:40:00,6.0,182.0,57.23715,-115.306867,Provincial Land,Lightning,"162,86"
2024,RWF045,2024-07-10 19:05:00,7.0,192.0,52.817467,-115.277133,Provincial Land,Lightning,"156,71"
2024,HWF097,2024-07-04 13:58:00,7.0,186.0,58.52665,-117.917617,Provincial Land,Lightning,"159,92"
2024,PWF079,2024-07-16 21:00:00,7.0,198.0,57.5606,-117.01995,Provincial Land,Lightning,"159,89"
2024,PWF083,2024-07-17 21:00:00,7.0,199.0,57.191833,-117.771667,Provincial Land,Lightning,"157,88"
2024,EWF082,2024-07-20 23:00:00,7.0,202.0,52.838783,-116.7433,Provincial Land,Resident,"153,72"
2024,EWF083,2024-07-19 17:58:00,7.0,201.0,53.736317,-117.4714,Provincial Land,Lightning,"153,76"
2024,EWF084,2024-07-21 17:30:00,7.0,203.0,53.754517,-117.097717,Provincial Land,Under Investigation,"153,76"
2024,CWF060,2024-07-22 18:00:00,7.0,204.0,51.50995,-115.262,Provincial Land,Lightning,"154,67"
2024,SWF115,2024-07-13 10:15:00,7.0,195.0,56.518933,-115.18111,Provincial Land,Lightning,"161,84"
2023,PWF025,2023-05-03 15:15:00,5.0,123.0,56.258832,-117.318267,Provincial Land,Undetermined,"157,84"
2023,PWF026,2023-05-03 16:00:00,5.0,123.0,56.5195,-119.2975,Private Land,Agriculture Industry,"153,87"
2023,PWF027,2023-01-01 12:00:00,1.0,1.0,56.415317,-118.697967,Private Land,Agriculture Industry,"154,86"
2023,EWF077,2023-07-23 20:54:00,7.0,204.0,53.718717,-116.8795,Provincial Land,Lightning,"154,76"
2024,LWF031,2024-04-14 14:00:00,4.0,105.0,55.9226,-110.729736,Indian Reservation,Resident,"169,79"
2024,MWF008,2024-04-14 16:00:00,4.0,105.0,56.62685,-111.364,Provincial Land,Power Line Industry,"168,82"
2024,SWF031,2024-04-24 17:05:00,4.0,115.0,55.935283,-113.733367,Provincial Land,Undetermined,"163,81"
2024,LWF034,2024-04-14 21:00:00,4.0,105.0,54.651433,-111.8871,Indian Reservation,Resident,"165,75"
2024,WWF015,2024-04-25 09:00:00,4.0,116.0,54.206115,-116.05996,Provincial Land,Incendiary,"156,76"
2023,SWF112,2023-06-28 18:33:00,6.0,179.0,57.3122,-115.486433,Provincial Land,Lightning,"161,87"
2023,PWF094,2023-07-10 05:00:00,7.0,191.0,56.891447,-118.425612,Provincial Land,Lightning,"155,87"
2023,PWF096,2023-07-10 13:00:00,7.0,191.0,57.091883,-118.34095,Provincial Land,Lightning,"156,88"
2024,GWF048,2024-07-19 15:35:00,7.0,201.0,54.462,-118.672667,Provincial Land,Lightning,"151,80"
2024,LWF170,2024-07-22 03:00:00,7.0,204.0,54.919953,-112.876295,Private Land,Power Line Industry,"163,77"
2024,PWF086,2024-07-18 18:00:00,7.0,200.0,56.479783,-119.976983,Provincial Land,Lightning,"152,87"
2024,RWF059,2024-07-22 17:45:00,7.0,204.0,52.501667,-116.2305,Provincial Land,Lightning,"154,71"
2024,GWF068,2024-07-22 21:44:00,7.0,204.0,55.335,-117.822617,Provincial Land,Lightning,"154,82"
2024,EWF088,2024-07-20 15:00:00,7.0,202.0,53.3902,-115.284633,Provincial Land,Lightning,"157,73"
2023,SWF047,2023-04-29 16:00:00,4.0,119.0,55.305217,-115.298417,Private Land,Agriculture Industry,"159,80"
2023,LWF113,2023-05-12 07:59:00,5.0,132.0,55.119217,-112.4723,Private Land,Agriculture Industry,"164,77"
2023,CWF016,2023-05-20 12:00:00,5.0,140.0,51.223033,-114.85285,Private Land,Resident,"155,65"
2023,LWF176,2023-08-07 16:00:00,8.0,219.0,54.763267,-114.084833,Provincial Land,Power Line Industry,"161,77"
2023,GWF061,2023-08-02 17:20:00,8.0,214.0,54.604367,-118.6698,Provincial Land,Lightning,"152,80"
2024,EWF001,2024-01-30 06:00:00,1.0,30.0,53.142867,-117.4023,Provincial Land,Forest Industry,"152,74"
2024,SWF013,2024-03-31 12:00:00,3.0,91.0,56.407797,-115.338427,Provincial Land,Undetermined,"160,83"
2024,LWF026,2024-04-09 16:15:00,4.0,100.0,55.9283,-110.725083,Indian Reservation,Incendiary,"169,79"
2024,SWF017,2024-04-10 11:00:00,4.0,101.0,55.949726,-113.819085,Provincial Land,Undetermined,"163,81"
2024,MWF007,2024-04-11 12:00:00,4.0,102.0,56.673117,-111.104783,Provincial Land,Recreation,"169,82"
2024,EWF013,2024-04-11 12:12:00,4.0,102.0,53.568248,-116.529145,Private Land,Undetermined,"154,75"
2024,SWF029,2024-04-22 11:00:00,4.0,113.0,55.863927,-113.451553,Indian Reservation,Resident,"163,80"
2024,PWF028,2024-05-02 12:00:00,5.0,123.0,57.60175,-117.5735,Provincial Land,Railroad,"158,89"
2024,EWF028,2024-05-04 11:00:00,5.0,125.0,53.66795,-115.2738,Private Land,Agriculture Industry,"157,74"
2023,LWF192,2023-12-02 18:00:00,12.0,336.0,54.819433,-113.5618,Private Land,Resident,"162,77"
2024,RWF028,2024-06-21 13:36:00,6.0,173.0,52.103833,-115.190167,Provincial Land,Lightning,"155,69"
2024,LWF104,2024-07-01 14:00:00,7.0,183.0,55.151,-112.4807,Provincial Land,Undetermined,"164,77"
2024,HWF133,2024-07-15 12:00:00,7.0,197.0,57.443367,-115.839542,Provincial Land,Lightning,"161,87"
2024,MWF083,2024-07-16 14:10:00,7.0,198.0,56.675217,-112.033367,Provincial Land,Lightning,"167,82"
2024,EWF087,2024-07-19 18:18:00,7.0,201.0,53.616467,-117.095833,Provincial Land,Lightning,"153,75"
2024,HWF148,2024-07-23 10:23:00,7.0,205.0,57.940163,-116.37475,Provincial Land,Lightning,"161,89"
2024,LWF172,2024-07-23 11:00:00,7.0,205.0,54.57954,-110.465088,Provincial Land,Power Line Industry,"168,74"
2023,PWF047,2023-05-21 22:30:00,5.0,141.0,56.386502,-116.871567,Provincial Land,Power Line Industry,"158,84"
2023,PWF049,2023-05-29 13:30:00,5.0,149.0,57.082523,-118.130137,Provincial Land,Forest Industry,"156,88"
2023,LWF140,2023-05-30 11:30:00,5.0,150.0,55.646301,-112.250185,Provincial Land,Lightning,"165,79"
2023,LWF141,2023-05-30 12:00:00,5.0,150.0,55.110833,-113.189167,Provincial Land,Lightning,"163,77"
2023,MWF043,2023-06-28 17:58:00,6.0,179.0,59.7624,-111.149033,Provincial Land,Lightning,"172,92"
2023,MWF044,2023-06-29 15:04:00,6.0,180.0,57.067333,-112.158333,Provincial Land,Lightning,"167,84"
2023,MWF045,2023-06-28 19:28:00,6.0,179.0,56.98195,-110.9728,Provincial Land,Lightning,"169,82"
2023,MWF036,2023-06-28 18:59:00,6.0,179.0,59.797183,-110.91305,Provincial Land,Lightning,"173,92"
2023,MWF037,2023-06-29 13:08:00,6.0,180.0,57.444917,-113.35255,Provincial Land,Lightning,"165,86"
2023,MWF038,2023-06-09 13:15:00,6.0,160.0,57.460167,-113.390167,Provincial Land,Lightning,"165,86"
2023,MWF039,2023-06-29 13:15:00,6.0,180.0,57.421667,-113.400667,Provincial Land,Lightning,"165,86"
2023,MWF040,2023-06-29 12:55:00,6.0,180.0,57.408,-113.496,Provincial Land,Lightning,"165,86"
2023,MWF041,2023-06-29 12:20:00,6.0,180.0,57.4795,-113.258333,Provincial Land,Lightning,"166,86"
2024,MWF075,2024-07-10 18:53:00,7.0,192.0,56.384667,-111.748667,Provincial Land,Lightning,"167,81"
2024,EWF063,2024-07-11 17:18:00,7.0,193.0,53.51355,-115.7325,Provincial Land,Lightning,"156,74"
2024,EWF064,2024-07-11 17:26:00,7.0,193.0,53.53875,-115.633083,Provincial Land,Lightning,"156,74"
2023,LWF027,2023-04-21 16:15:00,4.0,111.0,55.927617,-110.717083,Indian Reservation,Incendiary,"169,79"
2023,LWF028,2023-04-22 07:00:00,4.0,112.0,55.67655,-111.106467,Provincial Land,Incendiary,"168,78"
2023,LWF029,2023-04-22 10:40:00,4.0,112.0,55.92675,-110.723967,Indian Reservation,Incendiary,"169,79"
2023,LWF030,2023-04-22 10:50:00,4.0,112.0,55.929517,-110.724717,Indian Reservation,Incendiary,"169,79"
2023,LWF031,2023-04-22 10:50:00,4.0,112.0,55.934017,-110.735933,Indian Reservation,Incendiary,"169,79"
2023,LWF032,2023-04-22 12:15:00,4.0,112.0,55.929435,-110.722565,Indian Reservation,Incendiary,"169,79"
2023,EWF030,2023-05-02 13:30:00,5.0,122.0,53.3757,-116.8433,Provincial Land,Undetermined,"153,74"
2023,EWF032,2023-05-04 15:09:00,5.0,124.0,53.598167,-116.357783,Private Land,Resident,"155,75"
2023,PWF031,2023-05-05 04:00:00,5.0,125.0,56.492267,-116.502883,Indian Reservation,Resident,"158,85"
2023,RWF061,2023-06-26 11:15:00,6.0,177.0,52.2145,-115.075333,Provincial Land,Resident,"156,69"
2023,PWF077,2023-06-29 15:15:00,6.0,180.0,56.5985,-117.712833,Private Land,Resident,"156,86"
2023,PWF079,2023-06-28 13:00:00,6.0,179.0,57.707633,-118.32575,Provincial Land,Lightning,"157,90"
2023,LWF180,2023-08-30 04:18:00,8.0,242.0,54.61645,-111.844417,Provincial Land,Resident,"165,75"
2024,HWF025,2024-04-29 12:00:00,4.0,120.0,58.689483,-118.660883,Indian Reservation,Incendiary,"158,94"
2024,WWF033,2024-06-23 15:30:00,6.0,175.0,54.704833,-114.799917,Provincial Land,Lightning,"159,77"
2024,LWF157,2024-07-16 16:00:00,7.0,198.0,55.965367,-112.502667,Provincial Land,Lightning,"165,80"
2024,HWF151,2024-07-23 12:11:00,7.0,205.0,58.525467,-117.91035,Provincial Land,Lightning,"159,92"
2024,GWF070,2024-07-23 05:53:00,7.0,205.0,55.724367,-119.49855,Provincial Land,Lightning,"152,84"
2024,MWF091,2024-07-24 02:33:00,7.0,206.0,56.540817,-111.659533,Provincial Park,Lightning,"168,81"
2024,PWF087,2024-07-17 21:00:00,7.0,199.0,57.220217,-119.2902,Provincial Land,Lightning,"154,89"
2023,WWF011,2023-01-31 00:00:00,1.0,31.0,54.153936,-116.528282,Provincial Land,Forest Industry,"155,77"
2023,WWF029,2023-05-10 18:55:00,5.0,130.0,54.160432,-115.319443,Provincial Land,Lightning,"158,76"
2023,LWF164,2023-06-30 18:00:00,6.0,181.0,56.12109,-110.426263,Provincial Land,Lightning,"170,79"
2023,LWF193,2023-12-17 13:00:00,12.0,351.0,54.780467,-111.24715,DND,Recreation,"166,75"
2023,LWF194,2023-12-28 00:00:00,12.0,362.0,54.702333,-113.635066,Provincial Park,Recreation,"162,76"
2024,GWF001,2024-01-05 12:00:00,1.0,5.0,55.540617,-119.397033,Provincial Land,Recreation,"152,84"
2024,MWF002,2024-01-21 15:00:00,1.0,21.0,57.08761,-111.698803,Provincial Land,Recreation,"168,83"
2024,PWF005,2024-03-08 10:00:00,3.0,68.0,56.476868,-118.907457,Private Land,Agriculture Industry,"154,86"
2024,EWF036,2024-05-28 16:45:00,5.0,149.0,53.554473,-115.304505,Private Land,Resident,"157,74"
2024,PWF042,2024-06-29 19:00:00,6.0,181.0,57.049133,-117.882833,Provincial Land,Lightning,"157,87"
2024,PWF053,2024-07-10 16:00:00,7.0,192.0,57.064017,-118.520267,Provincial Land,Lightning,"156,88"
2024,PWF054,2024-07-10 19:00:00,7.0,192.0,57.5332,-118.3387,Provincial Land,Lightning,"157,89"
2024,LWF168,2024-07-18 15:30:00,7.0,200.0,55.7785,-111.2115,Provincial Land,Lightning,"168,78"
2024,GWF056,2024-07-19 19:03:00,7.0,201.0,55.852217,-119.297,Provincial Land,Lightning,"152,85"
2024,RWF060,2024-07-22 17:00:00,7.0,204.0,52.52335,-116.240817,Provincial Land,Lightning,"154,71"
2024,CWF057,2024-07-20 16:00:00,7.0,202.0,51.540983,-114.97085,Provincial Land,Lightning,"155,67"
2024,GWF064,2024-07-21 01:00:00,7.0,203.0,54.997633,-118.70132,Provincial Land,Lightning,"152,81"
2024,PWF078,2024-07-13 18:00:00,7.0,195.0,56.667672,-116.236125,Provincial Land,Lightning,"159,85"
2023,HWF037,2023-05-03 19:30:00,5.0,123.0,58.501267,-115.1547,Indian Reservation,Under Investigation,"164,90"
2023,CWF004,2023-05-05 12:00:00,5.0,125.0,51.228133,-114.857,Private Land,Resident,"155,65"
2023,HWF153,2023-09-09 17:15:00,9.0,252.0,58.369333,-116.155,Provincial Land,Resident,"162,91"
2023,EWF089,2023-12-13 14:00:00,12.0,347.0,53.993883,-118.477083,Provincial Land,Under Investigation,"151,78"
2024,WWF001,2024-01-15 12:00:00,1.0,15.0,54.701,-116.25,Provincial Land,Forest Industry,"156,78"
2024,LWF022,2024-04-01 09:00:00,4.0,92.0,54.475857,-111.241035,Provincial Land,Power Line Industry,"166,74"
2024,MWF006,2024-04-09 00:00:00,4.0,100.0,56.074317,-111.882317,Provincial Land,Incendiary,"167,80"
2024,LWF075,2024-05-08 14:23:00,5.0,129.0,55.13525,-112.92955,Provincial Land,Resident,"164,77"
2024,WWF020,2024-05-08 16:00:00,5.0,129.0,54.099613,-117.53241,Provincial Land,Oil & Gas Industry,"153,77"
2024,CWF007,2024-05-08 14:00:00,5.0,129.0,50.1045,-114.222883,Provincial Land,Undetermined,"155,61"
2024,CWF008,2024-05-09 11:10:00,5.0,130.0,51.115917,-115.031233,Private Land,Power Line Industry,"154,65"
2024,LWF067,2024-05-04 01:50:00,5.0,125.0,56.021917,-111.932017,Provincial Land,Resident,"167,80"
2024,LWF158,2024-07-16 18:15:00,7.0,198.0,54.794083,-110.273233,DND,Lightning,"168,74"
2024,LWF138,2024-07-16 14:28:00,7.0,198.0,54.954933,-110.404417,DND,Lightning,"168,75"
2024,RWF058,2024-07-19 20:00:00,7.0,201.0,52.85755,-116.034067,Provincial Land,Forest Industry,"154,72"
2024,SWF107,2024-07-10 15:36:00,7.0,192.0,56.942383,-115.548683,Provincial Land,Lightning,"161,85"
2024,SWF133,2024-07-21 18:10:00,7.0,203.0,57.130717,-115.072333,Provincial Land,Undetermined,"162,86"
2024,RWF064,2024-07-22 12:00:00,7.0,204.0,52.193833,-116.105,Provincial Land,Lightning,"153,70"
2024,RWF052,2024-07-16 15:53:00,7.0,198.0,52.125583,-115.166833,Provincial Land,Lightning,"155,69"
2024,HWF063,2024-07-01 12:47:00,7.0,183.0,58.154083,-114.437633,Provincial Land,Lightning,"164,89"
2024,CWF061,2024-07-27 21:00:00,7.0,209.0,49.662078,-114.584572,Provincial Land,Recreation,"153,60"
2023,MWF007,2023-04-30 15:45:00,4.0,120.0,57.098633,-111.753067,Provincial Land,Oil & Gas Industry,"168,83"
2023,MWF008,2023-04-29 22:30:00,4.0,119.0,58.720972,-111.158783,Provincial Land,Recreation,"171,89"
2023,MWF009,2023-05-02 13:40:00,5.0,122.0,56.436532,-111.201132,Provincial Land,Undetermined,"168,81"
2023,RWF023,2023-05-03 16:05:00,5.0,123.0,52.664333,-115.439133,Provincial Land,Lightning,"155,71"
2023,CWF021,2023-06-03 12:00:00,6.0,154.0,51.279,-115.148,Provincial Land,Recreation,"154,66"
2023,WWF048,2023-06-27 17:32:00,6.0,178.0,54.273095,-116.068162,Provincial Land,Lightning,"156,77"
2024,LWF021,2024-03-30 15:00:00,3.0,90.0,54.678887,-111.911827,Indian Reservation,Resident,"165,75"
2024,MWF004,2024-04-02 07:30:00,4.0,93.0,56.7466,-111.511,Provincial Land,Recreation,"168,82"
2024,SWF019,2024-04-12 14:10:00,4.0,103.0,54.794333,-115.517867,Provincial Land,Oil & Gas Industry,"158,78"
2024,SWF022,2023-12-10 09:00:00,12.0,344.0,55.286033,-114.467633,Private Land,Resident,"161,79"
2024,LWF045,2024-04-20 21:00:00,4.0,111.0,55.273883,-113.235867,Private Land,Resident,"163,78"
2024,LWF064,2024-04-27 16:30:00,4.0,118.0,54.666313,-114.199447,Provincial Land,Recreation,"160,77"
2023,GWF049,2023-07-10 17:03:00,7.0,191.0,55.073273,-117.008845,Provincial Land,Lightning,"156,80"
2024,PWF040,2024-06-14 12:00:00,6.0,166.0,57.73435,-118.383367,Provincial Land,Lightning,"157,90"
2024,RWF037,2024-06-24 17:00:00,6.0,176.0,51.652747,-115.25503,Provincial Land,Recreation,"154,67"
2024,HWF052,2024-06-28 15:30:00,6.0,180.0,58.86212,-117.603132,Provincial Land,Lightning,"160,93"
2024,PWF061,2024-07-11 18:00:00,7.0,193.0,57.2999,-117.96145,Provincial Land,Lightning,"157,88"
2024,EWF079,2024-07-20 15:00:00,7.0,202.0,53.3985,-115.281167,Provincial Land,Lightning,"157,73"
2024,SWF134,2024-07-22 16:00:00,7.0,204.0,55.592283,-116.652883,Provincial Land,Government,"157,82"
2024,WWF052,2024-07-24 18:00:00,7.0,206.0,54.125587,-115.387002,Private Land,Under Investigation,"157,76"
2024,HWF041,2024-05-29 00:00:00,5.0,150.0,58.710883,-118.68745,Indian Reservation,Resident,"158,94"
2024,LWF109,2024-07-05 20:00:00,7.0,187.0,55.728233,-110.777283,Provincial Land,Lightning,"168,78"
2023,LWF043,2023-04-24 08:01:00,4.0,114.0,54.617333,-111.679333,Provincial Land,Undetermined,"165,75"
2023,WWF028,2023-05-13 17:10:00,5.0,133.0,54.452367,-117.440717,Provincial Land,Undetermined,"154,78"
2023,LWF121,2023-05-16 15:00:00,5.0,136.0,55.236467,-111.31975,Provincial Land,Incendiary,"167,77"
2023,EWF072,2023-06-20 09:00:00,6.0,171.0,53.57195,-116.342467,Provincial Land,Resident,"155,75"
2023,PWF113,2023-07-20 19:00:00,7.0,201.0,57.306467,-118.547967,Provincial Land,Lightning,"156,89"
2023,CWF067,2023-08-15 12:00:00,8.0,227.0,49.941283,-114.077117,Provincial Land,Recreation,"155,60"
2024,GWF003,2024-02-23 05:30:00,2.0,54.0,55.580033,-118.503383,Private Land,Resident,"153,83"
2024,GWF004,2024-02-01 08:00:00,2.0,32.0,55.328707,-117.311815,Private Land,Resident,"155,81"
2024,GWF006,2024-02-01 08:00:00,2.0,32.0,55.967033,-119.209617,Private Land,Resident,"153,85"
2023,RWF072,2023-09-02 16:50:00,9.0,245.0,52.7473,-115.9678,Provincial Land,Forest Industry,"154,71"
2023,HWF173,2023-12-18 11:00:00,12.0,352.0,57.655217,-115.480517,Provincial Land,Forest Industry,"162,88"
2023,HWF174,2023-12-18 11:15:00,12.0,352.0,57.61645,-115.631867,Provincial Land,Forest Industry,"162,88"
2023,HWF175,2023-12-18 11:23:00,12.0,352.0,57.5435,-115.49873,Provincial Land,Forest Industry,"162,87"
2024,EWF045,2024-06-07 19:00:00,6.0,159.0,53.569617,-116.597167,Private Land,Resident,"154,75"
2024,LWF188,2024-08-26 20:00:00,8.0,239.0,54.675,-111.8547,Indian Reservation,Undetermined,"165,75"
2024,MWF036,2024-07-01 14:31:00,7.0,183.0,57.1308,-112.238467,Provincial Land,Lightning,"167,84"
2024,MWF037,2024-07-01 14:45:00,7.0,183.0,56.349633,-111.3296,Provincial Land,Lightning,"168,81"
2024,LWF131,2024-07-13 15:00:00,7.0,195.0,55.670117,-112.556183,Provincial Land,Lightning,"165,79"
2024,LWF132,2024-07-13 15:56:00,7.0,195.0,55.115917,-110.3172,DND,Lightning,"169,76"
2024,HWF128,2024-07-14 00:00:00,7.0,196.0,59.875117,-117.31305,Provincial Land,Agriculture Industry,"162,96"
2024,HWF048,2024-06-26 17:35:00,6.0,178.0,59.37,-114.11,Provincial Park,Lightning,"166,93"
2023,HWF042,2023-05-06 12:30:00,5.0,126.0,58.420217,-116.123117,Private Land,Power Line Industry,"162,91"
2023,HWF152,2023-09-09 15:40:00,9.0,252.0,58.363533,-116.206217,Provincial Land,Resident,"162,91"
2023,GWF072,2023-09-06 13:00:00,9.0,249.0,55.0674,-116.9169,Private Land,Agriculture Industry,"156,80"
2023,PWF125,2023-07-21 21:00:00,7.0,202.0,56.859183,-119.659367,Provincial Land,Lightning,"153,88"
2024,WWF002,2024-01-11 11:00:00,1.0,11.0,54.111497,-116.527878,Provincial Land,Forest Industry,"155,77"
2024,WWF005,2024-04-09 12:00:00,4.0,100.0,54.278103,-115.028435,Private Land,Undetermined,"158,76"
2024,LWF051,2024-04-22 19:58:00,4.0,113.0,55.913733,-110.738533,Provincial Land,Incendiary,"169,79"
2024,SWF035,2024-05-05 05:45:00,5.0,126.0,55.340283,-116.6972,Provincial Land,Undetermined,"156,81"
2024,MWF018,2024-05-09 18:00:00,5.0,130.0,58.795233,-111.0586,Provincial Land,Other Industry,"171,89"
2024,WWF025,2024-05-29 22:10:00,5.0,150.0,54.102188,-115.451598,Provincial Land,Power Line Industry,"157,76"
2024,RWF023,2024-06-11 16:30:00,6.0,163.0,52.6522,-115.751167,Provincial Land,Lightning,"155,71"
2024,MWF084,2024-07-16 15:01:00,7.0,198.0,56.1186,-111.296183,Provincial Land,Lightning,"168,80"
2024,SWF130,2024-07-10 23:11:00,7.0,192.0,57.348683,-115.6564,Provincial Land,Lightning,"161,87"
2024,PWF085,2024-07-19 19:00:00,7.0,201.0,56.456417,-117.703383,Provincial Land,Lightning,"156,85"
2024,MWF089,2024-07-21 23:40:00,7.0,203.0,59.979362,-111.832023,Provincial Land,Resident,"171,93"
2024,SWF135,2024-07-24 06:55:00,7.0,206.0,55.378117,-116.164867,Provincial Land,Lightning,"158,81"
2024,SWF119,2024-07-13 09:45:00,7.0,195.0,55.567467,-114.229333,Provincial Land,Lightning,"162,80"
2024,WWF054,2024-07-27 23:00:00,7.0,209.0,54.217178,-116.22071,Provincial Land,Under Investigation,"156,77"
2024,SWF116,2024-07-13 11:34:00,7.0,195.0,56.619717,-115.052633,Provincial Land,Lightning,"161,84"
2024,GWF065,2024-07-19 20:00:00,7.0,201.0,54.654667,-119.158933,Provincial Land,Lightning,"151,81"
2023,LWF063,2023-04-27 18:00:00,4.0,117.0,55.922683,-110.73245,Indian Reservation,Incendiary,"169,79"
2023,EWF039,2023-05-04 19:00:00,5.0,124.0,53.470617,-115.870717,Provincial Land,Undetermined,"156,74"
2023,WWF031,2023-05-21 22:05:00,5.0,141.0,54.340062,-115.698807,Provincial Land,Lightning,"157,77"
2023,MWF033,2023-06-13 14:56:00,6.0,164.0,56.465967,-112.101583,Provincial Land,Lightning,"167,81"
2023,HWF117,2023-07-06 13:55:00,7.0,187.0,58.657383,-115.91495,Provincial Land,Lightning,"162,91"
2023,HWF120,2023-07-06 15:00:00,7.0,187.0,58.813,-114.304317,Provincial Land,Lightning,"165,91"
2023,PWF121,2023-07-22 12:00:00,7.0,203.0,57.252012,-117.095152,Provincial Park,Lightning,"158,88"
2023,PWF122,2023-07-23 15:00:00,7.0,204.0,57.208018,-116.899912,Provincial Land,Lightning,"159,87"
2023,PWF123,2023-07-23 14:00:00,7.0,204.0,56.821283,-116.6461,Provincial Land,Lightning,"159,86"
2023,PWF126,2023-07-23 22:00:00,7.0,204.0,56.725667,-118.283667,Provincial Land,Lightning,"155,87"
2023,LWF161,2023-06-29 12:27:00,6.0,180.0,54.926417,-112.119517,Private Land,Power Line Industry,"165,76"
2023,GWF059,2023-08-11 00:00:00,8.0,223.0,55.332411,-117.189923,Private Land,Resident,"156,81"
2024,HWF037,2024-05-11 13:15:00,5.0,132.0,58.485167,-117.0989,Provincial Land,Resident,"160,92"
2024,SWF103,2024-07-10 10:30:00,7.0,192.0,56.251498,-114.894252,Provincial Land,Lightning,"161,83"
2024,SWF102,2024-07-11 09:00:00,7.0,193.0,55.110216,-116.685782,Provincial Land,Power Line Industry,"156,80"
2024,SWF104,2024-07-11 16:15:00,7.0,193.0,55.459128,-116.698658,Private Land,Agriculture Industry,"157,81"
2024,LWF155,2024-07-16 16:17:00,7.0,198.0,55.694833,-110.65785,Provincial Land,Lightning,"169,78"
2024,EWF071,2024-07-15 19:58:00,7.0,197.0,53.250748,-116.630935,Provincial Land,Lightning,"154,74"
2024,GWF050,2024-07-19 14:53:00,7.0,201.0,54.2975,-118.6605,Provincial Land,Lightning,"151,79"
2024,EWF073,2024-07-16 22:00:00,7.0,198.0,53.960983,-116.46145,Provincial Land,Incendiary,"155,76"
2024,EWF085,2024-07-18 17:50:00,7.0,200.0,53.256733,-115.696117,Provincial Land,Lightning,"156,73"
2024,EWF086,2024-07-16 22:27:00,7.0,198.0,53.3644,-115.32375,Provincial Land,Lightning,"157,73"
2023,SWF025,2023-04-25 21:30:00,4.0,115.0,55.374187,-115.698138,Provincial Land,Under Investigation,"158,80"
2023,SWF026,2023-04-25 21:30:00,4.0,115.0,55.394767,-115.739983,Indian Reservation,Under Investigation,"158,80"
2023,SWF027,2023-04-25 22:00:00,4.0,115.0,55.3674,-115.693283,Provincial Land,Under Investigation,"158,80"
2023,SWF042,2023-04-28 01:35:00,4.0,118.0,55.942499,-113.766876,Indian Reservation,Undetermined,"163,81"
2023,SWF043,2023-04-28 01:35:00,4.0,118.0,55.942499,-113.773321,Indian Reservation,Undetermined,"163,81"
2023,MWF010,2023-05-03 12:00:00,5.0,123.0,56.937483,-111.549817,Provincial Land,Recreation,"168,83"
2023,SWF066,2023-05-05 11:00:00,5.0,125.0,55.914167,-113.912783,Indian Reservation,Resident,"163,81"
2023,SWF067,2023-05-03 23:00:00,5.0,123.0,55.022167,-115.8975,Provincial Land,Lightning,"158,79"
2023,SWF069,2023-05-04 16:01:00,5.0,124.0,56.6665,-114.342017,Provincial Land,Lightning,"163,84"
2023,SWF070,2023-05-04 15:50:00,5.0,124.0,56.0145,-115.025017,Provincial Land,Lightning,"161,82"
2023,LWF159,2023-06-26 20:54:00,6.0,177.0,55.04205,-111.641617,Provincial Land,Lightning,"166,76"
2024,PWF007,2024-03-17 12:00:00,3.0,77.0,56.276867,-118.290917,Private Land,Resident,"155,85"
2024,CWF005,2024-04-22 16:30:00,4.0,113.0,51.4878,-114.682067,Private Land,Resident,"155,66"
2023,WWF004,2023-04-10 10:00:00,4.0,100.0,54.434143,-114.713867,Private Land,Agriculture Industry,"159,76"
2024,HWF024,2024-04-27 13:00:00,4.0,118.0,58.514133,-115.1582,Indian Reservation,Resident,"164,90"
2024,PWF012,2024-03-20 12:00:00,3.0,80.0,56.618817,-117.298967,Private Land,Agriculture Industry,"157,86"
2024,CWF045,2024-06-09 13:15:00,6.0,161.0,49.672718,-114.591507,Provincial Land,Recreation,"153,60"
2024,WWF029,2024-06-11 20:59:00,6.0,163.0,54.660542,-115.573922,Provincial Land,Lightning,"158,78"
2024,WWF045,2024-07-16 19:30:00,7.0,198.0,54.039333,-115.355178,Private Land,Agriculture Industry,"157,75"
2024,LWF166,2024-07-17 16:00:00,7.0,199.0,55.080817,-113.029317,Provincial Land,Lightning,"163,77"
2024,RWF054,2024-07-16 13:00:00,7.0,198.0,52.598583,-115.821217,Provincial Land,Lightning,"154,71"
2023,PWF020,2023-04-30 16:30:00,4.0,120.0,56.436028,-117.306303,Private Land,Resident,"157,85"
2023,LWF083,2023-05-03 17:05:00,5.0,123.0,55.917817,-110.7379,Indian Reservation,Incendiary,"169,79"
2023,LWF182,2023-09-26 13:00:00,9.0,269.0,55.91835,-110.731533,Indian Reservation,Undetermined,"169,79"
2023,CWF085,2023-10-13 12:00:00,10.0,286.0,49.428233,-114.4433,Provincial Land,Lightning,"153,59"
2023,HWF104,2023-07-03 14:50:00,7.0,184.0,59.955033,-116.247333,Provincial Land,Lightning,"164,96"
2024,LWF032,2024-04-14 14:10:00,4.0,105.0,55.93755,-110.721133,Indian Reservation,Incendiary,"169,79"
2024,HWF006,2024-04-15 15:00:00,4.0,106.0,58.471867,-116.158833,Provincial Land,Power Line Industry,"162,91"
2024,RWF009,2024-04-26 15:30:00,4.0,117.0,51.925117,-114.739,Private Land,Resident,"156,68"
2024,HWF026,2024-05-01 12:00:00,5.0,122.0,58.326644,-116.582435,Provincial Land,Recreation,"161,91"
2024,PWF029,2024-05-09 06:00:00,5.0,130.0,56.292268,-117.441222,Provincial Land,Undetermined,"156,85"
2024,GWF027,2024-05-09 12:05:00,5.0,130.0,55.6283,-119.2193,Provincial Land,Oil & Gas Industry,"152,84"
2024,PWF030,2024-05-09 18:30:00,5.0,130.0,57.76435,-117.084867,Provincial Land,Power Line Industry,"159,89"
2023,PWF151,2023-11-29 12:00:00,11.0,333.0,56.474133,-118.143917,Provincial Land,Recreation,"155,86"
2024,PWF044,2024-06-30 19:30:00,6.0,182.0,56.964917,-118.354467,Provincial Land,Lightning,"156,88"
2024,PWF045,2024-06-30 20:11:00,6.0,182.0,56.98865,-118.341033,Provincial Land,Lightning,"156,88"
2024,PWF046,2024-06-30 19:30:00,6.0,182.0,57.00825,-118.439483,Provincial Land,Lightning,"156,88"
2024,PWF047,2024-06-30 19:30:00,6.0,182.0,57.027167,-118.393833,Provincial Land,Lightning,"156,88"
2024,SWF110,2024-07-13 09:30:00,7.0,195.0,55.9033,-115.638133,Indian Reservation,Resident,"159,82"
2024,SWF111,2024-07-13 09:20:00,7.0,195.0,55.918483,-115.635767,Indian Reservation,Resident,"159,82"
2024,SWF112,2024-07-13 07:55:00,7.0,195.0,55.27905,-115.716917,Provincial Land,Lightning,"158,80"
2024,SWF113,2024-07-13 09:21:00,7.0,195.0,56.549517,-115.092233,Provincial Land,Lightning,"161,84"
2024,SWF114,2024-07-13 09:21:00,7.0,195.0,56.067887,-113.469737,Provincial Land,Lightning,"164,81"
2024,SWF117,2024-07-13 11:34:00,7.0,195.0,56.635083,-115.043433,Provincial Land,Lightning,"161,84"
2024,WWF046,2024-07-16 01:47:00,7.0,198.0,54.00177,-116.601028,Provincial Land,Lightning,"155,76"
2023,HWF012,2023-04-20 17:13:00,4.0,110.0,58.709167,-118.683367,Indian Reservation,Incendiary,"158,94"
2023,RWF012,2023-04-28 10:12:00,4.0,118.0,52.440283,-115.370667,Provincial Land,Undetermined,"155,70"
2023,CWF041,2023-07-26 13:36:00,7.0,207.0,51.2336,-114.870617,Provincial Land,Lightning,"155,65"
2024,GWF025,2024-05-02 17:02:00,5.0,123.0,55.046867,-118.8618,Private Land,Resident,"152,82"
2024,LWF077,2024-05-10 09:30:00,5.0,131.0,56.1615,-110.84825,Provincial Land,Power Line Industry,"169,80"
2024,LWF078,2024-05-10 13:15:00,5.0,131.0,56.161,-110.861333,Provincial Land,Power Line Industry,"169,80"
2024,PWF032,2024-05-10 19:00:00,5.0,131.0,57.929133,-117.548333,Provincial Land,Power Line Industry,"159,90"
2024,LWF079,2024-05-11 14:00:00,5.0,132.0,54.655562,-113.937065,Provincial Land,Power Line Industry,"161,76"
2024,GWF031,2024-05-14 22:00:00,5.0,135.0,55.068667,-118.80945,Provincial Park,Recreation,"152,82"
2024,RWF015,2024-05-16 14:51:00,5.0,137.0,51.622033,-114.747583,Provincial Land,Power Line Industry,"155,67"
2024,HWF087,2024-07-01 21:07:00,7.0,183.0,58.6787,-119.202117,Provincial Land,Lightning,"157,94"
2024,SWF105,2024-07-10 15:02:00,7.0,192.0,57.246667,-115.825933,Provincial Land,Lightning,"161,87"
2024,PWF066,2024-07-13 12:00:00,7.0,195.0,56.24375,-118.5037,Private Land,Lightning,"154,85"
2024,LWF127,2024-07-13 15:00:00,7.0,195.0,55.646,-112.81025,Provincial Land,Lightning,"164,79"
2024,LWF129,2024-07-13 15:00:00,7.0,195.0,55.56565,-112.552117,Provincial Land,Lightning,"165,79"
2024,GWF042,2024-07-14 11:40:00,7.0,196.0,54.694633,-117.067133,Private Land,Agriculture Industry,"155,79"
2024,LWF130,2024-07-13 16:00:00,7.0,195.0,55.0283,-110.4463,DND,Lightning,"168,75"
2024,EWF089,2024-07-19 19:49:00,7.0,201.0,53.99752,-116.931678,Provincial Land,Lightning,"154,76"
2024,HWF153,2024-07-24 02:00:00,7.0,206.0,58.65875,-118.558883,Provincial Land,Lightning,"158,93"
2024,GWF053,2024-07-19 15:50:00,7.0,201.0,54.994617,-118.70475,Provincial Land,Lightning,"152,81"
2023,RWF014,2023-04-30 13:52:00,4.0,120.0,52.955167,-114.957833,Private Land,Undetermined,"157,71"
2023,RWF015,2023-04-30 17:16:00,4.0,120.0,52.671333,-114.862533,Provincial Land,Resident,"157,70"
2023,RWF016,2023-04-01 17:48:00,4.0,91.0,52.761917,-115.351533,Indian Reservation,Resident,"156,71"
2023,LWF077,2023-04-30 22:00:00,4.0,120.0,55.916167,-110.7368,Indian Reservation,Incendiary,"169,79"
2023,CWF045,2023-07-31 12:00:00,7.0,212.0,50.843783,-114.573183,Provincial Land,Lightning,"155,64"
2023,CWF046,2023-07-31 12:00:00,7.0,212.0,51.153833,-114.891517,Indian Reservation,Incendiary,"155,65"
2023,GWF057,2023-08-07 19:44:00,8.0,219.0,54.996033,-119.316667,Provincial Land,Lightning,"151,82"
2023,GWF058,2023-08-11 17:04:00,8.0,223.0,55.603283,-119.4753,Provincial Land,Undetermined,"152,84"
2023,CWF079,2023-09-27 13:40:00,9.0,270.0,50.904833,-114.659183,Provincial Land,Resident,"155,64"
2024,MWF014,2024-04-27 11:50:00,4.0,118.0,56.3863,-111.027967,Provincial Land,Power Line Industry,"169,80"
2024,SWF033,2024-05-02 17:15:00,5.0,123.0,56.554378,-115.312767,Provincial Land,Undetermined,"161,84"
2024,WWF021,2024-05-09 14:00:00,5.0,130.0,54.225505,-115.786697,Indian Reservation,Under Investigation,"157,76"
2024,MWF019,2024-05-09 19:30:00,5.0,130.0,58.78995,-111.053612,Provincial Land,Recreation,"171,89"
2024,WWF024,2024-05-18 20:46:00,5.0,139.0,54.332843,-114.775963,Provincial Land,Incendiary,"159,76"
2023,PWF074,2023-06-28 15:17:00,6.0,179.0,56.45255,-116.179783,Provincial Land,Undetermined,"159,84"
2023,PWF075,2023-06-27 12:00:00,6.0,178.0,57.0795,-118.3585,Provincial Land,Lightning,"156,88"
2023,PWF076,2023-06-27 12:00:00,6.0,178.0,56.724,-118.750217,Provincial Land,Lightning,"155,87"
2024,EWF050,2024-06-15 11:53:00,6.0,167.0,53.725717,-115.313717,Private Land,Resident,"157,74"
2024,EWF057,2024-06-04 22:51:00,6.0,156.0,53.410617,-116.123917,Provincial Land,Lightning,"155,74"
2024,EWF058,2024-06-23 15:52:00,6.0,175.0,53.400917,-115.72495,Provincial Land,Lightning,"156,73"
2024,HWF124,2024-07-11 13:00:00,7.0,193.0,58.069867,-115.056433,Provincial Land,Lightning,"163,89"
2024,RWF042,2024-07-10 13:55:00,7.0,192.0,52.498283,-115.923083,Provincial Land,Oil & Gas Industry,"154,71"
2024,GWF044,2024-07-16 11:37:00,7.0,198.0,54.833667,-118.650333,Provincial Land,Oil & Gas Industry,"152,81"
2024,SWF127,2024-07-18 09:10:00,7.0,200.0,55.33785,-114.7408,Provincial Land,Other Industry,"160,79"
2023,HWF006,2023-04-16 14:15:00,4.0,106.0,58.128917,-116.294,Provincial Land,Power Line Industry,"161,90"
2023,HWF007,2023-04-17 14:25:00,4.0,107.0,58.385533,-116.177633,Provincial Land,Power Line Industry,"162,91"
2023,PWF016,2023-04-27 15:30:00,4.0,117.0,56.45685,-116.077467,Indian Reservation,Resident,"159,84"
2023,SWF055,2023-05-03 10:35:00,5.0,123.0,54.966217,-115.57085,Provincial Land,Power Line Industry,"158,79"
2023,GWF031,2023-05-21 19:43:00,5.0,141.0,55.350571,-117.11932,Provincial Land,Lightning,"156,81"
2023,PWF128,2023-08-02 12:00:00,8.0,214.0,56.177685,-116.799293,Provincial Land,Recreation,"157,84"
2023,PWF142,2023-10-15 09:30:00,10.0,288.0,56.979133,-117.324533,Private Land,Resident,"158,87"
2024,PWF009,2024-03-28 13:50:00,3.0,88.0,56.6755,-117.247917,Private Land,Incendiary,"157,86"
2024,WWF022,2024-05-14 14:30:00,5.0,135.0,54.51416,-114.576743,Private Land,Agriculture Industry,"160,76"
2024,CWF012,2024-05-19 08:00:00,5.0,140.0,51.631595,-115.095993,Provincial Land,Recreation,"155,67"
2024,EWF096,2024-08-11 18:00:00,8.0,224.0,54.17195,-118.21125,Provincial Land,Lightning,"152,78"
2024,PWF099,2024-08-29 18:00:00,8.0,242.0,56.623217,-119.636133,Provincial Land,Lightning,"153,87"
2024,HWF126,2024-07-11 13:00:00,7.0,193.0,58.584883,-118.82945,Provincial Land,Lightning,"157,93"
2024,HWF131,2024-07-11 09:47:00,7.0,193.0,58.59707,-118.893092,Provincial Land,Lightning,"157,93"
2024,RWF072,2024-07-20 17:00:00,7.0,202.0,51.722783,-115.405717,Provincial Land,Lightning,"154,68"
2024,PWF090,2024-07-23 23:00:00,7.0,205.0,57.1919,-118.435733,Provincial Land,Lightning,"156,88"
2024,PWF091,2024-07-13 23:00:00,7.0,195.0,57.232767,-118.423083,Provincial Land,Lightning,"156,89"
2024,CWF062,2024-07-29 16:00:00,7.0,211.0,51.018647,-115.396302,Provincial Park,Recreation,"153,65"
2024,PWF092,2024-07-31 10:00:00,7.0,213.0,56.691694,-117.360465,Private Land,Agriculture Industry,"157,86"
2024,SWF075,2024-07-08 17:15:00,7.0,190.0,56.43835,-115.926707,Provincial Land,Lightning,"159,84"
2024,SWF076,2024-06-30 18:21:00,6.0,182.0,57.225183,-115.8255,Provincial Land,Lightning,"161,87"
2024,SWF136,2024-07-30 19:00:00,7.0,212.0,56.033378,-113.85808,Provincial Land,Power Line Industry,"163,81"
2024,EWF097,2024-08-04 21:00:00,8.0,217.0,53.5292,-116.7998,Provincial Land,Incendiary,"154,75"
2024,MWF068,2024-07-10 15:10:00,7.0,192.0,57.420957,-113.759147,Provincial Land,Lightning,"165,86"
2024,WWF063,2024-09-30 19:30:00,9.0,274.0,54.097531,-115.618998,Private Land,Under Investigation,"157,76"
2024,GWF062,2024-07-19 22:40:00,7.0,201.0,54.519478,-117.380935,Provincial Land,Lightning,"154,79"
2024,PWF097,2024-08-23 17:00:00,8.0,236.0,57.933917,-119.328517,Provincial Land,Lightning,"155,92"
2024,WWF068,2024-10-08 16:15:00,10.0,282.0,54.103067,-115.451567,Provincial Land,Under Investigation,"157,76"
2024,WWF070,2024-10-08 17:25:00,10.0,282.0,54.341283,-114.765867,Provincial Land,Under Investigation,"159,76"
2024,WWF069,2024-10-08 17:45:00,10.0,282.0,54.290333,-116.371133,Provincial Land,Under Investigation,"156,77"
2024,PWF094,2024-08-15 18:55:00,8.0,228.0,56.195867,-116.96945,Provincial Land,Lightning,"157,84"
2024,LWF163,2024-07-16 16:00:00,7.0,198.0,55.097467,-110.53035,DND,Lightning,"168,76"
2024,MWF101,2024-10-13 14:00:00,10.0,287.0,56.637485,-111.145187,Provincial Land,Recreation,"169,81"
2024,HWF184,2024-10-01 12:00:00,10.0,275.0,58.83545,-117.424633,Provincial Land,Recreation,"160,93"
2024,HWF185,2024-10-14 12:00:00,10.0,288.0,58.857783,-117.407417,Provincial Land,Recreation,"160,93"
2024,CWF066,2024-08-04 15:00:00,8.0,217.0,50.579333,-115.056833,Provincial Park,Lightning,"153,63"
2024,HWF170,2024-08-20 19:30:00,8.0,233.0,58.494283,-116.564583,Private Land,Agriculture Industry,"161,91"
2024,GWF099,2024-08-30 15:45:00,8.0,243.0,55.401383,-119.723333,Private Land,Resident,"151,84"
2024,PWF109,2024-10-23 13:30:00,10.0,297.0,56.475857,-118.712593,Private Land,Agriculture Industry,"154,86"
2024,PWF110,2024-10-23 13:20:00,10.0,297.0,56.472412,-118.712395,Private Land,Agriculture Industry,"154,86"
2024,LWF196,2024-09-15 02:30:00,9.0,259.0,55.627,-111.088,Provincial Land,Resident,"168,78"
2024,EWF112,2024-10-08 16:30:00,10.0,282.0,53.791383,-116.1175,Provincial Land,Power Line Industry,"155,75"
2024,EWF113,2024-10-08 16:30:00,10.0,282.0,53.700767,-116.163717,Provincial Land,Power Line Industry,"155,75"
2024,EWF114,2024-10-08 16:30:00,10.0,282.0,53.62395,-115.771083,Private Land,Power Line Industry,"156,74"
2024,PWF089,2024-07-15 22:00:00,7.0,197.0,57.293817,-118.643367,Provincial Land,Lightning,"156,89"
2024,LWF119,2024-07-10 18:00:00,7.0,192.0,55.787083,-111.514083,Provincial Land,Lightning,"167,79"
2024,LWF171,2024-07-22 07:00:00,7.0,204.0,55.42055,-110.78385,Provincial Land,Lightning,"168,77"
2024,RWF063,2024-07-22 12:00:00,7.0,204.0,52.449667,-116.819667,Provincial Land,Lightning,"152,71"
2024,GWF103,2024-09-11 21:15:00,9.0,255.0,55.067717,-118.706217,Provincial Land,Recreation,"152,82"
2024,CWF053,2024-07-13 12:00:00,7.0,195.0,51.57678,-114.95968,Provincial Land,Recreation,"155,67"
2024,GWF086,2024-07-23 21:13:00,7.0,205.0,55.881167,-119.093833,Provincial Land,Lightning,"153,85"
2024,HWF146,2024-07-01 01:30:00,7.0,183.0,59.039667,-119.046283,Provincial Land,Lightning,"158,95"
2024,LWF149,2024-07-16 17:00:00,7.0,198.0,55.10065,-111.119267,DND,Lightning,"167,76"
2024,MWF098,2024-09-24 13:00:00,9.0,268.0,57.399483,-112.478283,Provincial Land,Recreation,"167,85"
2024,HWF183,2024-10-14 13:00:00,10.0,288.0,58.466083,-114.538917,Indian Reservation,Resident,"165,90"
2024,MWF082,2024-07-16 14:23:00,7.0,198.0,56.591477,-112.247133,Provincial Land,Lightning,"167,82"
2024,LWF123,2024-07-11 18:42:00,7.0,193.0,56.246653,-110.22314,Provincial Land,Lightning,"170,80"
2024,LWF126,2024-07-12 10:45:00,7.0,194.0,56.221183,-110.427267,Provincial Land,Lightning,"170,80"
2024,LWF156,2024-07-06 17:00:00,7.0,188.0,55.73105,-110.435342,Provincial Land,Lightning,"169,78"
2024,HWF072,2024-07-02 09:42:00,7.0,184.0,59.1433,-119.868067,Provincial Land,Lightning,"156,96"
2024,GWF104,2024-08-24 00:26:00,8.0,237.0,55.698817,-119.376983,Provincial Land,Lightning,"152,84"
2024,CWF091,2024-11-09 13:00:00,11.0,314.0,51.290947,-114.862412,Provincial Land,Undetermined,"155,66"
2024,CWF092,2024-11-16 08:00:00,11.0,321.0,49.81374,-113.97836,Provincial Land,Recreation,"155,60"
2024,LWF179,2024-07-31 20:50:00,7.0,213.0,55.00932,-113.50232,Private Land,Power Line Industry,"162,77"
2024,SWF137,2024-07-31 19:45:00,7.0,213.0,55.88885,-115.814883,Metis Settlement,Undetermined,"159,82"
2024,LWF136,2024-07-14 13:30:00,7.0,196.0,56.002467,-110.940117,Provincial Land,Lightning,"168,79"
2024,SWF152,2024-08-20 20:45:00,8.0,233.0,56.485167,-115.32255,Provincial Land,Undetermined,"161,84"
2024,WWF065,2024-10-08 16:15:00,10.0,282.0,54.23825,-115.741417,Provincial Land,Under Investigation,"157,76"
2024,WWF066,2024-10-08 16:20:00,10.0,282.0,53.89065,-115.442983,Provincial Land,Under Investigation,"157,75"
2024,WWF067,2024-10-08 17:46:00,10.0,282.0,54.308867,-115.251767,Provincial Land,Under Investigation,"158,76"
2024,HWF056,2024-06-29 15:00:00,6.0,181.0,59.2725,-115.648667,Provincial Park,Lightning,"164,93"
2024,WWF062,2024-09-27 12:30:00,9.0,271.0,54.146115,-116.641,Provincial Land,Under Investigation,"155,77"
2024,EWF095,2024-08-03 16:40:00,8.0,216.0,53.714617,-115.408417,Provincial Land,Agriculture Industry,"157,74"
2024,RWF075,2024-08-12 16:00:00,8.0,225.0,52.721,-115.776367,Provincial Land,Lightning,"155,71"
2024,HWF139,2024-07-17 11:00:00,7.0,199.0,58.61305,-119.1732,Provincial Land,Lightning,"157,94"
2024,GWF098,2024-08-15 15:20:00,8.0,228.0,55.54745,-119.458467,Provincial Land,Government,"152,84"
2024,SWF141,2024-08-13 16:05:00,8.0,226.0,56.56075,-113.32185,Provincial Land,Lightning,"164,83"
2024,LWF194,2024-09-10 14:00:00,9.0,254.0,55.918133,-110.735517,Indian Reservation,Incendiary,"169,79"
2024,PWF108,2024-10-21 10:30:00,10.0,295.0,56.527977,-117.204818,Provincial Land,Agriculture Industry,"157,85"
2024,EWF094,2024-08-02 17:57:00,8.0,215.0,54.1075,-118.297333,Provincial Land,Undetermined,"152,78"
2024,HWF161,2024-08-01 17:00:00,8.0,214.0,58.59505,-119.429783,Provincial Land,Lightning,"156,94"
2024,HWF162,2024-08-02 00:00:00,8.0,215.0,58.587585,-119.497532,Provincial Land,Lightning,"156,94"
2024,HWF163,2024-08-02 00:00:00,8.0,215.0,58.582217,-119.457883,Provincial Land,Lightning,"156,94"
2024,HWF164,2024-08-02 00:00:00,8.0,215.0,58.533,-117.8685,Provincial Land,Lightning,"159,92"
2024,GWF100,2024-08-24 01:32:00,8.0,237.0,55.095883,-119.902917,Provincial Land,Lightning,"150,83"
2024,HWF047,2024-06-27 14:00:00,6.0,179.0,58.891983,-117.004867,Provincial Land,Lightning,"161,93"
2024,LWF173,2024-07-20 14:00:00,7.0,202.0,55.184383,-110.650133,DND,Lightning,"168,76"
2024,PWF074,2024-07-13 19:00:00,7.0,195.0,57.617183,-117.858983,Provincial Land,Lightning,"158,89"
2024,GWF093,2024-01-01 12:00:00,1.0,1.0,55.95575,-119.671733,Private Land,Agriculture Industry,"152,85"
2024,PWF095,2024-08-13 19:00:00,8.0,226.0,58.020183,-118.6842,Provincial Land,Lightning,"157,91"
2024,HWF152,2024-07-24 12:00:00,7.0,206.0,58.430217,-118.5671,Provincial Land,Lightning,"157,93"
2024,HWF136,2024-07-16 06:00:00,7.0,198.0,58.7445,-114.203683,Provincial Land,Lightning,"166,91"
2024,LWF162,2024-07-16 15:30:00,7.0,198.0,56.02075,-110.961033,Provincial Land,Lightning,"168,79"
2024,LWF185,2024-08-13 17:00:00,8.0,226.0,55.2664,-111.21795,DND,Lightning,"167,77"
2024,LWF187,2024-08-13 17:18:00,8.0,226.0,55.418667,-112.541667,Provincial Land,Lightning,"165,78"
2024,HWF149,2024-07-23 13:10:00,7.0,205.0,58.740667,-117.415833,Provincial Land,Lightning,"160,93"
2024,PWF098,2024-08-23 17:15:00,8.0,236.0,57.954667,-117.907017,Provincial Land,Lightning,"158,90"
2024,RWF080,2024-09-16 16:00:00,9.0,260.0,52.680833,-115.0783,Provincial Land,Power Line Industry,"156,71"
2024,CWF086,2024-10-17 09:00:00,10.0,291.0,51.143033,-114.9835,Indian Reservation,Incendiary,"154,65"
2024,HWF147,2024-07-22 23:40:00,7.0,204.0,58.660633,-118.560403,Provincial Land,Lightning,"158,93"
2024,HWF150,2024-07-23 13:00:00,7.0,205.0,58.314833,-118.674167,Provincial Land,Lightning,"157,92"
2024,SWF156,2024-11-13 00:00:00,11.0,318.0,55.996067,-115.542917,,Under Investigation,"160,82"
2024,RWF044,2024-07-10 18:43:00,7.0,192.0,52.826833,-115.281717,Provincial Land,Lightning,"156,71"
2024,PWF111,2024-11-03 16:00:00,11.0,308.0,56.463683,-117.682283,Private Land,Agriculture Industry,"156,85"
2024,EWF108,2024-09-30 08:00:00,9.0,274.0,53.603383,-116.60845,Provincial Land,Recreation,"154,75"
2024,HWF143,2024-07-18 10:00:00,7.0,200.0,58.673333,-114.1515,Provincial Land,Lightning,"166,90"
2024,MWF017,2024-05-09 16:00:00,5.0,130.0,56.57595,-111.793967,Provincial Land,Under Investigation,"167,82"
2024,MWF038,2024-07-01 15:45:00,7.0,183.0,56.35,-111.345667,Provincial Land,Lightning,"168,81"
2024,MWF039,2024-07-01 14:45:00,7.0,183.0,56.35115,-111.324817,Provincial Land,Lightning,"168,81"
2024,MWF041,2024-07-02 13:16:00,7.0,184.0,57.5488,-111.86635,Provincial Land,Lightning,"168,85"
2024,MWF046,2024-07-02 17:27:00,7.0,184.0,57.553967,-111.203467,Provincial Land,Lightning,"170,85"
2024,MWF049,2024-07-02 18:28:00,7.0,184.0,56.3299,-112.003183,Provincial Land,Lightning,"167,81"
2024,MWF050,2024-07-02 18:02:00,7.0,184.0,56.317517,-111.9807,Provincial Land,Lightning,"167,81"
2024,MWF053,2024-07-02 18:09:00,7.0,184.0,57.358452,-110.956948,Provincial Land,Lightning,"170,84"
2024,LWF148,2024-07-16 16:30:00,7.0,198.0,55.135,-111.025617,DND,Lightning,"167,76"
2024,LWF112,2024-07-05 18:40:00,7.0,187.0,55.7835,-110.827333,Private Land,Lightning,"168,78"
2024,EWF080,2024-07-19 13:50:00,7.0,201.0,53.478195,-118.873277,Provincial Park,Lightning,"150,76"
2024,PWF082,2024-07-18 10:00:00,7.0,200.0,57.469467,-117.26,Provincial Land,Lightning,"158,88"
2024,LWF192,2024-09-06 14:30:00,9.0,250.0,54.44795,-111.198333,Provincial Land,Under Investigation,"166,74"
2024,EWF098,2024-08-12 13:50:00,8.0,225.0,53.657117,-115.11575,Private Land,Agriculture Industry,"157,74"
2024,EWF105,2024-09-03 18:00:00,9.0,247.0,53.60575,-115.1617,Private Land,Resident,"157,74"
2024,EWF110,2024-10-08 16:30:00,10.0,282.0,53.618383,-116.350367,Provincial Land,Power Line Industry,"155,75"
2024,EWF111,2024-10-08 16:30:00,10.0,282.0,53.803333,-116.249,Provincial Land,Power Line Industry,"155,75"
2024,WWF043,2024-07-16 03:51:00,7.0,198.0,54.501273,-116.198745,Provincial Land,Lightning,"156,78"
2024,SWF140,2024-08-13 16:05:00,8.0,226.0,56.557432,-113.34594,Provincial Land,Lightning,"164,83"
2024,SWF144,2024-08-13 16:28:00,8.0,226.0,56.555917,-113.313683,Provincial Land,Lightning,"164,82"
2024,SWF145,2024-08-13 16:40:00,8.0,226.0,56.548833,-113.356217,Provincial Land,Lightning,"164,82"
2024,SWF139,2024-08-13 15:45:00,8.0,226.0,56.607467,-113.553133,Provincial Land,Lightning,"164,83"
2024,SWF142,2024-08-13 16:20:00,8.0,226.0,56.57475,-113.325133,Provincial Land,Lightning,"165,83"
2024,SWF147,2024-08-13 16:15:00,8.0,226.0,56.863833,-113.490383,Provincial Land,Lightning,"165,84"
2024,SWF148,2024-08-13 16:46:00,8.0,226.0,57.2053,-113.18745,Provincial Land,Lightning,"166,85"
2024,SWF149,2024-08-13 16:38:00,8.0,226.0,56.47695,-113.64445,Provincial Land,Lightning,"164,82"
2024,WWF044,2024-07-16 02:03:00,7.0,198.0,54.363633,-116.4906,Provincial Land,Lightning,"156,77"
2024,CWF069,2024-08-05 20:00:00,8.0,218.0,50.140917,-114.171633,Provincial Land,Lightning,"155,61"
2024,GWF049,2024-07-20 07:00:00,7.0,202.0,54.24575,-118.202467,Provincial Land,Lightning,"152,78"
2024,MWF092,2024-07-23 20:54:00,7.0,205.0,59.922283,-111.859183,Provincial Land,Lightning,"171,93"
2024,MWF090,2024-07-24 10:00:00,7.0,206.0,56.383233,-110.877183,Provincial Land,Undetermined,"169,80"
2024,HWF058,2024-07-29 23:00:00,7.0,211.0,58.198973,-116.368359,Provincial Land,Recreation,"161,90"
2024,HWF134,2024-07-13 23:30:00,7.0,195.0,57.485467,-115.7277,Provincial Land,Lightning,"161,87"
2024,HWF135,2024-07-13 23:00:00,7.0,195.0,57.840833,-116.062167,Provincial Land,Lightning,"161,89"
2024,MWF100,2024-10-12 16:40:00,10.0,286.0,56.764817,-111.742583,Provincial Land,Recreation,"168,82"
2024,HWF157,2024-07-30 14:30:00,7.0,212.0,58.438325,-116.476063,Provincial Land,Power Line Industry,"161,91"
2024,HWF168,2024-08-10 14:00:00,8.0,223.0,58.873217,-117.915133,Provincial Land,Lightning,"159,94"
2024,LWF115,2024-07-09 14:20:00,7.0,191.0,54.914967,-112.52405,Provincial Land,Undetermined,"164,76"
2024,CWF090,2024-10-31 10:00:00,10.0,305.0,51.256333,-114.994633,Indian Reservation,Power Line Industry,"154,66"
2024,SWF150,2024-08-15 14:15:00,8.0,228.0,55.349867,-115.043317,Provincial Land,Incendiary,"160,80"
2024,HWF171,2024-08-21 14:00:00,8.0,234.0,58.842483,-114.2365,Provincial Land,Lightning,"166,91"
2024,LWF097,2024-07-01 19:00:00,7.0,183.0,55.8135,-111.306833,Provincial Land,Lightning,"168,79"
2024,RWF079,2024-09-02 17:47:00,9.0,246.0,51.7267,-114.873667,Provincial Land,Lightning,"155,67"
2024,EWF109,2024-10-04 23:00:00,10.0,278.0,53.38895,-117.556283,Provincial Land,Recreation,"152,75"
2024,EWF100,2024-08-31 14:00:00,8.0,244.0,53.617897,-116.510413,Private Land,Resident,"154,75"
2024,WWF056,2024-08-09 15:35:00,8.0,222.0,54.429997,-114.683578,Private Land,Undetermined,"159,76"
2024,CWF087,2024-10-19 08:00:00,10.0,293.0,51.145033,-114.76445,Indian Reservation,Power Line Industry,"155,65"
2024,HWF077,2024-07-02 12:00:00,7.0,184.0,59.697717,-117.1216,Provincial Land,Lightning,"162,96"
2024,HWF078,2024-07-02 12:20:00,7.0,184.0,59.794133,-116.955917,Provincial Land,Lightning,"162,96"
2024,HWF079,2024-07-02 12:30:00,7.0,184.0,59.790833,-116.947717,Provincial Land,Lightning,"162,96"
2024,HWF160,2024-08-01 17:00:00,8.0,214.0,59.035967,-119.857083,Provincial Land,Lightning,"156,96"
2024,LWF125,2024-07-11 21:00:00,7.0,193.0,56.001733,-110.935382,Provincial Land,Lightning,"168,79"
2024,CWF065,2024-08-02 18:00:00,8.0,215.0,50.789717,-115.32285,Provincial Park,Lightning,"153,64"
2024,WWF058,2024-08-15 17:30:00,8.0,228.0,54.199067,-115.993088,Provincial Land,Lightning,"156,76"
2024,HWF106,2024-07-06 07:30:00,7.0,188.0,59.753468,-117.190689,Provincial Land,Lightning,"162,96"
2024,HWF107,2024-07-02 19:00:00,7.0,184.0,59.566583,-117.948667,Provincial Land,Lightning,"160,96"
2024,CWF072,2024-09-02 12:00:00,9.0,246.0,50.263477,-114.317047,Provincial Land,Recreation,"155,62"
2024,CWF073,2024-09-02 08:00:00,9.0,246.0,50.263707,-114.316682,Provincial Land,Recreation,"155,62"
2024,CWF074,2024-09-02 12:00:00,9.0,246.0,50.313707,-114.316682,Provincial Land,Recreation,"155,62"
2024,CWF075,2024-09-02 12:00:00,9.0,246.0,50.26289,-114.316978,Provincial Land,Recreation,"155,62"
2024,CWF076,2024-09-02 08:00:00,9.0,246.0,50.263412,-114.31733,Provincial Land,Recreation,"155,62"
2024,CWF077,2024-09-02 08:00:00,9.0,246.0,49.853295,-114.400605,Provincial Land,Recreation,"154,60"
2024,HWF178,2024-09-12 02:00:00,9.0,256.0,58.42705,-116.619917,Private Land,Incendiary,"161,91"
2024,MWF086,2024-07-16 15:00:00,7.0,198.0,56.472313,-111.98066,Provincial Land,Lightning,"167,81"
2024,HWF159,2024-08-01 17:00:00,8.0,214.0,58.588217,-119.368083,Provincial Land,Lightning,"156,94"
2024,PWF096,2024-08-12 20:00:00,8.0,225.0,56.902683,-119.921883,Provincial Land,Lightning,"153,89"
2024,GWF072,2024-07-27 09:30:00,7.0,209.0,55.478783,-119.9905,Provincial Land,Recreation,"150,84"
2024,WWF071,2024-09-07 15:00:00,9.0,251.0,54.115372,-116.728017,Provincial Land,Under Investigation,"155,77"
2024,RWF067,2024-07-25 12:00:00,7.0,207.0,52.8208,-116.751867,Provincial Park,Lightning,"153,72"
2024,RWF068,2024-07-31 15:00:00,7.0,213.0,52.49,-116.265,Provincial Land,Lightning,"153,71"
2024,RWF069,2024-07-31 14:00:00,7.0,213.0,52.031272,-115.375908,Provincial Land,Lightning,"155,69"
2024,RWF074,2024-08-05 16:17:00,8.0,218.0,52.3157,-116.330033,Provincial Land,Recreation,"153,70"
2024,GWF067,2024-07-24 07:22:00,7.0,206.0,55.3633,-116.981617,Private Land,Lightning,"156,81"
2024,LWF161,2024-07-16 15:50:00,7.0,198.0,55.129483,-110.616267,DND,Lightning,"168,76"
2024,MWF034,2024-07-01 15:02:00,7.0,183.0,56.477783,-111.527683,Provincial Land,Lightning,"168,81"
2024,HWF179,2024-09-19 12:00:00,9.0,263.0,59.572464,-119.452309,Provincial Land,Lightning,"158,97"
2024,CWF085,2024-10-05 18:00:00,10.0,279.0,51.26706,-115.037498,Provincial Land,Recreation,"154,66"
2024,LWF180,2024-08-08 13:00:00,8.0,221.0,55.888933,-111.3868,Provincial Land,Lightning,"167,79"
2024,GWF090,2024-08-11 15:40:00,8.0,224.0,55.54745,-119.458467,Provincial Land,Lightning,"152,84"
2024,GWF091,2024-07-21 23:00:00,7.0,203.0,55.57625,-119.5835,Provincial Land,Lightning,"151,84"
2024,GWF094,2024-08-11 15:40:00,8.0,224.0,55.538667,-119.472,Provincial Land,Lightning,"152,84"
2024,HWF176,2024-09-03 16:59:00,9.0,247.0,58.52275,-117.421417,Provincial Land,Lightning,"160,92"
2024,GWF085,2024-08-09 07:00:00,8.0,222.0,54.58745,-119.098167,Provincial Land,Forest Industry,"151,80"
2024,PWF106,2024-10-04 13:00:00,10.0,278.0,56.424476,-117.300664,Private Land,Resident,"157,85"
2024,HWF117,2024-07-10 09:00:00,7.0,192.0,58.620867,-117.916617,Provincial Land,Lightning,"159,93"
2024,HWF115,2024-07-09 12:00:00,7.0,191.0,58.08605,-117.90375,Provincial Land,Lightning,"158,91"
2024,RWF082,2024-09-21 17:14:00,9.0,265.0,52.459967,-116.269833,Provincial Land,Lightning,"153,71"
2024,GWF087,2024-08-10 18:20:00,8.0,223.0,54.226483,-118.670983,Provincial Land,Lightning,"151,79"
2024,LWF181,2024-08-13 16:00:00,8.0,226.0,55.6007,-112.421367,Provincial Land,Lightning,"165,79"
2024,LWF182,2024-08-13 16:45:00,8.0,226.0,55.588717,-112.670267,Provincial Land,Lightning,"165,79"
2024,LWF183,2024-08-13 16:55:00,8.0,226.0,55.646833,-112.374217,Provincial Land,Lightning,"165,79"
2024,LWF184,2024-08-13 16:00:00,8.0,226.0,55.612533,-112.363533,Provincial Land,Lightning,"165,79"
2024,LWF186,2024-08-13 17:25:00,8.0,226.0,55.300333,-112.621833,Provincial Land,Lightning,"164,78"
2024,GWF106,2024-09-26 12:00:00,9.0,270.0,55.015217,-118.383,Provincial Land,Recreation,"153,81"
2024,HWF092,2024-07-03 11:00:00,7.0,185.0,59.036667,-117.018333,Provincial Land,Lightning,"161,93"
2024,HWF082,2024-07-01 21:07:00,7.0,183.0,59.195483,-114.909817,Provincial Park,Lightning,"165,93"
2024,HWF101,2024-07-04 11:00:00,7.0,186.0,59.137133,-119.870417,Provincial Land,Lightning,"156,96"
2024,HWF167,2024-08-10 08:00:00,8.0,223.0,58.434967,-118.373867,Provincial Land,Lightning,"158,92"
2024,HWF069,2024-07-01 21:49:00,7.0,183.0,59.719717,-117.159967,Provincial Land,Lightning,"162,96"
2024,LWF143,2024-07-16 15:45:00,7.0,198.0,55.813783,-110.9986,Provincial Land,Lightning,"168,78"
2024,LWF106,2024-07-01 18:00:00,7.0,183.0,56.106683,-110.18775,Provincial Park,Government,"170,79"
2024,GWF095,2024-07-22 06:04:00,7.0,204.0,55.579667,-119.576833,Provincial Land,Lightning,"151,84"
2024,HWF088,2024-07-01 13:58:00,7.0,183.0,59.820123,-117.855595,Provincial Land,Lightning,"161,97"
2024,HWF169,2024-08-15 22:00:00,8.0,228.0,58.564917,-117.643383,Provincial Land,Lightning,"159,92"
2024,MWF040,2024-07-01 16:39:00,7.0,183.0,56.906933,-112.8906,Provincial Land,Lightning,"166,83"
2024,MWF056,2024-07-02 18:03:00,7.0,184.0,57.754833,-110.758467,Provincial Land,Lightning,"171,85"
2024,HWF123,2024-07-10 23:00:00,7.0,192.0,57.421817,-116.704217,Provincial Land,Lightning,"159,88"
2024,RWF085,2024-11-16 12:00:00,11.0,321.0,52.984672,-115.550099,Provincial Land,Recreation,"156,72"
2024,EWF107,2024-09-27 13:15:00,9.0,271.0,53.56525,-116.5383,Provincial Land,Undetermined,"154,75"
2024,LWF169,2024-07-18 13:00:00,7.0,200.0,55.812867,-111.550083,Provincial Land,Lightning,"167,79"
2024,LWF080,2024-05-12 20:40:00,5.0,133.0,54.798,-111.835663,Provincial Land,Resident,"165,75"
2024,LWF101,2024-07-02 12:58:00,7.0,184.0,56.06996,-110.376617,Provincial Land,Lightning,"170,79"
2024,MWF104,2024-11-22 14:45:00,11.0,327.0,56.4018,-111.167367,Indian Reservation,Resident,"168,81"
2024,EWF092,2024-07-27 22:00:00,7.0,209.0,53.577417,-116.812833,Provincial Land,Incendiary,"154,75"
2024,WWF061,2024-09-10 14:30:00,9.0,254.0,54.063607,-115.48642,Provincial Land,Under Investigation,"157,76"
2024,EWF106,2024-09-21 06:00:00,9.0,265.0,53.878472,-116.335877,Provincial Land,Incendiary,"155,76"
2024,HWF066,2024-07-01 21:35:00,7.0,183.0,59.677,-117.143167,Provincial Land,Lightning,"162,96"
2024,GWF079,2024-07-22 18:20:00,7.0,204.0,54.682685,-118.449335,Provincial Land,Lightning,"152,80"
2024,HWF175,2024-08-19 17:30:00,8.0,232.0,58.161417,-119.381993,Provincial Land,Lightning,"156,92"
2024,PWF102,2024-09-07 16:00:00,9.0,251.0,56.296883,-119.093917,Provincial Land,Lightning,"153,86"
2024,LWF202,2024-11-13 14:00:00,11.0,318.0,55.9354,-110.72025,Indian Reservation,Incendiary,"169,79"
2024,SWF041,2024-05-13 17:30:00,5.0,134.0,55.916833,-113.900833,Indian Reservation,Incendiary,"163,81"
2024,GWF078,2024-07-23 04:21:00,7.0,205.0,55.641583,-119.893167,Provincial Land,Lightning,"151,84"
2024,MWF061,2024-07-04 18:49:00,7.0,186.0,57.765283,-113.1638,Provincial Land,Lightning,"166,87"
2024,LWF164,2024-07-17 14:10:00,7.0,199.0,55.73,-110.945,Provincial Land,Lightning,"168,78"
2024,MWF094,2024-08-11 21:00:00,8.0,224.0,56.540817,-111.659533,Provincial Park,Government,"168,81"
2024,PWF100,2024-09-02 12:00:00,9.0,246.0,56.223253,-118.144262,Private Land,Agriculture Industry,"155,85"
2024,LWF201,2024-10-31 09:00:00,10.0,305.0,54.67756,-111.895217,Indian Reservation,Resident,"165,75"
2024,CWF078,2024-09-03 08:00:00,9.0,247.0,49.91209,-114.391158,Provincial Land,Recreation,"154,60"
2024,MWF047,2024-07-02 17:40:00,7.0,184.0,57.363,-110.788283,Provincial Land,Lightning,"170,84"
2024,MWF060,2024-07-04 18:49:00,7.0,186.0,57.147283,-112.921917,Provincial Land,Lightning,"166,84"
2024,LWF167,2024-07-17 17:35:00,7.0,199.0,54.802217,-111.556667,Provincial Park,Lightning,"166,75"
2024,LWF193,2024-09-09 10:00:00,9.0,253.0,55.90373,-110.74952,Private Land,Resident,"169,79"
2024,LWF175,2024-07-24 14:00:00,7.0,206.0,55.503283,-110.246517,Provincial Park,Lightning,"169,77"
2024,MWF093,2024-08-11 13:00:00,8.0,224.0,56.6109,-111.581667,Provincial Land,Recreation,"168,82"
2024,LWF203,2024-11-18 08:00:00,11.0,323.0,55.937829,-110.722026,Indian Reservation,Incendiary,"169,79"
2024,LWF147,2024-07-16 16:30:00,7.0,198.0,55.140417,-111.20545,Provincial Land,Lightning,"167,76"
2024,CWF063,2024-07-28 16:00:00,7.0,210.0,51.049837,-115.166801,Provincial Land,Recreation,"154,65"
2024,HWF165,2024-08-08 13:55:00,8.0,221.0,58.2023,-116.209583,Provincial Land,Agriculture Industry,"161,90"
2024,HWF154,2024-07-23 12:11:00,7.0,205.0,58.226833,-117.778083,Provincial Land,Lightning,"159,91"
2024,CWF088,2024-10-26 08:00:00,10.0,300.0,50.830583,-114.615133,Provincial Land,Recreation,"155,64"
2024,CWF089,2024-10-28 12:30:00,10.0,302.0,50.74775,-114.57196,Provincial Land,Resident,"155,63"
2024,CWF079,2024-09-07 14:30:00,9.0,251.0,49.389743,-114.221015,Private Land,Recreation,"154,58"
2024,MWF085,2024-07-16 15:06:00,7.0,198.0,56.702667,-111.9295,Provincial Land,Lightning,"167,82"
2024,LWF197,2024-09-20 20:44:00,9.0,264.0,55.668972,-112.148973,Provincial Land,Resident,"166,79"
2024,RWF078,2024-09-01 16:32:00,9.0,245.0,52.36895,-115.054883,Private Land,Resident,"156,69"
2024,HWF155,2024-07-26 23:00:00,7.0,208.0,59.168357,-117.665256,Provincial Land,Lightning,"160,94"
2024,GWF101,2024-09-08 12:00:00,9.0,252.0,55.047717,-119.986917,Provincial Land,Undetermined,"150,83"
2024,GWF097,2024-07-22 20:00:00,7.0,204.0,55.7372,-119.2299,Provincial Land,Lightning,"152,84"
2024,GWF105,2024-09-07 22:30:00,9.0,251.0,55.057217,-117.510233,Provincial Land,Incendiary,"155,81"
2024,MWF074,2024-07-10 16:10:00,7.0,192.0,57.309283,-112.569617,Provincial Land,Lightning,"167,85"
2024,HWF083,2024-07-01 20:26:00,7.0,183.0,59.171467,-114.93385,Provincial Park,Lightning,"165,92"
2024,PWF104,2024-09-10 12:00:00,9.0,254.0,57.634317,-117.201017,Private Land,Agriculture Industry,"159,89"
2024,HWF099,2024-07-04 16:30:00,7.0,186.0,58.654255,-117.47014,Provincial Land,Lightning,"160,92"
2024,LWF198,2024-10-11 10:00:00,10.0,285.0,54.948183,-112.96537,Provincial Land,Recreation,"163,77"
2024,HWF093,2024-07-03 19:00:00,7.0,185.0,58.561667,-117.881783,Provincial Land,Lightning,"159,92"
2024,SWF018,2023-11-30 10:00:00,11.0,334.0,55.625447,-116.341722,Private Land,Resident,"158,82"
2024,HWF036,2024-07-29 11:00:00,7.0,211.0,58.497,-116.92725,Provincial Land,Resident,"160,92"
2024,MWF087,2024-07-16 16:54:00,7.0,198.0,56.7068,-111.048767,Provincial Land,Lightning,"169,82"
2024,MWF096,2024-08-13 17:25:00,8.0,226.0,56.42165,-111.598383,Provincial Land,Lightning,"168,81"
2024,HWF177,2024-09-05 14:50:00,9.0,249.0,58.519117,-117.077833,Indian Reservation,Incendiary,"160,92"
2024,HWF073,2024-07-02 10:00:00,7.0,184.0,59.137117,-119.870533,Provincial Land,Lightning,"156,96"
2024,RWF083,2024-10-25 12:00:00,10.0,299.0,52.284383,-115.836917,Provincial Land,Lightning,"154,70"
2024,LWF165,2024-07-17 15:00:00,7.0,199.0,55.577433,-112.12735,Provincial Land,Lightning,"166,78"
2024,MWF078,2024-07-11 02:30:00,7.0,193.0,56.9375,-113.025333,Provincial Land,Lightning,"165,84"
2024,MWF103,2024-11-20 16:40:00,11.0,325.0,56.764667,-111.719183,Provincial Land,Recreation,"168,82"
2024,MWF102,2024-11-20 10:00:00,11.0,325.0,57.188007,-112.763657,Provincial Land,Government,"166,84"
2024,CWF064,2024-08-01 16:00:00,8.0,214.0,49.75825,-114.431117,Provincial Land,Lightning,"154,60"
2024,RWF081,2024-09-04 12:00:00,9.0,248.0,51.9964,-114.86875,Provincial Land,Lightning,"156,68"
2024,SWF155,2024-10-05 23:30:00,10.0,279.0,55.736828,-115.105843,Provincial Land,Power Line Industry,"160,81"
2024,HWF145,2024-07-20 00:42:00,7.0,202.0,59.060983,-119.076817,Provincial Land,Lightning,"158,95"
2024,WWF059,2024-09-01 16:15:00,9.0,245.0,53.9776,-115.363533,Private Land,Under Investigation,"157,75"
2024,GWF107,2024-09-27 18:52:00,9.0,271.0,55.246042,-117.290312,Private Land,Agriculture Industry,"155,81"
2024,LWF140,2024-07-16 15:40:00,7.0,198.0,55.799967,-111.116233,Provincial Land,Lightning,"168,78"
2024,HWF172,2024-08-22 17:10:00,8.0,235.0,58.216,-116.096086,Provincial Land,Agriculture Industry,"162,90"
2024,HWF061,2024-06-30 19:23:00,6.0,182.0,58.839855,-114.677611,Provincial Land,Lightning,"165,91"
2024,RWF073,2024-08-04 13:21:00,8.0,217.0,51.897117,-115.377317,Provincial Land,Lightning,"154,68"
2024,WWF060,2024-09-02 16:56:00,9.0,246.0,54.453545,-117.430627,Provincial Land,Lightning,"154,78"
2024,GWF082,2024-08-05 18:44:00,8.0,218.0,55.8048,-119.271617,Provincial Land,Lightning,"152,84"
2024,RWF066,2024-07-26 14:00:00,7.0,208.0,52.754533,-116.329833,Provincial Land,Lightning,"154,72"
2024,PWF093,2024-08-15 18:20:00,8.0,228.0,56.200317,-117.084417,Private Land,Power Line Industry,"157,84"
2024,HWF116,2024-07-10 19:50:00,7.0,192.0,58.019717,-116.783333,Provincial Land,Power Line Industry,"160,90"
2024,HWF127,2024-07-11 13:00:00,7.0,193.0,58.674833,-115.026333,Provincial Land,Lightning,"164,91"
2024,LWF195,2024-09-11 08:00:00,9.0,255.0,55.547467,-110.903533,Provincial Land,Power Line Industry,"168,77"
2024,WWF051,2024-07-19 18:14:00,7.0,201.0,54.443462,-117.481078,Provincial Land,Lightning,"154,78"
2024,HWF166,2024-08-09 00:00:00,8.0,222.0,59.0959,-119.496067,Provincial Land,Lightning,"157,95"
2024,HWF129,2024-07-13 23:00:00,7.0,195.0,57.895667,-115.1405,Provincial Land,Lightning,"163,88"
2024,SWF138,2024-08-13 14:23:00,8.0,226.0,54.972717,-115.02005,Provincial Land,Lightning,"159,78"
2024,CWF067,2024-08-04 15:30:00,8.0,217.0,51.47235,-114.73275,Provincial Land,Lightning,"155,66"
2024,SWF153,2024-09-01 08:24:00,9.0,245.0,55.616667,-116.3615,Private Land,Undetermined,"158,81"
2024,GWF073,2024-07-19 20:00:00,7.0,201.0,55.494283,-119.722867,Provincial Land,Lightning,"151,84"
2024,LWF099,2024-07-01 20:00:00,7.0,183.0,56.0625,-110.4875,Provincial Land,Lightning,"169,79"
2024,HWF173,2024-08-23 23:00:00,8.0,236.0,58.402967,-116.0319,Provincial Land,Power Line Industry,"162,91"
2024,HWF094,2024-07-03 11:00:00,7.0,185.0,58.551,-117.919833,Provincial Land,Lightning,"159,92"
2024,PWF105,2024-10-02 14:00:00,10.0,276.0,56.694863,-117.311673,Private Land,Agriculture Industry,"157,86"
2024,HWF113,2024-07-08 11:00:00,7.0,190.0,59.699167,-117.148033,Provincial Land,Lightning,"162,96"
2024,HWF114,2024-07-08 23:00:00,7.0,190.0,58.673167,-114.154,Provincial Land,Lightning,"166,90"
2024,RWF071,2024-08-02 16:38:00,8.0,215.0,52.117173,-115.195637,Provincial Park,Power Line Industry,"155,69"
2024,GWF057,2024-07-19 18:00:00,7.0,201.0,54.576092,-117.507783,Provincial Land,Lightning,"154,79"
2024,RWF062,2024-07-22 12:00:00,7.0,204.0,52.477,-116.521333,Provincial Land,Lightning,"153,71"
2024,GWF088,2024-07-19 16:37:00,7.0,201.0,55.642917,-119.66935,Provincial Land,Lightning,"151,84"
2024,GWF089,2024-07-23 04:53:00,7.0,205.0,55.669217,-119.50355,Provincial Land,Lightning,"152,84"
2024,GWF092,2024-08-11 17:35:00,8.0,224.0,55.698867,-119.376883,Provincial Land,Lightning,"152,84"
2024,RWF084,2024-10-28 13:00:00,10.0,302.0,51.9495,-114.805217,Provincial Land,Recreation,"156,68"
2024,HWF095,2024-07-04 00:00:00,7.0,186.0,58.985617,-119.41895,Provincial Land,Lightning,"157,95"
2024,LWF189,2024-08-28 15:10:00,8.0,241.0,55.167219,-114.038608,Provincial Land,Undetermined,"161,78"
2024,HWF070,2024-07-02 09:32:00,7.0,184.0,59.154683,-119.823717,Provincial Land,Lightning,"156,96"
2024,LWF154,2024-07-16 17:20:00,7.0,198.0,54.94435,-110.94405,DND,Lightning,"167,75"
2024,GWF080,2024-08-03 17:40:00,8.0,216.0,55.12455,-117.05,Private Land,Under Investigation,"156,80"
2024,CWF081,2024-09-25 13:30:00,9.0,269.0,51.26435,-114.92245,Provincial Land,Power Line Industry,"155,66"
2024,HWF090,2024-07-03 11:00:00,7.0,185.0,58.965904,-119.84872,Provincial Land,Lightning,"156,95"
2024,GWF102,2024-09-08 20:27:00,9.0,252.0,55.254917,-117.130283,Private Land,Lightning,"156,81"
2024,SWF129,2024-07-10 21:54:00,7.0,192.0,57.308,-115.7485,Provincial Land,Lightning,"161,87"
2024,LWF191,2024-09-02 16:00:00,9.0,246.0,56.1177,-111.155833,Provincial Land,Lightning,"168,80"
2024,LWF146,2024-07-16 15:57:00,7.0,198.0,55.145867,-111.149367,DND,Lightning,"167,76"
2024,CWF083,2024-10-06 08:00:00,10.0,280.0,50.005417,-114.08715,Provincial Land,Recreation,"155,60"
2024,CWF084,2024-10-06 10:00:00,10.0,280.0,49.836417,-113.961567,Provincial Land,Recreation,"155,60"
2024,PWF112,2024-11-20 12:00:00,11.0,325.0,56.47276,-118.708695,Private Land,Agriculture Industry,"154,86"
2024,HWF122,2024-07-10 23:00:00,7.0,192.0,57.4243,-115.076967,Provincial Land,Lightning,"162,87"
2024,RWF061,2024-07-22 17:00:00,7.0,204.0,52.52075,-116.2399,Provincial Land,Lightning,"154,71"
2024,HWF130,2024-07-10 11:16:00,7.0,192.0,58.34195,-119.1813,Provincial Land,Lightning,"156,93"
2024,HWF119,2024-07-10 15:00:00,7.0,192.0,59.118917,-117.603667,Provincial Land,Lightning,"160,94"
2024,HWF181,2024-10-01 12:00:00,10.0,275.0,57.453367,-115.7208,Provincial Land,Recreation,"161,87"
2024,CWF080,2024-09-05 18:00:00,9.0,249.0,49.392667,-114.4385,Provincial Land,Lightning,"153,59"
2024,LWF160,2024-07-16 15:50:00,7.0,198.0,55.1217,-110.530167,DND,Lightning,"168,76"
2024,LWF120,2024-07-10 19:39:00,7.0,192.0,55.959383,-110.764517,Provincial Land,Lightning,"169,79"
2024,LWF153,2024-07-16 17:40:00,7.0,198.0,55.0635,-110.866417,DND,Lightning,"168,76"
2024,MWF099,2024-09-25 23:00:00,9.0,269.0,56.7466,-111.511,Provincial Land,Recreation,"168,82"
2024,GWF096,2024-07-22 20:59:00,7.0,204.0,55.659467,-119.214217,Provincial Land,Lightning,"152,84"
2024,HWF065,2024-07-01 17:50:00,7.0,183.0,59.56795,-119.283083,Provincial Land,Lightning,"158,97"
2024,GWF066,2024-07-22 06:20:00,7.0,204.0,55.7647,-119.633917,Provincial Land,Lightning,"152,85"
2024,GWF074,2024-07-19 20:36:00,7.0,201.0,55.805917,-119.2708,Provincial Land,Lightning,"152,84"
2024,GWF076,2024-07-22 01:00:00,7.0,204.0,55.442867,-119.686633,Private Land,Lightning,"151,84"
2024,GWF077,2024-07-19 23:50:00,7.0,201.0,55.777123,-119.528515,Provincial Land,Lightning,"152,85"
2024,SWF093,2024-07-10 11:08:00,7.0,192.0,57.313383,-115.035733,Provincial Land,Lightning,"162,86"
2024,SWF095,2024-07-10 10:43:00,7.0,192.0,57.306767,-114.654633,Provincial Land,Lightning,"163,86"
2024,SWF124,2024-07-13 15:42:00,7.0,195.0,55.573467,-114.172283,Provincial Land,Lightning,"162,80"
2024,GWF081,2024-07-21 21:21:00,7.0,203.0,55.804333,-119.271167,Provincial Land,Lightning,"152,84"
2024,GWF083,2024-08-04 15:02:00,8.0,217.0,55.724083,-119.269417,Provincial Land,Lightning,"152,84"
2024,EWF099,2024-08-12 16:07:00,8.0,225.0,54.216383,-118.201533,Provincial Land,Lightning,"152,78"
2024,RWF077,2024-08-29 14:29:00,8.0,242.0,52.371117,-114.966767,Provincial Land,Oil & Gas Industry,"156,69"
2024,SWF125,2024-07-10 07:37:00,7.0,192.0,55.955427,-115.72999,Provincial Land,Lightning,"159,82"
2024,GWF060,2024-07-21 01:00:00,7.0,203.0,54.598167,-119.2355,Provincial Land,Lightning,"151,80"
2024,CWF070,2024-08-13 20:00:00,8.0,226.0,50.612117,-115.128333,Provincial Park,Recreation,"153,63"
2024,SWF151,2024-08-20 15:30:00,8.0,233.0,56.019633,-113.366133,Provincial Land,Power Line Industry,"164,81"
2024,HWF132,2024-07-15 15:30:00,7.0,197.0,58.605557,-117.119997,Private Land,Agriculture Industry,"160,92"
2024,HWF125,2024-07-11 10:08:00,7.0,193.0,58.610117,-117.91145,Provincial Land,Lightning,"159,93"
2024,CWF068,2024-08-04 14:00:00,8.0,217.0,50.721617,-114.804367,Provincial Land,Recreation,"154,64"
2024,HWF110,2024-07-03 14:00:00,7.0,185.0,58.429633,-116.487083,Provincial Land,Resident,"161,91"
2024,HWF174,2024-08-29 14:10:00,8.0,242.0,58.366,-116.242667,Provincial Land,Agriculture Industry,"161,91"
2024,LWF108,2024-07-05 20:00:00,7.0,187.0,55.756667,-110.8181,Provincial Land,Lightning,"168,78"
2024,LWF152,2024-07-16 16:20:00,7.0,198.0,55.712133,-110.720533,Provincial Land,Lightning,"169,78"
2024,GWF084,2024-07-19 17:15:00,7.0,201.0,55.900217,-119.592133,Provincial Land,Lightning,"152,85"
2024,LWF200,2024-10-18 18:00:00,10.0,292.0,54.765373,-111.807487,Private Land,Resident,"165,75"
2024,HWF156,2024-07-30 00:00:00,7.0,212.0,58.693167,-116.7605,Provincial Land,Lightning,"161,92"
2024,HWF158,2024-07-31 19:30:00,7.0,213.0,58.292583,-117.650005,Provincial Land,Lightning,"159,91"
2024,GWF071,2024-07-21 02:00:00,7.0,203.0,55.7238,-119.497367,Provincial Land,Lightning,"152,84"
2024,MWF095,2024-08-12 20:18:00,8.0,225.0,56.791333,-111.1969,Provincial Land,Lightning,"169,82"
2024,HWF084,2024-07-01 20:33:00,7.0,183.0,59.157017,-114.964333,Provincial Park,Lightning,"165,92"
2024,SWF143,2024-08-13 15:43:00,8.0,226.0,54.857033,-115.002133,Provincial Land,Lightning,"159,78"
2024,RWF070,2024-08-01 16:00:00,8.0,214.0,51.85145,-114.8688,Provincial Land,Resident,"155,68"
2024,LWF177,2024-07-29 14:00:00,7.0,211.0,56.18225,-111.016117,Private Land,Lightning,"168,80"
2024,GWF075,2024-07-21 21:50:00,7.0,203.0,55.5282,-119.775617,Provincial Land,Lightning,"151,84"
2024,LWF204,2024-11-18 08:00:00,11.0,323.0,55.949,-110.71,Indian Reservation,Incendiary,"169,79"
2024,SWF146,2024-08-13 16:25:00,8.0,226.0,56.92445,-113.6143,Provincial Land,Lightning,"164,84"
2024,CWF071,2024-08-20 16:00:00,8.0,233.0,50.849218,-114.625712,Provincial Land,Recreation,"155,64"
2024,HWF142,2024-07-18 13:00:00,7.0,200.0,57.62748,-117.029218,Provincial Land,Lightning,"159,89"
2024,HWF091,2024-07-03 11:00:00,7.0,185.0,59.65645,-119.619233,Provincial Land,Lightning,"158,97"
2024,HWF081,2024-07-01 20:59:00,7.0,183.0,59.051433,-115.095723,Provincial Park,Lightning,"164,92"
2024,LWF128,2024-07-13 15:00:00,7.0,195.0,55.72655,-112.806117,Provincial Land,Lightning,"164,79"
2024,PWF107,2024-10-08 15:10:00,10.0,282.0,55.59905,-116.714567,Provincial Land,Power Line Industry,"157,82"
2024,PWF103,2024-09-26 04:00:00,9.0,270.0,56.315583,-119.057033,Provincial Land,Oil & Gas Industry,"153,86"
2024,CWF082,2024-09-29 18:00:00,9.0,273.0,49.396783,-114.314117,Provincial Park,Recreation,"154,59"
2024,EWF093,2024-07-28 00:30:00,7.0,210.0,53.600383,-116.179383,Private Land,Resident,"155,75"
2024,SWF154,2024-09-14 16:30:00,9.0,258.0,55.6835,-114.481508,Provincial Land,Resident,"161,80"
2024,LWF178,2024-07-31 13:00:00,7.0,213.0,55.3727,-112.004133,Provincial Land,Lightning,"166,78"
2024,LWF145,2024-07-16 15:57:00,7.0,198.0,55.275367,-111.070883,DND,Lightning,"167,77"
2024,PWF101,2024-08-12 20:00:00,8.0,225.0,56.902917,-119.921283,Provincial Land,Lightning,"153,89"
2024,RWF076,2024-08-21 12:00:00,8.0,234.0,52.501083,-114.863083,Private Land,Resident,"156,70"
2024,WWF055,2024-08-01 20:00:00,8.0,214.0,54.082192,-115.76242,Private Land,Under Investigation,"157,76"
2024,WWF057,2024-08-09 16:00:00,8.0,222.0,54.126655,-115.724418,Private Land,Undetermined,"157,76"
2024,HWF182,2024-10-10 14:30:00,10.0,284.0,58.509018,-116.640038,Private Land,Agriculture Industry,"161,91"
2024,MWF080,2024-07-12 03:45:00,7.0,194.0,56.398693,-110.189203,Provincial Land,Lightning,"170,80"
2024,MWF097,2024-09-05 16:40:00,9.0,249.0,56.38755,-111.029067,Provincial Land,Power Line Industry,"169,80"
2024,WWF039,2024-07-10 13:12:00,7.0,192.0,54.734902,-115.03595,Provincial Land,Lightning,"159,77"
2024,HWF053,2024-06-28 18:32:00,6.0,180.0,58.858,-114.494367,Provincial Park,Lightning,"165,91"
2024,LWF190,2024-08-31 08:00:00,8.0,244.0,54.685967,-111.874267,Indian Reservation,Incendiary,"165,75"
2024,HWF100,2024-07-03 11:00:00,7.0,185.0,58.669333,-119.159033,Provincial Land,Lightning,"157,94"
2024,HWF180,2024-10-06 10:00:00,10.0,280.0,58.505333,-115.131833,Provincial Land,Resident,"164,90"
2024,WWF064,2024-10-06 18:10:00,10.0,280.0,54.079033,-115.553183,Private Land,Under Investigation,"157,76"
