system:index,grid_m,lat,lon,month,s1_scenes_in_month,slope_max_deg,vv_db_thresh,water_frac,x_idx,y_idx,year,ym,.geo
0_0,30000,49.18022767009991,-117.31480495663298,1,101,10,-17,0.0,0,0,2025,2025-01,"{""type"":""MultiPoint"",""coordinates"":[]}"
0_1,30000,49.284646140761865,-116.93460285017092,1,101,10,-17,0.0,0,0,2025,2025-01,"{""type"":""MultiPoint"",""coordinates"":[]}"
0_2,30000,49.38760957074548,-116.5525010802803,1,101,10,-17,0.0,0,0,2025,2025-01,"{""type"":""MultiPoint"",""coordinates"":[]}"
0_3,30000,49.21421301288176,-118.23446576361728,1,101,10,-17,0.0,0,0,2025,2025-01,"{""type"":""MultiPoint"",""coordinates"":[]}"
0_4,30000,49.428828209113526,-117.47615002147718,1,101,10,-17,0.0,0,0,2025,2025-01,"{""type"":""MultiPoint"",""coordinates"":[]}"
0_5,30000,49.53396897725848,-117.09406857632294,1,101,10,-17,0.0,0,0,2025,2025-01,"{""type"":""MultiPoint"",""coordinates"":[]}"
0_6,30000,49.63764742530981,-116.71005494498901,1,101,10,-17,0.054092987552365725,0,0,2025,2025-01,"{""type"":""MultiPoint"",""coordinates"":[]}"
0_7,30000,49.739850320366976,-116.3241226397088,1,101,10,-17,0.0,0,0,2025,2025-01,"{""type"":""MultiPoint"",""coordinates"":[]}"
0_8,30000,49.46128713174212,-118.40144071980905,1,101,10,-17,0.0,0,0,2025,2025-01,"{""type"":""MultiPoint"",""coordinates"":[]}"
0_9,30000,49.570055481237304,-118.02143560882614,1,101,10,-17,0.0,0,0,2025,2025-01,"{""type"":""MultiPoint"",""coordinates"":[]}"
0_10,30000,49.67738129258726,-117.63944020570969,1,101,10,-17,0.0,0,0,2025,2025-01,"{""type"":""MultiPoint"",""coordinates"":[]}"
0_11,30000,49.783250997210715,-117.25546660422468,1,101,10,-17,0.0,0,0,2025,2025-01,"{""type"":""MultiPoint"",""coordinates"":[]}"
0_12,30000,49.887651095363516,-116.8695276003889,1,101,10,-17,0.0,0,0,2025,2025-01,"{""type"":""MultiPoint"",""coordinates"":[]}"
0_13,30000,49.99056816130502,-116.48163670037009,1,101,10,-17,0.0,0,0,2025,2025-01,"{""type"":""MultiPoint"",""coordinates"":[]}"
0_14,30000,49.70829163092027,-118.57041748216366,1,101,10,-17,0.0,0,0,2025,2025-01,"{""type"":""MultiPoint"",""coordinates"":[]}"
0_15,30000,49.81780963922117,-118.1885751638864,1,101,10,-17,0.0,0,0,2025,2025-01,"{""type"":""MultiPoint"",""coordinates"":[]}"
0_16,30000,49.92587820738716,-117.80470870536384,1,101,10,-17,0.0,0,0,2025,2025-01,"{""type"":""MultiPoint"",""coordinates"":[]}"
0_17,30000,50.032483572308095,-117.41883015284704,1,101,10,-17,0.0,0,0,2025,2025-01,"{""type"":""MultiPoint"",""coordinates"":[]}"
0_18,30000,50.13761203878164,-117.03095227158914,1,101,10,-17,0.0,0,0,2025,2025-01,"{""type"":""MultiPoint"",""coordinates"":[]}"
0_19,30000,50.065491966951875,-118.35773897757556,1,101,10,-17,0.0,0,0,2025,2025-01,"{""type"":""MultiPoint"",""coordinates"":[]}"
0_20,30000,52.10159673710142,-117.40815455704802,1,101,10,-17,0.0,0,0,2025,2025-01,"{""type"":""MultiPoint"",""coordinates"":[]}"
0_21,30000,52.20734520139947,-116.99963638331744,1,101,10,-17,0.0,0,0,2025,2025-01,"{""type"":""MultiPoint"",""coordinates"":[]}"
0_22,30000,52.311505756254896,-116.58891787321416,1,101,10,-17,0.0,0,0,2025,2025-01,"{""type"":""MultiPoint"",""coordinates"":[]}"
0_23,30000,52.41406362710366,-116.17601572764892,1,101,10,-17,0.0,0,0,2025,2025-01,"{""type"":""MultiPoint"",""coordinates"":[]}"
0_24,30000,52.352439512601634,-117.58226888824623,1,101,10,-17,0.0,0,0,2025,2025-01,"{""type"":""MultiPoint"",""coordinates"":[]}"
0_25,30000,52.458950151741966,-117.1715837603088,1,101,10,-17,0.021135129768277007,0,0,2025,2025-01,"{""type"":""MultiPoint"",""coordinates"":[]}"
0_26,30000,52.56386468909943,-116.75865779499183,1,101,10,-17,0.0,0,0,2025,2025-01,"{""type"":""MultiPoint"",""coordinates"":[]}"
0_27,30000,52.66716811913094,-116.34350769123394,1,101,10,-17,0.0,0,0,2025,2025-01,"{""type"":""MultiPoint"",""coordinates"":[]}"
0_28,30000,52.0432442295542,-119.78822719073767,1,101,10,-17,0.0,0,0,2025,2025-01,"{""type"":""MultiPoint"",""coordinates"":[]}"
0_29,30000,52.60317135958741,-117.7586399806141,1,101,10,-17,0.0,0,0,2025,2025-01,"{""type"":""MultiPoint"",""coordinates"":[]}"
0_30,30000,52.71045173248939,-117.34577212936695,1,101,10,-17,0.0,0,0,2025,2025-01,"{""type"":""MultiPoint"",""coordinates"":[]}"
0_31,30000,52.81612780426741,-116.93062201161017,1,101,10,-17,0.0,0,0,2025,2025-01,"{""type"":""MultiPoint"",""coordinates"":[]}"
0_32,30000,53.60197441351149,-113.5294665635097,1,101,10,-17,0.0,0,0,2025,2025-01,"{""type"":""MultiPoint"",""coordinates"":[]}"
0_33,30000,52.2898535717501,-119.97725550517926,1,101,10,-17,0.0,0,0,2025,2025-01,"{""type"":""MultiPoint"",""coordinates"":[]}"
0_34,30000,52.405738840261776,-119.57402864063553,1,101,10,-17,0.0,0,0,2025,2025-01,"{""type"":""MultiPoint"",""coordinates"":[]}"
0_35,30000,52.85378245083254,-117.9373092308009,1,101,10,-17,0.0,0,0,2025,2025-01,"{""type"":""MultiPoint"",""coordinates"":[]}"
0_36,30000,52.96184022206535,-117.522242923646,1,101,10,-17,0.0,0,0,2025,2025-01,"{""type"":""MultiPoint"",""coordinates"":[]}"
0_37,30000,53.06828548764293,-117.10485196858394,1,101,10,-17,0.0,0,0,2025,2025-01,"{""type"":""MultiPoint"",""coordinates"":[]}"
0_38,30000,52.65300127031511,-119.7634629346544,1,101,10,-17,0.0,0,0,2025,2025-01,"{""type"":""MultiPoint"",""coordinates"":[]}"
0_39,30000,52.88177809669702,-118.94571433661078,1,101,10,-17,0.0,0,0,2025,2025-01,"{""type"":""MultiPoint"",""coordinates"":[]}"
0_40,30000,53.21310573584495,-117.70103852867418,1,101,10,-17,0.0,0,0,2025,2025-01,"{""type"":""MultiPoint"",""coordinates"":[]}"
0_41,30000,52.90009134683862,-119.95533376849434,1,101,10,-17,0.0,0,0,2025,2025-01,"{""type"":""MultiPoint"",""coordinates"":[]}"
0_42,30000,53.01608169365161,-119.54561848144124,1,101,10,-17,0.0,0,0,2025,2025-01,"{""type"":""MultiPoint"",""coordinates"":[]}"
0_43,30000,53.13050779314373,-119.13343464452662,1,101,10,-17,0.0,0,0,2025,2025-01,"{""type"":""MultiPoint"",""coordinates"":[]}"
0_44,30000,53.35460222981132,-118.30171251915094,1,101,10,-17,0.0,0,0,2025,2025-01,"{""type"":""MultiPoint"",""coordinates"":[]}"
0_45,30000,53.26382002930297,-119.73790472317289,1,101,10,-17,0.0,0,0,2025,2025-01,"{""type"":""MultiPoint"",""coordinates"":[]}"
0_46,30000,53.37907028660024,-119.32361111319389,1,101,10,-17,0.0,0,0,2025,2025-01,"{""type"":""MultiPoint"",""coordinates"":[]}"
0_47,30000,53.4927325704762,-118.9068164559419,1,101,10,-17,0.0,0,0,2025,2025-01,"{""type"":""MultiPoint"",""coordinates"":[]}"
0_48,30000,53.51137236821777,-119.93270456841087,1,101,10,-17,0.0,0,0,2025,2025-01,"{""type"":""MultiPoint"",""coordinates"":[]}"
0_49,30000,53.62745484977901,-119.51628879733434,1,101,10,-17,0.0,0,0,2025,2025-01,"{""type"":""MultiPoint"",""coordinates"":[]}"
0_50,30000,53.74194191986209,-119.09732591909331,1,101,10,-17,0.0,0,0,2025,2025-01,"{""type"":""MultiPoint"",""coordinates"":[]}"
0_51,30000,53.87565057154578,-119.71151376096302,1,101,10,-17,0.0,0,0,2025,2025-01,"{""type"":""MultiPoint"",""coordinates"":[]}"
0_52,30000,54.12364635257429,-119.90933310213059,1,101,10,-17,0.0,0,0,2025,2025-01,"{""type"":""MultiPoint"",""coordinates"":[]}"
0_53,30000,55.0805426747958,-118.5855617479212,1,101,10,-17,0.0,0,0,2025,2025-01,"{""type"":""MultiPoint"",""coordinates"":[]}"
1_0,30000,49.18022767009991,-117.31480495663298,2,90,10,-17,0.0,0,0,2025,2025-02,"{""type"":""MultiPoint"",""coordinates"":[]}"
1_1,30000,49.284646140761865,-116.93460285017092,2,90,10,-17,0.0,0,0,2025,2025-02,"{""type"":""MultiPoint"",""coordinates"":[]}"
1_2,30000,49.38760957074548,-116.5525010802803,2,90,10,-17,0.0,0,0,2025,2025-02,"{""type"":""MultiPoint"",""coordinates"":[]}"
1_3,30000,49.21421301288176,-118.23446576361728,2,90,10,-17,0.0,0,0,2025,2025-02,"{""type"":""MultiPoint"",""coordinates"":[]}"
1_4,30000,49.428828209113526,-117.47615002147718,2,90,10,-17,0.0,0,0,2025,2025-02,"{""type"":""MultiPoint"",""coordinates"":[]}"
1_5,30000,49.53396897725848,-117.09406857632294,2,90,10,-17,0.0,0,0,2025,2025-02,"{""type"":""MultiPoint"",""coordinates"":[]}"
1_6,30000,49.63764742530981,-116.71005494498901,2,90,10,-17,0.0,0,0,2025,2025-02,"{""type"":""MultiPoint"",""coordinates"":[]}"
1_7,30000,49.739850320366976,-116.3241226397088,2,90,10,-17,0.0,0,0,2025,2025-02,"{""type"":""MultiPoint"",""coordinates"":[]}"
1_8,30000,49.23947740635911,-119.15543515146247,2,90,10,-17,0.0,0,0,2025,2025-02,"{""type"":""MultiPoint"",""coordinates"":[]}"
1_9,30000,49.46128713174212,-118.40144071980905,2,90,10,-17,0.0,0,0,2025,2025-02,"{""type"":""MultiPoint"",""coordinates"":[]}"
1_10,30000,49.570055481237304,-118.02143560882614,2,90,10,-17,0.0,0,0,2025,2025-02,"{""type"":""MultiPoint"",""coordinates"":[]}"
1_11,30000,49.67738129258726,-117.63944020570969,2,90,10,-17,0.0,0,0,2025,2025-02,"{""type"":""MultiPoint"",""coordinates"":[]}"
1_12,30000,49.783250997210715,-117.25546660422468,2,90,10,-17,0.0,0,0,2025,2025-02,"{""type"":""MultiPoint"",""coordinates"":[]}"
1_13,30000,49.887651095363516,-116.8695276003889,2,90,10,-17,0.0,0,0,2025,2025-02,"{""type"":""MultiPoint"",""coordinates"":[]}"
1_14,30000,49.99056816130502,-116.48163670037009,2,90,10,-17,0.0,0,0,2025,2025-02,"{""type"":""MultiPoint"",""coordinates"":[]}"
1_15,30000,49.70829163092027,-118.57041748216366,2,90,10,-17,0.0,0,0,2025,2025-02,"{""type"":""MultiPoint"",""coordinates"":[]}"
1_16,30000,49.81780963922117,-118.1885751638864,2,90,10,-17,0.0,0,0,2025,2025-02,"{""type"":""MultiPoint"",""coordinates"":[]}"
1_17,30000,49.92587820738716,-117.80470870536384,2,90,10,-17,0.0,0,0,2025,2025-02,"{""type"":""MultiPoint"",""coordinates"":[]}"
1_18,30000,50.032483572308095,-117.41883015284704,2,90,10,-17,0.0,0,0,2025,2025-02,"{""type"":""MultiPoint"",""coordinates"":[]}"
1_19,30000,50.13761203878164,-117.03095227158914,2,90,10,-17,0.0,0,0,2025,2025-02,"{""type"":""MultiPoint"",""coordinates"":[]}"
1_20,30000,49.955217491847385,-118.74142983763531,2,90,10,-17,0.0,0,0,2025,2025-02,"{""type"":""MultiPoint"",""coordinates"":[]}"
1_21,30000,52.827778918144936,-113.07754525746802,2,90,10,-17,0.0,0,0,2025,2025-02,"{""type"":""MultiPoint"",""coordinates"":[]}"
1_22,30000,52.10159673710142,-117.40815455704802,2,90,10,-17,0.0,0,0,2025,2025-02,"{""type"":""MultiPoint"",""coordinates"":[]}"
1_23,30000,52.20734520139947,-116.99963638331744,2,90,10,-17,0.0,0,0,2025,2025-02,"{""type"":""MultiPoint"",""coordinates"":[]}"
1_24,30000,52.311505756254896,-116.58891787321416,2,90,10,-17,0.0,0,0,2025,2025-02,"{""type"":""MultiPoint"",""coordinates"":[]}"
1_25,30000,52.41406362710366,-116.17601572764892,2,90,10,-17,0.0,0,0,2025,2025-02,"{""type"":""MultiPoint"",""coordinates"":[]}"
1_26,30000,52.352439512601634,-117.58226888824623,2,90,10,-17,0.0,0,0,2025,2025-02,"{""type"":""MultiPoint"",""coordinates"":[]}"
1_27,30000,52.458950151741966,-117.1715837603088,2,90,10,-17,0.0,0,0,2025,2025-02,"{""type"":""MultiPoint"",""coordinates"":[]}"
1_28,30000,52.56386468909943,-116.75865779499183,2,90,10,-17,0.0,0,0,2025,2025-02,"{""type"":""MultiPoint"",""coordinates"":[]}"
1_29,30000,52.66716811913094,-116.34350769123394,2,90,10,-17,0.0,0,0,2025,2025-02,"{""type"":""MultiPoint"",""coordinates"":[]}"
1_30,30000,52.0432442295542,-119.78822719073767,2,90,10,-17,0.0,0,0,2025,2025-02,"{""type"":""MultiPoint"",""coordinates"":[]}"
1_31,30000,52.60317135958741,-117.7586399806141,2,90,10,-17,0.0,0,0,2025,2025-02,"{""type"":""MultiPoint"",""coordinates"":[]}"
1_32,30000,52.71045173248939,-117.34577212936695,2,90,10,-17,0.0,0,0,2025,2025-02,"{""type"":""MultiPoint"",""coordinates"":[]}"
1_33,30000,52.81612780426741,-116.93062201161017,2,90,10,-17,0.0764588075235326,0,0,2025,2025-02,"{""type"":""MultiPoint"",""coordinates"":[]}"
1_34,30000,53.415647481881564,-114.39279613532302,2,90,10,-17,0.0,0,0,2025,2025-02,"{""type"":""MultiPoint"",""coordinates"":[]}"
1_35,30000,53.60197441351149,-113.5294665635097,2,90,10,-17,0.0,0,0,2025,2025-02,"{""type"":""MultiPoint"",""coordinates"":[]}"
1_36,30000,52.2898535717501,-119.97725550517926,2,90,10,-17,0.0,0,0,2025,2025-02,"{""type"":""MultiPoint"",""coordinates"":[]}"
1_37,30000,52.405738840261776,-119.57402864063553,2,90,10,-17,0.0,0,0,2025,2025-02,"{""type"":""MultiPoint"",""coordinates"":[]}"
1_38,30000,52.85378245083254,-117.9373092308009,2,90,10,-17,0.0,0,0,2025,2025-02,"{""type"":""MultiPoint"",""coordinates"":[]}"
1_39,30000,52.96184022206535,-117.522242923646,2,90,10,-17,0.015096515025249687,0,0,2025,2025-02,"{""type"":""MultiPoint"",""coordinates"":[]}"
1_40,30000,53.06828548764293,-117.10485196858394,2,90,10,-17,0.0,0,0,2025,2025-02,"{""type"":""MultiPoint"",""coordinates"":[]}"
1_41,30000,52.65300127031511,-119.7634629346544,2,90,10,-17,0.0,0,0,2025,2025-02,"{""type"":""MultiPoint"",""coordinates"":[]}"
1_42,30000,52.99381495113538,-118.53321579118975,2,90,10,-17,0.0,0,0,2025,2025-02,"{""type"":""MultiPoint"",""coordinates"":[]}"
1_43,30000,53.21310573584495,-117.70103852867418,2,90,10,-17,0.0,0,0,2025,2025-02,"{""type"":""MultiPoint"",""coordinates"":[]}"
1_44,30000,52.90009134683862,-119.95533376849434,2,90,10,-17,0.0,0,0,2025,2025-02,"{""type"":""MultiPoint"",""coordinates"":[]}"
1_45,30000,53.01608169365161,-119.54561848144124,2,90,10,-17,0.0,0,0,2025,2025-02,"{""type"":""MultiPoint"",""coordinates"":[]}"
1_46,30000,53.13050779314373,-119.13343464452662,2,90,10,-17,0.0,0,0,2025,2025-02,"{""type"":""MultiPoint"",""coordinates"":[]}"
1_47,30000,53.243353374368105,-118.7187948110295,2,90,10,-17,0.0,0,0,2025,2025-02,"{""type"":""MultiPoint"",""coordinates"":[]}"
1_48,30000,53.26382002930297,-119.73790472317289,2,90,10,-17,0.0,0,0,2025,2025-02,"{""type"":""MultiPoint"",""coordinates"":[]}"
1_49,30000,53.37907028660024,-119.32361111319389,2,90,10,-17,0.0,0,0,2025,2025-02,"{""type"":""MultiPoint"",""coordinates"":[]}"
1_50,30000,53.4927325704762,-118.9068164559419,2,90,10,-17,0.0,0,0,2025,2025-02,"{""type"":""MultiPoint"",""coordinates"":[]}"
1_51,30000,53.51137236821777,-119.93270456841087,2,90,10,-17,0.0,0,0,2025,2025-02,"{""type"":""MultiPoint"",""coordinates"":[]}"
1_52,30000,53.62745484977901,-119.51628879733434,2,90,10,-17,0.0,0,0,2025,2025-02,"{""type"":""MultiPoint"",""coordinates"":[]}"
1_53,30000,53.87565057154578,-119.71151376096302,2,90,10,-17,0.0,0,0,2025,2025-02,"{""type"":""MultiPoint"",""coordinates"":[]}"
1_54,30000,57.17023319594705,-111.56547764278571,2,90,10,-17,0.0,0,0,2025,2025-02,"{""type"":""MultiPoint"",""coordinates"":[]}"
1_55,30000,56.1968074904156,-118.94035790814556,2,90,10,-17,0.0,0,0,2025,2025-02,"{""type"":""MultiPoint"",""coordinates"":[]}"
2_0,30000,49.18022767009991,-117.31480495663298,3,110,10,-17,0.0,0,0,2025,2025-03,"{""type"":""MultiPoint"",""coordinates"":[]}"
2_1,30000,49.284646140761865,-116.93460285017092,3,110,10,-17,0.05810174608265334,0,0,2025,2025-03,"{""type"":""MultiPoint"",""coordinates"":[]}"
2_2,30000,49.38760957074548,-116.5525010802803,3,110,10,-17,0.0,0,0,2025,2025-03,"{""type"":""MultiPoint"",""coordinates"":[]}"
2_3,30000,49.68763958973784,-115.39493632672128,3,110,10,-17,0.0,0,0,2025,2025-03,"{""type"":""MultiPoint"",""coordinates"":[]}"
2_4,30000,49.21421301288176,-118.23446576361728,3,110,10,-17,0.0,0,0,2025,2025-03,"{""type"":""MultiPoint"",""coordinates"":[]}"
2_5,30000,49.322238428535584,-117.85628646157005,3,110,10,-17,0.0,0,0,2025,2025-03,"{""type"":""MultiPoint"",""coordinates"":[]}"
2_6,30000,49.428828209113526,-117.47615002147718,3,110,10,-17,0.0,0,0,2025,2025-03,"{""type"":""MultiPoint"",""coordinates"":[]}"
2_7,30000,49.53396897725848,-117.09406857632294,3,110,10,-17,0.0,0,0,2025,2025-03,"{""type"":""MultiPoint"",""coordinates"":[]}"
2_8,30000,49.63764742530981,-116.71005494498901,3,110,10,-17,0.0,0,0,2025,2025-03,"{""type"":""MultiPoint"",""coordinates"":[]}"
2_9,30000,49.739850320366976,-116.3241226397088,3,110,10,-17,0.0,0,0,2025,2025-03,"{""type"":""MultiPoint"",""coordinates"":[]}"
2_10,30000,49.46128713174212,-118.40144071980905,3,110,10,-17,0.0,0,0,2025,2025-03,"{""type"":""MultiPoint"",""coordinates"":[]}"
2_11,30000,49.570055481237304,-118.02143560882614,3,110,10,-17,0.0,0,0,2025,2025-03,"{""type"":""MultiPoint"",""coordinates"":[]}"
2_12,30000,49.67738129258726,-117.63944020570969,3,110,10,-17,0.0,0,0,2025,2025-03,"{""type"":""MultiPoint"",""coordinates"":[]}"
2_13,30000,49.783250997210715,-117.25546660422468,3,110,10,-17,0.0,0,0,2025,2025-03,"{""type"":""MultiPoint"",""coordinates"":[]}"
2_14,30000,49.887651095363516,-116.8695276003889,3,110,10,-17,0.0,0,0,2025,2025-03,"{""type"":""MultiPoint"",""coordinates"":[]}"
2_15,30000,49.99056816130502,-116.48163670037009,3,110,10,-17,0.0,0,0,2025,2025-03,"{""type"":""MultiPoint"",""coordinates"":[]}"
2_16,30000,50.0919888485373,-116.09180812796657,3,110,10,-17,0.0,0,0,2025,2025-03,"{""type"":""MultiPoint"",""coordinates"":[]}"
2_17,30000,49.70829163092027,-118.57041748216366,3,110,10,-17,0.14289290484733083,0,0,2025,2025-03,"{""type"":""MultiPoint"",""coordinates"":[]}"
2_18,30000,49.81780963922117,-118.1885751638864,3,110,10,-17,0.0,0,0,2025,2025-03,"{""type"":""MultiPoint"",""coordinates"":[]}"
2_19,30000,49.92587820738716,-117.80470870536384,3,110,10,-17,0.0,0,0,2025,2025-03,"{""type"":""MultiPoint"",""coordinates"":[]}"
2_20,30000,50.032483572308095,-117.41883015284704,3,110,10,-17,0.0,0,0,2025,2025-03,"{""type"":""MultiPoint"",""coordinates"":[]}"
2_21,30000,50.13761203878164,-117.03095227158914,3,110,10,-17,0.0,0,0,2025,2025-03,"{""type"":""MultiPoint"",""coordinates"":[]}"
2_22,30000,50.241249984784275,-116.64108855420758,3,110,10,-17,0.0,0,0,2025,2025-03,"{""type"":""MultiPoint"",""coordinates"":[]}"
2_23,30000,50.343383866819025,-116.24925322862201,3,110,10,-17,0.0,0,0,2025,2025-03,"{""type"":""MultiPoint"",""coordinates"":[]}"
2_24,30000,50.065491966951875,-118.35773897757556,3,110,10,-17,0.0,0,0,2025,2025-03,"{""type"":""MultiPoint"",""coordinates"":[]}"
2_25,30000,50.1743101025601,-117.971989418857,3,110,10,-17,0.0,0,0,2025,2025-03,"{""type"":""MultiPoint"",""coordinates"":[]}"
2_26,30000,50.28165793766874,-117.58419315144972,3,110,10,-17,0.0,0,0,2025,2025-03,"{""type"":""MultiPoint"",""coordinates"":[]}"
2_27,30000,50.38752157817964,-117.19436290147581,3,110,10,-17,0.0,0,0,2025,2025-03,"{""type"":""MultiPoint"",""coordinates"":[]}"
2_28,30000,50.49188720227741,-116.80251214006081,3,110,10,-17,0.0,0,0,2025,2025-03,"{""type"":""MultiPoint"",""coordinates"":[]}"
2_29,30000,50.59474106588762,-116.40865509175235,3,110,10,-17,0.0,0,0,2025,2025-03,"{""type"":""MultiPoint"",""coordinates"":[]}"
2_30,30000,50.69606950821239,-116.01280674248096,3,110,10,-17,0.0,0,0,2025,2025-03,"{""type"":""MultiPoint"",""coordinates"":[]}"
2_31,30000,50.42266798649277,-118.14131696374228,3,110,10,-17,0.0,0,0,2025,2025-03,"{""type"":""MultiPoint"",""coordinates"":[]}"
2_32,30000,50.53076518900706,-117.7515902567983,3,110,10,-17,0.0,0,0,2025,2025-03,"{""type"":""MultiPoint"",""coordinates"":[]}"
2_33,30000,50.63737089809243,-117.35979416838663,3,110,10,-17,0.0,0,0,2025,2025-03,"{""type"":""MultiPoint"",""coordinates"":[]}"
2_34,30000,50.74247108856541,-116.96594213971807,3,110,10,-17,0.0,0,0,2025,2025-03,"{""type"":""MultiPoint"",""coordinates"":[]}"
2_35,30000,50.84605181212518,-116.57004838400321,3,110,10,-17,0.0,0,0,2025,2025-03,"{""type"":""MultiPoint"",""coordinates"":[]}"
2_36,30000,50.948099203006215,-116.17212789491009,3,110,10,-17,0.0,0,0,2025,2025-03,"{""type"":""MultiPoint"",""coordinates"":[]}"
2_37,30000,50.67094272398514,-118.31272669386064,3,110,10,-17,0.0,0,0,2025,2025-03,"{""type"":""MultiPoint"",""coordinates"":[]}"
2_38,30000,50.779796279715256,-117.92105687080597,3,110,10,-17,0.0,0,0,2025,2025-03,"{""type"":""MultiPoint"",""coordinates"":[]}"
2_39,30000,50.88715104206652,-117.52728150423397,3,110,10,-17,0.0,0,0,2025,2025-03,"{""type"":""MultiPoint"",""coordinates"":[]}"
2_40,30000,51.097307333797374,-116.73346854105039,3,110,10,-17,0.0,0,0,2025,2025-03,"{""type"":""MultiPoint"",""coordinates"":[]}"
2_41,30000,51.20008063240146,-116.33346013128742,3,110,10,-17,0.0,0,0,2025,2025-03,"{""type"":""MultiPoint"",""coordinates"":[]}"
2_42,30000,51.30129868770186,-115.93140456916186,3,110,10,-17,0.0,0,0,2025,2025-03,"{""type"":""MultiPoint"",""coordinates"":[]}"
2_43,30000,51.4009476062527,-115.52731847305982,3,110,10,-17,0.0,0,0,2025,2025-03,"{""type"":""MultiPoint"",""coordinates"":[]}"
2_44,30000,50.91912503323592,-118.48625471690103,3,110,10,-17,0.0,0,0,2025,2025-03,"{""type"":""MultiPoint"",""coordinates"":[]}"
2_45,30000,51.028742017855585,-118.09262915860808,3,110,10,-17,0.0,0,0,2025,2025-03,"{""type"":""MultiPoint"",""coordinates"":[]}"
2_46,30000,51.13685290966212,-117.6968611130857,3,110,10,-17,0.1065138227435085,0,0,2025,2025-03,"{""type"":""MultiPoint"",""coordinates"":[]}"
2_47,30000,51.243443265734115,-117.29896393439542,3,110,10,-17,0.0,0,0,2025,2025-03,"{""type"":""MultiPoint"",""coordinates"":[]}"
2_48,30000,51.348498718083775,-116.89895178716442,3,110,10,-17,0.0,0,0,2025,2025-03,"{""type"":""MultiPoint"",""coordinates"":[]}"
2_49,30000,51.45200497955007,-116.49683965611742,3,110,10,-17,0.0,0,0,2025,2025-03,"{""type"":""MultiPoint"",""coordinates"":[]}"
2_50,30000,51.55394784977931,-116.09264335509364,3,110,10,-17,0.0,0,0,2025,2025-03,"{""type"":""MultiPoint"",""coordinates"":[]}"
2_51,30000,51.654313221289,-115.68637953552042,3,110,10,-17,0.0,0,0,2025,2025-03,"{""type"":""MultiPoint"",""coordinates"":[]}"
2_52,30000,51.05531923773478,-119.05533905033808,3,110,10,-17,0.0,0,0,2025,2025-03,"{""type"":""MultiPoint"",""coordinates"":[]}"
2_53,30000,51.16720548273678,-118.66193791237481,3,110,10,-17,0.0,0,0,2025,2025-03,"{""type"":""MultiPoint"",""coordinates"":[]}"
2_54,30000,51.27759306306063,-118.26634406707706,3,110,10,-17,0.0,0,0,2025,2025-03,"{""type"":""MultiPoint"",""coordinates"":[]}"
2_55,30000,51.38646725336234,-117.86856999021312,3,110,10,-17,0.0,0,0,2025,2025-03,"{""type"":""MultiPoint"",""coordinates"":[]}"
2_56,30000,51.49381339621175,-117.46862897751716,3,110,10,-17,0.0,0,0,2025,2025-03,"{""type"":""MultiPoint"",""coordinates"":[]}"
2_57,30000,51.59961690801395,-117.0665351552954,3,110,10,-17,0.0,0,0,2025,2025-03,"{""type"":""MultiPoint"",""coordinates"":[]}"
2_58,30000,51.7038632850262,-116.66230349053806,3,110,10,-17,0.0,0,0,2025,2025-03,"{""type"":""MultiPoint"",""coordinates"":[]}"
2_59,30000,51.80653810946705,-116.25594980050631,3,110,10,-17,0.0,0,0,2025,2025-03,"{""type"":""MultiPoint"",""coordinates"":[]}"
2_60,30000,51.90762705571357,-115.84749076176345,3,110,10,-17,0.0,0,0,2025,2025-03,"{""type"":""MultiPoint"",""coordinates"":[]}"
2_61,30000,51.415174488072545,-118.83981395001108,3,110,10,-17,0.0,0,0,2025,2025-03,"{""type"":""MultiPoint"",""coordinates"":[]}"
2_62,30000,51.52633992333847,-118.44223934378608,3,110,10,-17,0.16811528658619848,0,0,2025,2025-03,"{""type"":""MultiPoint"",""coordinates"":[]}"
2_63,30000,51.63598467538623,-118.04244594161493,3,110,10,-17,0.0,0,0,2025,2025-03,"{""type"":""MultiPoint"",""coordinates"":[]}"
2_64,30000,51.74409386842318,-117.64044697029324,3,110,10,-17,0.0,0,0,2025,2025-03,"{""type"":""MultiPoint"",""coordinates"":[]}"
2_65,30000,51.85065269930557,-117.2362565076892,3,110,10,-17,0.0,0,0,2025,2025-03,"{""type"":""MultiPoint"",""coordinates"":[]}"
2_66,30000,51.955646443681644,-116.82988949346647,3,110,10,-17,0.0,0,0,2025,2025-03,"{""type"":""MultiPoint"",""coordinates"":[]}"
2_67,30000,52.05906046223179,-116.42136173927166,3,110,10,-17,0.0,0,0,2025,2025-03,"{""type"":""MultiPoint"",""coordinates"":[]}"
2_68,30000,51.6630223086243,-119.01992130857953,3,110,10,-17,0.0,0,0,2025,2025-03,"{""type"":""MultiPoint"",""coordinates"":[]}"
2_69,30000,51.77497295177934,-118.6203535564288,3,110,10,-17,0.0,0,0,2025,2025-03,"{""type"":""MultiPoint"",""coordinates"":[]}"
2_70,30000,51.88539562440237,-118.21852760402672,3,110,10,-17,0.0,0,0,2025,2025-03,"{""type"":""MultiPoint"",""coordinates"":[]}"
2_71,30000,51.99427522841305,-117.81445659799915,3,110,10,-17,0.0,0,0,2025,2025-03,"{""type"":""MultiPoint"",""coordinates"":[]}"
2_72,30000,52.10159673710142,-117.40815455704802,3,110,10,-17,0.0,0,0,2025,2025-03,"{""type"":""MultiPoint"",""coordinates"":[]}"
2_73,30000,52.20734520139947,-116.99963638331744,3,110,10,-17,0.0,0,0,2025,2025-03,"{""type"":""MultiPoint"",""coordinates"":[]}"
2_74,30000,52.311505756254896,-116.58891787321416,3,110,10,-17,0.0,0,0,2025,2025-03,"{""type"":""MultiPoint"",""coordinates"":[]}"
2_75,30000,52.41406362710366,-116.17601572764892,3,110,10,-17,0.0,0,0,2025,2025-03,"{""type"":""MultiPoint"",""coordinates"":[]}"
2_76,30000,51.910739044172246,-119.20229929514619,3,110,10,-17,0.0,0,0,2025,2025-03,"{""type"":""MultiPoint"",""coordinates"":[]}"
2_77,30000,52.02348234316083,-118.8007261127026,3,110,10,-17,0.0,0,0,2025,2025-03,"{""type"":""MultiPoint"",""coordinates"":[]}"
2_78,30000,52.13469039213968,-118.3968544654242,3,110,10,-17,0.0,0,0,2025,2025-03,"{""type"":""MultiPoint"",""coordinates"":[]}"
2_79,30000,52.244347866743325,-117.99069740788404,3,110,10,-17,0.0,0,0,2025,2025-03,"{""type"":""MultiPoint"",""coordinates"":[]}"
2_80,30000,52.352439512601634,-117.58226888824623,3,110,10,-17,0.0,0,0,2025,2025-03,"{""type"":""MultiPoint"",""coordinates"":[]}"
2_81,30000,52.458950151741966,-117.1715837603088,3,110,10,-17,0.017052622466725228,0,0,2025,2025-03,"{""type"":""MultiPoint"",""coordinates"":[]}"
2_82,30000,52.56386468909943,-116.75865779499183,3,110,10,-17,0.0,0,0,2025,2025-03,"{""type"":""MultiPoint"",""coordinates"":[]}"
2_83,30000,52.66716811913094,-116.34350769123394,3,110,10,-17,0.0,0,0,2025,2025-03,"{""type"":""MultiPoint"",""coordinates"":[]}"
2_84,30000,52.0432442295542,-119.78822719073767,3,110,10,-17,0.0,0,0,2025,2025-03,"{""type"":""MultiPoint"",""coordinates"":[]}"
2_85,30000,52.15831463139495,-119.38698806476872,3,110,10,-17,0.0,0,0,2025,2025-03,"{""type"":""MultiPoint"",""coordinates"":[]}"
2_86,30000,52.27185813044813,-118.98339728066276,3,110,10,-17,0.0,0,0,2025,2025-03,"{""type"":""MultiPoint"",""coordinates"":[]}"
2_87,30000,52.38385910989201,-118.57746688602963,3,110,10,-17,0.0,0,0,2025,2025-03,"{""type"":""MultiPoint"",""coordinates"":[]}"
2_88,30000,52.49430201500574,-118.16920983082106,3,110,10,-17,0.0,0,0,2025,2025-03,"{""type"":""MultiPoint"",""coordinates"":[]}"
2_89,30000,52.60317135958741,-117.7586399806141,3,110,10,-17,0.0,0,0,2025,2025-03,"{""type"":""MultiPoint"",""coordinates"":[]}"
2_90,30000,52.71045173248939,-117.34577212936695,3,110,10,-17,0.0,0,0,2025,2025-03,"{""type"":""MultiPoint"",""coordinates"":[]}"
2_91,30000,52.81612780426741,-116.93062201161017,3,110,10,-17,0.0,0,0,2025,2025-03,"{""type"":""MultiPoint"",""coordinates"":[]}"
2_92,30000,53.509672529374996,-113.96219199101863,3,110,10,-17,0.0,0,0,2025,2025-03,"{""type"":""MultiPoint"",""coordinates"":[]}"
2_93,30000,53.60197441351149,-113.5294665635097,3,110,10,-17,0.0,0,0,2025,2025-03,"{""type"":""MultiPoint"",""coordinates"":[]}"
2_94,30000,52.2898535717501,-119.97725550517926,3,110,10,-17,0.0,0,0,2025,2025-03,"{""type"":""MultiPoint"",""coordinates"":[]}"
2_95,30000,52.405738840261776,-119.57402864063553,3,110,10,-17,0.0,0,0,2025,2025-03,"{""type"":""MultiPoint"",""coordinates"":[]}"
2_96,30000,52.520090181185836,-119.16840820955399,3,110,10,-17,0.0,0,0,2025,2025-03,"{""type"":""MultiPoint"",""coordinates"":[]}"
2_97,30000,52.632891744912946,-118.76040611982936,3,110,10,-17,0.1998115171415418,0,0,2025,2025-03,"{""type"":""MultiPoint"",""coordinates"":[]}"
2_98,30000,52.744127742223,-118.3500352035024,3,110,10,-17,0.0,0,0,2025,2025-03,"{""type"":""MultiPoint"",""coordinates"":[]}"
2_99,30000,52.85378245083254,-117.9373092308009,3,110,10,-17,0.0,0,0,2025,2025-03,"{""type"":""MultiPoint"",""coordinates"":[]}"
2_100,30000,52.96184022206535,-117.522242923646,3,110,10,-17,0.0,0,0,2025,2025-03,"{""type"":""MultiPoint"",""coordinates"":[]}"
2_101,30000,53.06828548764293,-117.10485196858394,3,110,10,-17,0.0,0,0,2025,2025-03,"{""type"":""MultiPoint"",""coordinates"":[]}"
2_102,30000,52.65300127031511,-119.7634629346544,3,110,10,-17,0.0,0,0,2025,2025-03,"{""type"":""MultiPoint"",""coordinates"":[]}"
2_103,30000,52.76816819377785,-119.35580095112637,3,110,10,-17,0.0839056788205114,0,0,2025,2025-03,"{""type"":""MultiPoint"",""coordinates"":[]}"
2_104,30000,52.88177809669702,-118.94571433661078,3,110,10,-17,0.0,0,0,2025,2025-03,"{""type"":""MultiPoint"",""coordinates"":[]}"
2_105,30000,52.99381495113538,-118.53321579118975,3,110,10,-17,0.0,0,0,2025,2025-03,"{""type"":""MultiPoint"",""coordinates"":[]}"
2_106,30000,53.10426279439886,-118.11831897622909,3,110,10,-17,0.0,0,0,2025,2025-03,"{""type"":""MultiPoint"",""coordinates"":[]}"
2_107,30000,53.21310573584495,-117.70103852867418,3,110,10,-17,0.0,0,0,2025,2025-03,"{""type"":""MultiPoint"",""coordinates"":[]}"
2_108,30000,52.90009134683862,-119.95533376849434,3,110,10,-17,0.0,0,0,2025,2025-03,"{""type"":""MultiPoint"",""coordinates"":[]}"
2_109,30000,53.01608169365161,-119.54561848144124,3,110,10,-17,0.0,0,0,2025,2025-03,"{""type"":""MultiPoint"",""coordinates"":[]}"
2_110,30000,53.13050779314373,-119.13343464452662,3,110,10,-17,0.0,0,0,2025,2025-03,"{""type"":""MultiPoint"",""coordinates"":[]}"
2_111,30000,53.35460222981132,-118.30171251915094,3,110,10,-17,0.0,0,0,2025,2025-03,"{""type"":""MultiPoint"",""coordinates"":[]}"
2_112,30000,53.4642382223416,-117.882202307141,3,110,10,-17,0.0,0,0,2025,2025-03,"{""type"":""MultiPoint"",""coordinates"":[]}"
2_113,30000,53.26382002930297,-119.73790472317289,3,110,10,-17,0.0,0,0,2025,2025-03,"{""type"":""MultiPoint"",""coordinates"":[]}"
2_114,30000,53.37907028660024,-119.32361111319389,3,110,10,-17,0.0,0,0,2025,2025-03,"{""type"":""MultiPoint"",""coordinates"":[]}"
2_115,30000,53.51137236821777,-119.93270456841087,3,110,10,-17,0.0,0,0,2025,2025-03,"{""type"":""MultiPoint"",""coordinates"":[]}"
2_116,30000,53.62745484977901,-119.51628879733434,3,110,10,-17,0.0,0,0,2025,2025-03,"{""type"":""MultiPoint"",""coordinates"":[]}"
2_117,30000,53.87565057154578,-119.71151376096302,3,110,10,-17,0.0,0,0,2025,2025-03,"{""type"":""MultiPoint"",""coordinates"":[]}"
2_118,30000,56.64451745330842,-111.26052138401275,3,110,10,-17,0.0,0,0,2025,2025-03,"{""type"":""MultiPoint"",""coordinates"":[]}"
2_119,30000,57.17023319594705,-111.56547764278571,3,110,10,-17,0.0,0,0,2025,2025-03,"{""type"":""MultiPoint"",""coordinates"":[]}"
3_0,30000,49.1833542928276,-115.09718295994307,4,165,10,-17,0.0,0,0,2025,2025-04,"{""type"":""MultiPoint"",""coordinates"":[]}"
3_1,30000,49.27901930836136,-114.71165929494109,4,165,10,-17,0.0,0,0,2025,2025-04,"{""type"":""MultiPoint"",""coordinates"":[]}"
3_2,30000,49.37318130792673,-114.32437301070378,4,165,10,-17,0.0,0,0,2025,2025-04,"{""type"":""MultiPoint"",""coordinates"":[]}"
3_3,30000,49.13754594127269,-116.3968334816952,4,165,10,-17,0.0,0,0,2025,2025-04,"{""type"":""MultiPoint"",""coordinates"":[]}"
3_4,30000,49.23834027352261,-116.01477574902673,4,165,10,-17,0.0,0,0,2025,2025-04,"{""type"":""MultiPoint"",""coordinates"":[]}"
3_5,30000,49.435496038448015,-115.2451546978652,4,165,10,-17,0.0,0,0,2025,2025-04,"{""type"":""MultiPoint"",""coordinates"":[]}"
3_6,30000,49.531832181579745,-114.85762174558681,4,165,10,-17,0.0,0,0,2025,2025-04,"{""type"":""MultiPoint"",""coordinates"":[]}"
3_7,30000,49.626657128945375,-114.46829522200922,4,165,10,-17,0.0,0,0,2025,2025-04,"{""type"":""MultiPoint"",""coordinates"":[]}"
3_8,30000,49.284646140761865,-116.93460285017092,4,165,10,-17,0.0,0,0,2025,2025-04,"{""type"":""MultiPoint"",""coordinates"":[]}"
3_9,30000,49.38760957074548,-116.5525010802803,4,165,10,-17,0.0,0,0,2025,2025-04,"{""type"":""MultiPoint"",""coordinates"":[]}"
3_10,30000,49.48910491661279,-116.16851315821037,4,165,10,-17,0.0,0,0,2025,2025-04,"{""type"":""MultiPoint"",""coordinates"":[]}"
3_11,30000,49.58911921540591,-115.78265327880608,4,165,10,-17,0.0,0,0,2025,2025-04,"{""type"":""MultiPoint"",""coordinates"":[]}"
3_12,30000,49.68763958973784,-115.39493632672128,4,165,10,-17,0.0,0,0,2025,2025-04,"{""type"":""MultiPoint"",""coordinates"":[]}"
3_13,30000,49.784653252942704,-115.005377882191,4,165,10,-17,0.0,0,0,2025,2025-04,"{""type"":""MultiPoint"",""coordinates"":[]}"
3_14,30000,49.88014751428192,-114.61399422634233,4,165,10,-17,0.08216948291964891,0,0,2025,2025-04,"{""type"":""MultiPoint"",""coordinates"":[]}"
3_15,30000,49.428828209113526,-117.47615002147718,4,165,10,-17,0.0,0,0,2025,2025-04,"{""type"":""MultiPoint"",""coordinates"":[]}"
3_16,30000,49.53396897725848,-117.09406857632294,4,165,10,-17,0.0,0,0,2025,2025-04,"{""type"":""MultiPoint"",""coordinates"":[]}"
3_17,30000,49.63764742530981,-116.71005494498901,4,165,10,-17,0.0,0,0,2025,2025-04,"{""type"":""MultiPoint"",""coordinates"":[]}"
3_18,30000,49.739850320366976,-116.3241226397088,4,165,10,-17,0.0,0,0,2025,2025-04,"{""type"":""MultiPoint"",""coordinates"":[]}"
3_19,30000,49.84056450942228,-115.93628587311412,4,165,10,-17,0.0,0,0,2025,2025-04,"{""type"":""MultiPoint"",""coordinates"":[]}"
3_20,30000,49.93977692455961,-115.54655956485155,4,165,10,-17,0.0,0,0,2025,2025-04,"{""type"":""MultiPoint"",""coordinates"":[]}"
3_21,30000,50.037474588215815,-115.15495934774765,4,165,10,-17,0.0,0,0,2025,2025-04,"{""type"":""MultiPoint"",""coordinates"":[]}"
3_22,30000,50.13364461850168,-114.7615015735015,4,165,10,-17,0.0,0,0,2025,2025-04,"{""type"":""MultiPoint"",""coordinates"":[]}"
3_23,30000,49.570055481237304,-118.02143560882614,4,165,10,-17,0.0,0,0,2025,2025-04,"{""type"":""MultiPoint"",""coordinates"":[]}"
3_24,30000,49.783250997210715,-117.25546660422468,4,165,10,-17,0.0,0,0,2025,2025-04,"{""type"":""MultiPoint"",""coordinates"":[]}"
3_25,30000,49.887651095363516,-116.8695276003889,4,165,10,-17,0.0,0,0,2025,2025-04,"{""type"":""MultiPoint"",""coordinates"":[]}"
3_26,30000,49.99056816130502,-116.48163670037009,4,165,10,-17,0.0,0,0,2025,2025-04,"{""type"":""MultiPoint"",""coordinates"":[]}"
3_27,30000,50.0919888485373,-116.09180812796657,4,165,10,-17,0.0,0,0,2025,2025-04,"{""type"":""MultiPoint"",""coordinates"":[]}"
3_28,30000,50.191899895113906,-115.7000568316489,4,165,10,-17,0.0,0,0,2025,2025-04,"{""type"":""MultiPoint"",""coordinates"":[]}"
3_29,30000,50.29028812901492,-115.30639849113933,4,165,10,-17,0.0,0,0,2025,2025-04,"{""type"":""MultiPoint"",""coordinates"":[]}"
3_30,30000,50.3871404735853,-114.91084952350734,4,165,10,-17,0.0,0,0,2025,2025-04,"{""type"":""MultiPoint"",""coordinates"":[]}"
3_31,30000,50.4824439530322,-114.51342708875744,4,165,10,-17,0.0,0,0,2025,2025-04,"{""type"":""MultiPoint"",""coordinates"":[]}"
3_32,30000,49.92587820738716,-117.80470870536384,4,165,10,-17,0.0,0,0,2025,2025-04,"{""type"":""MultiPoint"",""coordinates"":[]}"
3_33,30000,50.032483572308095,-117.41883015284704,4,165,10,-17,0.0,0,0,2025,2025-04,"{""type"":""MultiPoint"",""coordinates"":[]}"
3_34,30000,50.13761203878164,-117.03095227158914,4,165,10,-17,0.0,0,0,2025,2025-04,"{""type"":""MultiPoint"",""coordinates"":[]}"
3_35,30000,50.241249984784275,-116.64108855420758,4,165,10,-17,0.0,0,0,2025,2025-04,"{""type"":""MultiPoint"",""coordinates"":[]}"
3_36,30000,50.343383866819025,-116.24925322862201,4,165,10,-17,0.0,0,0,2025,2025-04,"{""type"":""MultiPoint"",""coordinates"":[]}"
3_37,30000,50.444000225336374,-115.8554612655433,4,165,10,-17,0.0,0,0,2025,2025-04,"{""type"":""MultiPoint"",""coordinates"":[]}"
3_38,30000,50.54308569022569,-115.45972838549066,4,165,10,-17,0.0,0,0,2025,2025-04,"{""type"":""MultiPoint"",""coordinates"":[]}"
3_39,30000,50.64062698637315,-115.06207106531204,4,165,10,-17,0.0502525902897678,0,0,2025,2025-04,"{""type"":""MultiPoint"",""coordinates"":[]}"
3_40,30000,50.73661093928278,-114.66250654418486,4,165,10,-17,0.0,0,0,2025,2025-04,"{""type"":""MultiPoint"",""coordinates"":[]}"
3_41,30000,50.28165793766874,-117.58419315144972,4,165,10,-17,0.0,0,0,2025,2025-04,"{""type"":""MultiPoint"",""coordinates"":[]}"
3_42,30000,50.38752157817964,-117.19436290147581,4,165,10,-17,0.0,0,0,2025,2025-04,"{""type"":""MultiPoint"",""coordinates"":[]}"
3_43,30000,50.49188720227741,-116.80251214006081,4,165,10,-17,0.0,0,0,2025,2025-04,"{""type"":""MultiPoint"",""coordinates"":[]}"
3_44,30000,50.59474106588762,-116.40865509175235,4,165,10,-17,0.1360938883591652,0,0,2025,2025-04,"{""type"":""MultiPoint"",""coordinates"":[]}"
3_45,30000,50.69606950821239,-116.01280674248096,4,165,10,-17,0.12472896068388789,0,0,2025,2025-04,"{""type"":""MultiPoint"",""coordinates"":[]}"
3_46,30000,50.795858957340364,-115.61498284703796,4,165,10,-17,0.0,0,0,2025,2025-04,"{""type"":""MultiPoint"",""coordinates"":[]}"
3_47,30000,50.89409593592701,-115.21519993604544,4,165,10,-17,0.0,0,0,2025,2025-04,"{""type"":""MultiPoint"",""coordinates"":[]}"
3_48,30000,50.990767066942105,-114.81347532239283,4,165,10,-17,0.0,0,0,2025,2025-04,"{""type"":""MultiPoint"",""coordinates"":[]}"
3_49,30000,51.179358814627726,-114.00427418469191,4,165,10,-17,0.0,0,0,2025,2025-04,"{""type"":""MultiPoint"",""coordinates"":[]}"
3_50,30000,50.63737089809243,-117.35979416838663,4,165,10,-17,0.0,0,0,2025,2025-04,"{""type"":""MultiPoint"",""coordinates"":[]}"
3_51,30000,50.74247108856541,-116.96594213971807,4,165,10,-17,0.0,0,0,2025,2025-04,"{""type"":""MultiPoint"",""coordinates"":[]}"
3_52,30000,50.84605181212518,-116.57004838400321,4,165,10,-17,0.0,0,0,2025,2025-04,"{""type"":""MultiPoint"",""coordinates"":[]}"
3_53,30000,50.948099203006215,-116.17212789491009,4,165,10,-17,0.0,0,0,2025,2025-04,"{""type"":""MultiPoint"",""coordinates"":[]}"
3_54,30000,51.048599483709026,-115.77219645452821,4,165,10,-17,0.0,0,0,2025,2025-04,"{""type"":""MultiPoint"",""coordinates"":[]}"
3_55,30000,51.147538970805876,-115.3702706408128,4,165,10,-17,0.07593674583153956,0,0,2025,2025-04,"{""type"":""MultiPoint"",""coordinates"":[]}"
3_56,30000,51.24490408081719,-114.9663678344825,4,165,10,-17,0.0,0,0,2025,2025-04,"{""type"":""MultiPoint"",""coordinates"":[]}"
3_57,30000,50.67094272398514,-118.31272669386064,4,165,10,-17,0.0,0,0,2025,2025-04,"{""type"":""MultiPoint"",""coordinates"":[]}"
3_58,30000,50.779796279715256,-117.92105687080597,4,165,10,-17,0.0,0,0,2025,2025-04,"{""type"":""MultiPoint"",""coordinates"":[]}"
3_59,30000,50.88715104206652,-117.52728150423397,4,165,10,-17,0.0,0,0,2025,2025-04,"{""type"":""MultiPoint"",""coordinates"":[]}"
3_60,30000,50.99299277884312,-117.13141399651155,4,165,10,-17,0.0,0,0,2025,2025-04,"{""type"":""MultiPoint"",""coordinates"":[]}"
3_61,30000,51.097307333797374,-116.73346854105039,4,165,10,-17,0.0,0,0,2025,2025-04,"{""type"":""MultiPoint"",""coordinates"":[]}"
3_62,30000,51.20008063240146,-116.33346013128742,4,165,10,-17,0.0,0,0,2025,2025-04,"{""type"":""MultiPoint"",""coordinates"":[]}"
3_63,30000,51.30129868770186,-115.93140456916186,4,165,10,-17,0.0,0,0,2025,2025-04,"{""type"":""MultiPoint"",""coordinates"":[]}"
3_64,30000,51.4009476062527,-115.52731847305982,4,165,10,-17,0.0,0,0,2025,2025-04,"{""type"":""MultiPoint"",""coordinates"":[]}"
3_65,30000,50.91912503323592,-118.48625471690103,4,165,10,-17,0.0,0,0,2025,2025-04,"{""type"":""MultiPoint"",""coordinates"":[]}"
3_66,30000,51.028742017855585,-118.09262915860808,4,165,10,-17,0.0,0,0,2025,2025-04,"{""type"":""MultiPoint"",""coordinates"":[]}"
3_67,30000,51.13685290966212,-117.6968611130857,4,165,10,-17,0.0,0,0,2025,2025-04,"{""type"":""MultiPoint"",""coordinates"":[]}"
3_68,30000,51.243443265734115,-117.29896393439542,4,165,10,-17,0.0,0,0,2025,2025-04,"{""type"":""MultiPoint"",""coordinates"":[]}"
3_69,30000,51.348498718083775,-116.89895178716442,4,165,10,-17,0.0,0,0,2025,2025-04,"{""type"":""MultiPoint"",""coordinates"":[]}"
3_70,30000,51.45200497955007,-116.49683965611742,4,165,10,-17,0.0,0,0,2025,2025-04,"{""type"":""MultiPoint"",""coordinates"":[]}"
3_71,30000,51.55394784977931,-116.09264335509364,4,165,10,-17,0.0,0,0,2025,2025-04,"{""type"":""MultiPoint"",""coordinates"":[]}"
3_72,30000,51.654313221289,-115.68637953552042,4,165,10,-17,0.0,0,0,2025,2025-04,"{""type"":""MultiPoint"",""coordinates"":[]}"
3_73,30000,51.753087085611675,-115.27806569431331,4,165,10,-17,0.0,0,0,2025,2025-04,"{""type"":""MultiPoint"",""coordinates"":[]}"
3_74,30000,51.05531923773478,-119.05533905033808,4,165,10,-17,0.0,0,0,2025,2025-04,"{""type"":""MultiPoint"",""coordinates"":[]}"
3_75,30000,51.16720548273678,-118.66193791237481,4,165,10,-17,0.0,0,0,2025,2025-04,"{""type"":""MultiPoint"",""coordinates"":[]}"
3_76,30000,51.27759306306063,-118.26634406707706,4,165,10,-17,0.0,0,0,2025,2025-04,"{""type"":""MultiPoint"",""coordinates"":[]}"
3_77,30000,51.38646725336234,-117.86856999021312,4,165,10,-17,0.0,0,0,2025,2025-04,"{""type"":""MultiPoint"",""coordinates"":[]}"
3_78,30000,51.49381339621175,-117.46862897751716,4,165,10,-17,0.0,0,0,2025,2025-04,"{""type"":""MultiPoint"",""coordinates"":[]}"
3_79,30000,51.59961690801395,-117.0665351552954,4,165,10,-17,0.0,0,0,2025,2025-04,"{""type"":""MultiPoint"",""coordinates"":[]}"
3_80,30000,51.7038632850262,-116.66230349053806,4,165,10,-17,0.0,0,0,2025,2025-04,"{""type"":""MultiPoint"",""coordinates"":[]}"
3_81,30000,51.80653810946705,-116.25594980050631,4,165,10,-17,0.0,0,0,2025,2025-04,"{""type"":""MultiPoint"",""coordinates"":[]}"
3_82,30000,51.90762705571357,-115.84749076176345,4,165,10,-17,0.0,0,0,2025,2025-04,"{""type"":""MultiPoint"",""coordinates"":[]}"
3_83,30000,51.63598467538623,-118.04244594161493,4,165,10,-17,0.0,0,0,2025,2025-04,"{""type"":""MultiPoint"",""coordinates"":[]}"
3_84,30000,51.74409386842318,-117.64044697029324,4,165,10,-17,0.0,0,0,2025,2025-04,"{""type"":""MultiPoint"",""coordinates"":[]}"
3_85,30000,51.85065269930557,-117.2362565076892,4,165,10,-17,0.0,0,0,2025,2025-04,"{""type"":""MultiPoint"",""coordinates"":[]}"
3_86,30000,51.955646443681644,-116.82988949346647,4,165,10,-17,0.0,0,0,2025,2025-04,"{""type"":""MultiPoint"",""coordinates"":[]}"
3_87,30000,52.05906046223179,-116.42136173927166,4,165,10,-17,0.0,0,0,2025,2025-04,"{""type"":""MultiPoint"",""coordinates"":[]}"
3_88,30000,52.16088020700205,-116.01068993835443,4,165,10,-17,0.0,0,0,2025,2025-04,"{""type"":""MultiPoint"",""coordinates"":[]}"
3_89,30000,52.6455628575855,-113.92581729105713,4,165,10,-17,0.0,0,0,2025,2025-04,"{""type"":""MultiPoint"",""coordinates"":[]}"
3_90,30000,51.43459782300684,-119.812233914261,4,165,10,-17,0.0,0,0,2025,2025-04,"{""type"":""MultiPoint"",""coordinates"":[]}"
3_91,30000,51.6630223086243,-119.01992130857953,4,165,10,-17,0.0,0,0,2025,2025-04,"{""type"":""MultiPoint"",""coordinates"":[]}"
3_92,30000,51.77497295177934,-118.6203535564288,4,165,10,-17,0.0,0,0,2025,2025-04,"{""type"":""MultiPoint"",""coordinates"":[]}"
3_93,30000,51.88539562440237,-118.21852760402672,4,165,10,-17,0.0,0,0,2025,2025-04,"{""type"":""MultiPoint"",""coordinates"":[]}"
3_94,30000,51.99427522841305,-117.81445659799915,4,165,10,-17,0.0,0,0,2025,2025-04,"{""type"":""MultiPoint"",""coordinates"":[]}"
3_95,30000,52.10159673710142,-117.40815455704802,4,165,10,-17,0.0,0,0,2025,2025-04,"{""type"":""MultiPoint"",""coordinates"":[]}"
3_96,30000,52.20734520139947,-116.99963638331744,4,165,10,-17,0.0,0,0,2025,2025-04,"{""type"":""MultiPoint"",""coordinates"":[]}"
3_97,30000,52.311505756254896,-116.58891787321416,4,165,10,-17,0.0,0,0,2025,2025-04,"{""type"":""MultiPoint"",""coordinates"":[]}"
3_98,30000,52.41406362710366,-116.17601572764892,4,165,10,-17,0.0,0,0,2025,2025-04,"{""type"":""MultiPoint"",""coordinates"":[]}"
3_99,30000,51.910739044172246,-119.20229929514619,4,165,10,-17,0.0,0,0,2025,2025-04,"{""type"":""MultiPoint"",""coordinates"":[]}"
3_100,30000,52.02348234316083,-118.8007261127026,4,165,10,-17,0.0,0,0,2025,2025-04,"{""type"":""MultiPoint"",""coordinates"":[]}"
3_101,30000,52.244347866743325,-117.99069740788404,4,165,10,-17,0.0,0,0,2025,2025-04,"{""type"":""MultiPoint"",""coordinates"":[]}"
3_102,30000,52.352439512601634,-117.58226888824623,4,165,10,-17,0.0,0,0,2025,2025-04,"{""type"":""MultiPoint"",""coordinates"":[]}"
3_103,30000,52.458950151741966,-117.1715837603088,4,165,10,-17,0.0,0,0,2025,2025-04,"{""type"":""MultiPoint"",""coordinates"":[]}"
3_104,30000,52.56386468909943,-116.75865779499183,4,165,10,-17,0.0,0,0,2025,2025-04,"{""type"":""MultiPoint"",""coordinates"":[]}"
3_105,30000,52.66716811913094,-116.34350769123394,4,165,10,-17,0.0,0,0,2025,2025-04,"{""type"":""MultiPoint"",""coordinates"":[]}"
3_106,30000,52.15831463139495,-119.38698806476872,4,165,10,-17,0.49984148464382283,0,0,2025,2025-04,"{""type"":""MultiPoint"",""coordinates"":[]}"
3_107,30000,52.27185813044813,-118.98339728066276,4,165,10,-17,0.0,0,0,2025,2025-04,"{""type"":""MultiPoint"",""coordinates"":[]}"
3_108,30000,52.38385910989201,-118.57746688602963,4,165,10,-17,0.0,0,0,2025,2025-04,"{""type"":""MultiPoint"",""coordinates"":[]}"
3_109,30000,52.49430201500574,-118.16920983082106,4,165,10,-17,0.0,0,0,2025,2025-04,"{""type"":""MultiPoint"",""coordinates"":[]}"
3_110,30000,52.60317135958741,-117.7586399806141,4,165,10,-17,0.0,0,0,2025,2025-04,"{""type"":""MultiPoint"",""coordinates"":[]}"
3_111,30000,52.71045173248939,-117.34577212936695,4,165,10,-17,0.0,0,0,2025,2025-04,"{""type"":""MultiPoint"",""coordinates"":[]}"
3_112,30000,52.81612780426741,-116.93062201161017,4,165,10,-17,0.0,0,0,2025,2025-04,"{""type"":""MultiPoint"",""coordinates"":[]}"
3_113,30000,53.60197441351149,-113.5294665635097,4,165,10,-17,0.0,0,0,2025,2025-04,"{""type"":""MultiPoint"",""coordinates"":[]}"
3_114,30000,52.2898535717501,-119.97725550517926,4,165,10,-17,0.0,0,0,2025,2025-04,"{""type"":""MultiPoint"",""coordinates"":[]}"
3_115,30000,52.405738840261776,-119.57402864063553,4,165,10,-17,0.0,0,0,2025,2025-04,"{""type"":""MultiPoint"",""coordinates"":[]}"
3_116,30000,52.520090181185836,-119.16840820955399,4,165,10,-17,0.0,0,0,2025,2025-04,"{""type"":""MultiPoint"",""coordinates"":[]}"
3_117,30000,52.632891744912946,-118.76040611982936,4,165,10,-17,0.0,0,0,2025,2025-04,"{""type"":""MultiPoint"",""coordinates"":[]}"
3_118,30000,52.744127742223,-118.3500352035024,4,165,10,-17,0.0,0,0,2025,2025-04,"{""type"":""MultiPoint"",""coordinates"":[]}"
3_119,30000,52.85378245083254,-117.9373092308009,4,165,10,-17,0.0,0,0,2025,2025-04,"{""type"":""MultiPoint"",""coordinates"":[]}"
3_120,30000,52.96184022206535,-117.522242923646,4,165,10,-17,0.03701017316709533,0,0,2025,2025-04,"{""type"":""MultiPoint"",""coordinates"":[]}"
3_121,30000,53.06828548764293,-117.10485196858394,4,165,10,-17,0.0,0,0,2025,2025-04,"{""type"":""MultiPoint"",""coordinates"":[]}"
3_122,30000,52.65300127031511,-119.7634629346544,4,165,10,-17,0.0,0,0,2025,2025-04,"{""type"":""MultiPoint"",""coordinates"":[]}"
3_123,30000,52.76816819377785,-119.35580095112637,4,165,10,-17,0.0,0,0,2025,2025-04,"{""type"":""MultiPoint"",""coordinates"":[]}"
3_124,30000,52.88177809669702,-118.94571433661078,4,165,10,-17,0.0,0,0,2025,2025-04,"{""type"":""MultiPoint"",""coordinates"":[]}"
3_125,30000,52.99381495113538,-118.53321579118975,4,165,10,-17,1.0,0,0,2025,2025-04,"{""type"":""MultiPoint"",""coordinates"":[]}"
3_126,30000,53.10426279439886,-118.11831897622909,4,165,10,-17,0.14016366776579622,0,0,2025,2025-04,"{""type"":""MultiPoint"",""coordinates"":[]}"
3_127,30000,53.21310573584495,-117.70103852867418,4,165,10,-17,0.0,0,0,2025,2025-04,"{""type"":""MultiPoint"",""coordinates"":[]}"
3_128,30000,52.90009134683862,-119.95533376849434,4,165,10,-17,0.11672053405458145,0,0,2025,2025-04,"{""type"":""MultiPoint"",""coordinates"":[]}"
3_129,30000,53.01608169365161,-119.54561848144124,4,165,10,-17,0.0,0,0,2025,2025-04,"{""type"":""MultiPoint"",""coordinates"":[]}"
3_130,30000,53.13050779314373,-119.13343464452662,4,165,10,-17,0.0,0,0,2025,2025-04,"{""type"":""MultiPoint"",""coordinates"":[]}"
3_131,30000,53.35460222981132,-118.30171251915094,4,165,10,-17,0.0,0,0,2025,2025-04,"{""type"":""MultiPoint"",""coordinates"":[]}"
3_132,30000,53.4642382223416,-117.882202307141,4,165,10,-17,0.0,0,0,2025,2025-04,"{""type"":""MultiPoint"",""coordinates"":[]}"
3_133,30000,53.26382002930297,-119.73790472317289,4,165,10,-17,0.0,0,0,2025,2025-04,"{""type"":""MultiPoint"",""coordinates"":[]}"
3_134,30000,53.37907028660024,-119.32361111319389,4,165,10,-17,0.0,0,0,2025,2025-04,"{""type"":""MultiPoint"",""coordinates"":[]}"
3_135,30000,53.4927325704762,-118.9068164559419,4,165,10,-17,0.0,0,0,2025,2025-04,"{""type"":""MultiPoint"",""coordinates"":[]}"
3_136,30000,53.604790424108764,-118.48753415131917,4,165,10,-17,0.0,0,0,2025,2025-04,"{""type"":""MultiPoint"",""coordinates"":[]}"
3_137,30000,53.51137236821777,-119.93270456841087,4,165,10,-17,0.0,0,0,2025,2025-04,"{""type"":""MultiPoint"",""coordinates"":[]}"
3_138,30000,53.62745484977901,-119.51628879733434,4,165,10,-17,0.0,0,0,2025,2025-04,"{""type"":""MultiPoint"",""coordinates"":[]}"
3_139,30000,53.87565057154578,-119.71151376096302,4,165,10,-17,0.0,0,0,2025,2025-04,"{""type"":""MultiPoint"",""coordinates"":[]}"
3_140,30000,54.12364635257429,-119.90933310213059,4,165,10,-17,0.0,0,0,2025,2025-04,"{""type"":""MultiPoint"",""coordinates"":[]}"
3_141,30000,56.64451745330842,-111.26052138401275,4,165,10,-17,0.0,0,0,2025,2025-04,"{""type"":""MultiPoint"",""coordinates"":[]}"
3_142,30000,57.17023319594705,-111.56547764278571,4,165,10,-17,0.0,0,0,2025,2025-04,"{""type"":""MultiPoint"",""coordinates"":[]}"
4_0,30000,49.211726206988565,-113.79521825168786,5,183,10,-17,0.0,0,0,2025,2025-05,"{""type"":""MultiPoint"",""coordinates"":[]}"
4_1,30000,49.1833542928276,-115.09718295994307,5,183,10,-17,0.0,0,0,2025,2025-05,"{""type"":""MultiPoint"",""coordinates"":[]}"
4_2,30000,49.27901930836136,-114.71165929494109,5,183,10,-17,0.0,0,0,2025,2025-05,"{""type"":""MultiPoint"",""coordinates"":[]}"
4_3,30000,49.37318130792673,-114.32437301070378,5,183,10,-17,0.0,0,0,2025,2025-05,"{""type"":""MultiPoint"",""coordinates"":[]}"
4_4,30000,49.435496038448015,-115.2451546978652,5,183,10,-17,0.0,0,0,2025,2025-05,"{""type"":""MultiPoint"",""coordinates"":[]}"
4_5,30000,49.531832181579745,-114.85762174558681,5,183,10,-17,0.0,0,0,2025,2025-05,"{""type"":""MultiPoint"",""coordinates"":[]}"
4_6,30000,49.626657128945375,-114.46829522200922,5,183,10,-17,0.0,0,0,2025,2025-05,"{""type"":""MultiPoint"",""coordinates"":[]}"
4_7,30000,49.284646140761865,-116.93460285017092,5,183,10,-17,0.0,0,0,2025,2025-05,"{""type"":""MultiPoint"",""coordinates"":[]}"
4_8,30000,49.38760957074548,-116.5525010802803,5,183,10,-17,0.0,0,0,2025,2025-05,"{""type"":""MultiPoint"",""coordinates"":[]}"
4_9,30000,49.48910491661279,-116.16851315821037,5,183,10,-17,0.0,0,0,2025,2025-05,"{""type"":""MultiPoint"",""coordinates"":[]}"
4_10,30000,49.68763958973784,-115.39493632672128,5,183,10,-17,0.0,0,0,2025,2025-05,"{""type"":""MultiPoint"",""coordinates"":[]}"
4_11,30000,49.784653252942704,-115.005377882191,5,183,10,-17,0.0,0,0,2025,2025-05,"{""type"":""MultiPoint"",""coordinates"":[]}"
4_12,30000,49.88014751428192,-114.61399422634233,5,183,10,-17,0.06498747885308294,0,0,2025,2025-05,"{""type"":""MultiPoint"",""coordinates"":[]}"
4_13,30000,49.97410978420308,-114.22080234602352,5,183,10,-17,0.0,0,0,2025,2025-05,"{""type"":""MultiPoint"",""coordinates"":[]}"
4_14,30000,49.53396897725848,-117.09406857632294,5,183,10,-17,0.0,0,0,2025,2025-05,"{""type"":""MultiPoint"",""coordinates"":[]}"
4_15,30000,49.739850320366976,-116.3241226397088,5,183,10,-17,0.0,0,0,2025,2025-05,"{""type"":""MultiPoint"",""coordinates"":[]}"
4_16,30000,49.93977692455961,-115.54655956485155,5,183,10,-17,0.0,0,0,2025,2025-05,"{""type"":""MultiPoint"",""coordinates"":[]}"
4_17,30000,50.037474588215815,-115.15495934774765,5,183,10,-17,0.0,0,0,2025,2025-05,"{""type"":""MultiPoint"",""coordinates"":[]}"
4_18,30000,50.13364461850168,-114.7615015735015,5,183,10,-17,0.0,0,0,2025,2025-05,"{""type"":""MultiPoint"",""coordinates"":[]}"
4_19,30000,50.22827423457875,-114.36620331788242,5,183,10,-17,0.0,0,0,2025,2025-05,"{""type"":""MultiPoint"",""coordinates"":[]}"
4_20,30000,49.570055481237304,-118.02143560882614,5,183,10,-17,0.0,0,0,2025,2025-05,"{""type"":""MultiPoint"",""coordinates"":[]}"
4_21,30000,49.67738129258726,-117.63944020570969,5,183,10,-17,0.0,0,0,2025,2025-05,"{""type"":""MultiPoint"",""coordinates"":[]}"
4_22,30000,49.783250997210715,-117.25546660422468,5,183,10,-17,0.0,0,0,2025,2025-05,"{""type"":""MultiPoint"",""coordinates"":[]}"
4_23,30000,49.887651095363516,-116.8695276003889,5,183,10,-17,0.0,0,0,2025,2025-05,"{""type"":""MultiPoint"",""coordinates"":[]}"
4_24,30000,49.99056816130502,-116.48163670037009,5,183,10,-17,0.0,0,0,2025,2025-05,"{""type"":""MultiPoint"",""coordinates"":[]}"
4_25,30000,50.29028812901492,-115.30639849113933,5,183,10,-17,0.0,0,0,2025,2025-05,"{""type"":""MultiPoint"",""coordinates"":[]}"
4_26,30000,50.3871404735853,-114.91084952350734,5,183,10,-17,0.0,0,0,2025,2025-05,"{""type"":""MultiPoint"",""coordinates"":[]}"
4_27,30000,50.4824439530322,-114.51342708875744,5,183,10,-17,0.0,0,0,2025,2025-05,"{""type"":""MultiPoint"",""coordinates"":[]}"
4_28,30000,49.81780963922117,-118.1885751638864,5,183,10,-17,0.0,0,0,2025,2025-05,"{""type"":""MultiPoint"",""coordinates"":[]}"
4_29,30000,49.92587820738716,-117.80470870536384,5,183,10,-17,0.0,0,0,2025,2025-05,"{""type"":""MultiPoint"",""coordinates"":[]}"
4_30,30000,50.032483572308095,-117.41883015284704,5,183,10,-17,0.0,0,0,2025,2025-05,"{""type"":""MultiPoint"",""coordinates"":[]}"
4_31,30000,50.13761203878164,-117.03095227158914,5,183,10,-17,0.0,0,0,2025,2025-05,"{""type"":""MultiPoint"",""coordinates"":[]}"
4_32,30000,50.241249984784275,-116.64108855420758,5,183,10,-17,0.0,0,0,2025,2025-05,"{""type"":""MultiPoint"",""coordinates"":[]}"
4_33,30000,50.343383866819025,-116.24925322862201,5,183,10,-17,0.0,0,0,2025,2025-05,"{""type"":""MultiPoint"",""coordinates"":[]}"
4_34,30000,50.444000225336374,-115.8554612655433,5,183,10,-17,0.0,0,0,2025,2025-05,"{""type"":""MultiPoint"",""coordinates"":[]}"
4_35,30000,50.54308569022569,-115.45972838549066,5,183,10,-17,0.0,0,0,2025,2025-05,"{""type"":""MultiPoint"",""coordinates"":[]}"
4_36,30000,50.64062698637315,-115.06207106531204,5,183,10,-17,0.038948380630723554,0,0,2025,2025-05,"{""type"":""MultiPoint"",""coordinates"":[]}"
4_37,30000,50.73661093928278,-114.66250654418486,5,183,10,-17,0.0,0,0,2025,2025-05,"{""type"":""MultiPoint"",""coordinates"":[]}"
4_38,30000,50.92385465462944,-113.85772869961649,5,183,10,-17,0.0,0,0,2025,2025-05,"{""type"":""MultiPoint"",""coordinates"":[]}"
4_39,30000,50.1743101025601,-117.971989418857,5,183,10,-17,0.0,0,0,2025,2025-05,"{""type"":""MultiPoint"",""coordinates"":[]}"
4_40,30000,50.28165793766874,-117.58419315144972,5,183,10,-17,0.0,0,0,2025,2025-05,"{""type"":""MultiPoint"",""coordinates"":[]}"
4_41,30000,50.38752157817964,-117.19436290147581,5,183,10,-17,0.0,0,0,2025,2025-05,"{""type"":""MultiPoint"",""coordinates"":[]}"
4_42,30000,50.49188720227741,-116.80251214006081,5,183,10,-17,0.0,0,0,2025,2025-05,"{""type"":""MultiPoint"",""coordinates"":[]}"
4_43,30000,50.59474106588762,-116.40865509175235,5,183,10,-17,0.0,0,0,2025,2025-05,"{""type"":""MultiPoint"",""coordinates"":[]}"
4_44,30000,50.795858957340364,-115.61498284703796,5,183,10,-17,0.0,0,0,2025,2025-05,"{""type"":""MultiPoint"",""coordinates"":[]}"
4_45,30000,50.89409593592701,-115.21519993604544,5,183,10,-17,0.0,0,0,2025,2025-05,"{""type"":""MultiPoint"",""coordinates"":[]}"
4_46,30000,50.990767066942105,-114.81347532239283,5,183,10,-17,0.0,0,0,2025,2025-05,"{""type"":""MultiPoint"",""coordinates"":[]}"
4_47,30000,51.179358814627726,-114.00427418469191,5,183,10,-17,0.0,0,0,2025,2025-05,"{""type"":""MultiPoint"",""coordinates"":[]}"
4_48,30000,50.313093387044844,-118.52896161108299,5,183,10,-17,0.0,0,0,2025,2025-05,"{""type"":""MultiPoint"",""coordinates"":[]}"
4_49,30000,50.42266798649277,-118.14131696374228,5,183,10,-17,0.0,0,0,2025,2025-05,"{""type"":""MultiPoint"",""coordinates"":[]}"
4_50,30000,50.53076518900706,-117.7515902567983,5,183,10,-17,0.20007312900999633,0,0,2025,2025-05,"{""type"":""MultiPoint"",""coordinates"":[]}"
4_51,30000,50.63737089809243,-117.35979416838663,5,183,10,-17,0.0,0,0,2025,2025-05,"{""type"":""MultiPoint"",""coordinates"":[]}"
4_52,30000,50.74247108856541,-116.96594213971807,5,183,10,-17,0.0,0,0,2025,2025-05,"{""type"":""MultiPoint"",""coordinates"":[]}"
4_53,30000,50.84605181212518,-116.57004838400321,5,183,10,-17,0.0,0,0,2025,2025-05,"{""type"":""MultiPoint"",""coordinates"":[]}"
4_54,30000,51.048599483709026,-115.77219645452821,5,183,10,-17,0.0,0,0,2025,2025-05,"{""type"":""MultiPoint"",""coordinates"":[]}"
4_55,30000,51.147538970805876,-115.3702706408128,5,183,10,-17,0.0,0,0,2025,2025-05,"{""type"":""MultiPoint"",""coordinates"":[]}"
4_56,30000,51.24490408081719,-114.9663678344825,5,183,10,-17,0.0,0,0,2025,2025-05,"{""type"":""MultiPoint"",""coordinates"":[]}"
4_57,30000,50.67094272398514,-118.31272669386064,5,183,10,-17,0.0,0,0,2025,2025-05,"{""type"":""MultiPoint"",""coordinates"":[]}"
4_58,30000,50.779796279715256,-117.92105687080597,5,183,10,-17,0.0,0,0,2025,2025-05,"{""type"":""MultiPoint"",""coordinates"":[]}"
4_59,30000,50.88715104206652,-117.52728150423397,5,183,10,-17,0.0,0,0,2025,2025-05,"{""type"":""MultiPoint"",""coordinates"":[]}"
4_60,30000,51.20008063240146,-116.33346013128742,5,183,10,-17,0.0,0,0,2025,2025-05,"{""type"":""MultiPoint"",""coordinates"":[]}"
4_61,30000,51.30129868770186,-115.93140456916186,5,183,10,-17,0.0,0,0,2025,2025-05,"{""type"":""MultiPoint"",""coordinates"":[]}"
4_62,30000,51.4009476062527,-115.52731847305982,5,183,10,-17,0.0,0,0,2025,2025-05,"{""type"":""MultiPoint"",""coordinates"":[]}"
4_63,30000,50.91912503323592,-118.48625471690103,5,183,10,-17,0.0,0,0,2025,2025-05,"{""type"":""MultiPoint"",""coordinates"":[]}"
4_64,30000,51.028742017855585,-118.09262915860808,5,183,10,-17,0.0,0,0,2025,2025-05,"{""type"":""MultiPoint"",""coordinates"":[]}"
4_65,30000,51.13685290966212,-117.6968611130857,5,183,10,-17,0.0,0,0,2025,2025-05,"{""type"":""MultiPoint"",""coordinates"":[]}"
4_66,30000,51.243443265734115,-117.29896393439542,5,183,10,-17,0.0,0,0,2025,2025-05,"{""type"":""MultiPoint"",""coordinates"":[]}"
4_67,30000,51.348498718083775,-116.89895178716442,5,183,10,-17,0.0,0,0,2025,2025-05,"{""type"":""MultiPoint"",""coordinates"":[]}"
4_68,30000,51.45200497955007,-116.49683965611742,5,183,10,-17,0.0,0,0,2025,2025-05,"{""type"":""MultiPoint"",""coordinates"":[]}"
4_69,30000,51.55394784977931,-116.09264335509364,5,183,10,-17,0.0,0,0,2025,2025-05,"{""type"":""MultiPoint"",""coordinates"":[]}"
4_70,30000,51.654313221289,-115.68637953552042,5,183,10,-17,0.0,0,0,2025,2025-05,"{""type"":""MultiPoint"",""coordinates"":[]}"
4_71,30000,51.753087085611675,-115.27806569431331,5,183,10,-17,0.0,0,0,2025,2025-05,"{""type"":""MultiPoint"",""coordinates"":[]}"
4_72,30000,51.05531923773478,-119.05533905033808,5,183,10,-17,0.0,0,0,2025,2025-05,"{""type"":""MultiPoint"",""coordinates"":[]}"
4_73,30000,51.16720548273678,-118.66193791237481,5,183,10,-17,0.0,0,0,2025,2025-05,"{""type"":""MultiPoint"",""coordinates"":[]}"
4_74,30000,51.27759306306063,-118.26634406707706,5,183,10,-17,0.0,0,0,2025,2025-05,"{""type"":""MultiPoint"",""coordinates"":[]}"
4_75,30000,51.38646725336234,-117.86856999021312,5,183,10,-17,0.0,0,0,2025,2025-05,"{""type"":""MultiPoint"",""coordinates"":[]}"
4_76,30000,51.49381339621175,-117.46862897751716,5,183,10,-17,0.0,0,0,2025,2025-05,"{""type"":""MultiPoint"",""coordinates"":[]}"
4_77,30000,51.59961690801395,-117.0665351552954,5,183,10,-17,0.0,0,0,2025,2025-05,"{""type"":""MultiPoint"",""coordinates"":[]}"
4_78,30000,51.7038632850262,-116.66230349053806,5,183,10,-17,0.0,0,0,2025,2025-05,"{""type"":""MultiPoint"",""coordinates"":[]}"
4_79,30000,51.80653810946705,-116.25594980050631,5,183,10,-17,0.33339812573124894,0,0,2025,2025-05,"{""type"":""MultiPoint"",""coordinates"":[]}"
4_80,30000,51.90762705571357,-115.84749076176345,5,183,10,-17,0.0,0,0,2025,2025-05,"{""type"":""MultiPoint"",""coordinates"":[]}"
4_81,30000,51.415174488072545,-118.83981395001108,5,183,10,-17,0.0,0,0,2025,2025-05,"{""type"":""MultiPoint"",""coordinates"":[]}"
4_82,30000,51.52633992333847,-118.44223934378608,5,183,10,-17,0.0,0,0,2025,2025-05,"{""type"":""MultiPoint"",""coordinates"":[]}"
4_83,30000,51.63598467538623,-118.04244594161493,5,183,10,-17,0.0,0,0,2025,2025-05,"{""type"":""MultiPoint"",""coordinates"":[]}"
4_84,30000,51.74409386842318,-117.64044697029324,5,183,10,-17,0.0,0,0,2025,2025-05,"{""type"":""MultiPoint"",""coordinates"":[]}"
4_85,30000,51.85065269930557,-117.2362565076892,5,183,10,-17,0.0,0,0,2025,2025-05,"{""type"":""MultiPoint"",""coordinates"":[]}"
4_86,30000,51.955646443681644,-116.82988949346647,5,183,10,-17,0.0,0,0,2025,2025-05,"{""type"":""MultiPoint"",""coordinates"":[]}"
4_87,30000,52.05906046223179,-116.42136173927166,5,183,10,-17,0.0,0,0,2025,2025-05,"{""type"":""MultiPoint"",""coordinates"":[]}"
4_88,30000,52.6455628575855,-113.92581729105713,5,183,10,-17,0.0,0,0,2025,2025-05,"{""type"":""MultiPoint"",""coordinates"":[]}"
4_89,30000,51.43459782300684,-119.812233914261,5,183,10,-17,0.0,0,0,2025,2025-05,"{""type"":""MultiPoint"",""coordinates"":[]}"
4_90,30000,51.6630223086243,-119.01992130857953,5,183,10,-17,0.0,0,0,2025,2025-05,"{""type"":""MultiPoint"",""coordinates"":[]}"
4_91,30000,51.77497295177934,-118.6203535564288,5,183,10,-17,0.0,0,0,2025,2025-05,"{""type"":""MultiPoint"",""coordinates"":[]}"
4_92,30000,51.88539562440237,-118.21852760402672,5,183,10,-17,0.0,0,0,2025,2025-05,"{""type"":""MultiPoint"",""coordinates"":[]}"
4_93,30000,51.99427522841305,-117.81445659799915,5,183,10,-17,0.0,0,0,2025,2025-05,"{""type"":""MultiPoint"",""coordinates"":[]}"
4_94,30000,52.10159673710142,-117.40815455704802,5,183,10,-17,0.0,0,0,2025,2025-05,"{""type"":""MultiPoint"",""coordinates"":[]}"
4_95,30000,52.20734520139947,-116.99963638331744,5,183,10,-17,0.10713959757589353,0,0,2025,2025-05,"{""type"":""MultiPoint"",""coordinates"":[]}"
4_96,30000,52.311505756254896,-116.58891787321416,5,183,10,-17,0.0,0,0,2025,2025-05,"{""type"":""MultiPoint"",""coordinates"":[]}"
4_97,30000,51.79647588324382,-119.6015618392099,5,183,10,-17,0.0,0,0,2025,2025-05,"{""type"":""MultiPoint"",""coordinates"":[]}"
4_98,30000,51.910739044172246,-119.20229929514619,5,183,10,-17,0.0,0,0,2025,2025-05,"{""type"":""MultiPoint"",""coordinates"":[]}"
4_99,30000,52.02348234316083,-118.8007261127026,5,183,10,-17,0.0,0,0,2025,2025-05,"{""type"":""MultiPoint"",""coordinates"":[]}"
4_100,30000,52.13469039213968,-118.3968544654242,5,183,10,-17,0.0,0,0,2025,2025-05,"{""type"":""MultiPoint"",""coordinates"":[]}"
4_101,30000,52.244347866743325,-117.99069740788404,5,183,10,-17,0.0,0,0,2025,2025-05,"{""type"":""MultiPoint"",""coordinates"":[]}"
4_102,30000,52.352439512601634,-117.58226888824623,5,183,10,-17,0.0,0,0,2025,2025-05,"{""type"":""MultiPoint"",""coordinates"":[]}"
4_103,30000,52.458950151741966,-117.1715837603088,5,183,10,-17,0.0,0,0,2025,2025-05,"{""type"":""MultiPoint"",""coordinates"":[]}"
4_104,30000,52.56386468909943,-116.75865779499183,5,183,10,-17,0.0,0,0,2025,2025-05,"{""type"":""MultiPoint"",""coordinates"":[]}"
4_105,30000,52.0432442295542,-119.78822719073767,5,183,10,-17,0.0,0,0,2025,2025-05,"{""type"":""MultiPoint"",""coordinates"":[]}"
4_106,30000,52.15831463139495,-119.38698806476872,5,183,10,-17,0.0,0,0,2025,2025-05,"{""type"":""MultiPoint"",""coordinates"":[]}"
4_107,30000,52.27185813044813,-118.98339728066276,5,183,10,-17,0.0,0,0,2025,2025-05,"{""type"":""MultiPoint"",""coordinates"":[]}"
4_108,30000,52.38385910989201,-118.57746688602963,5,183,10,-17,0.0,0,0,2025,2025-05,"{""type"":""MultiPoint"",""coordinates"":[]}"
4_109,30000,52.49430201500574,-118.16920983082106,5,183,10,-17,0.0,0,0,2025,2025-05,"{""type"":""MultiPoint"",""coordinates"":[]}"
4_110,30000,52.60317135958741,-117.7586399806141,5,183,10,-17,0.0,0,0,2025,2025-05,"{""type"":""MultiPoint"",""coordinates"":[]}"
4_111,30000,52.71045173248939,-117.34577212936695,5,183,10,-17,0.03469843856218238,0,0,2025,2025-05,"{""type"":""MultiPoint"",""coordinates"":[]}"
4_112,30000,52.81612780426741,-116.93062201161017,5,183,10,-17,0.0,0,0,2025,2025-05,"{""type"":""MultiPoint"",""coordinates"":[]}"
4_113,30000,53.60197441351149,-113.5294665635097,5,183,10,-17,0.0,0,0,2025,2025-05,"{""type"":""MultiPoint"",""coordinates"":[]}"
4_114,30000,52.2898535717501,-119.97725550517926,5,183,10,-17,0.0,0,0,2025,2025-05,"{""type"":""MultiPoint"",""coordinates"":[]}"
4_115,30000,52.405738840261776,-119.57402864063553,5,183,10,-17,0.0,0,0,2025,2025-05,"{""type"":""MultiPoint"",""coordinates"":[]}"
4_116,30000,52.520090181185836,-119.16840820955399,5,183,10,-17,0.0,0,0,2025,2025-05,"{""type"":""MultiPoint"",""coordinates"":[]}"
4_117,30000,52.632891744912946,-118.76040611982936,5,183,10,-17,0.0,0,0,2025,2025-05,"{""type"":""MultiPoint"",""coordinates"":[]}"
4_118,30000,52.744127742223,-118.3500352035024,5,183,10,-17,0.0,0,0,2025,2025-05,"{""type"":""MultiPoint"",""coordinates"":[]}"
4_119,30000,52.85378245083254,-117.9373092308009,5,183,10,-17,0.0,0,0,2025,2025-05,"{""type"":""MultiPoint"",""coordinates"":[]}"
4_120,30000,52.96184022206535,-117.522242923646,5,183,10,-17,0.0,0,0,2025,2025-05,"{""type"":""MultiPoint"",""coordinates"":[]}"
4_121,30000,52.65300127031511,-119.7634629346544,5,183,10,-17,0.0,0,0,2025,2025-05,"{""type"":""MultiPoint"",""coordinates"":[]}"
4_122,30000,52.76816819377785,-119.35580095112637,5,183,10,-17,0.0,0,0,2025,2025-05,"{""type"":""MultiPoint"",""coordinates"":[]}"
4_123,30000,52.88177809669702,-118.94571433661078,5,183,10,-17,0.0,0,0,2025,2025-05,"{""type"":""MultiPoint"",""coordinates"":[]}"
4_124,30000,52.99381495113538,-118.53321579118975,5,183,10,-17,0.0,0,0,2025,2025-05,"{""type"":""MultiPoint"",""coordinates"":[]}"
4_125,30000,53.10426279439886,-118.11831897622909,5,183,10,-17,0.0,0,0,2025,2025-05,"{""type"":""MultiPoint"",""coordinates"":[]}"
4_126,30000,53.21310573584495,-117.70103852867418,5,183,10,-17,0.0,0,0,2025,2025-05,"{""type"":""MultiPoint"",""coordinates"":[]}"
4_127,30000,52.90009134683862,-119.95533376849434,5,183,10,-17,0.0,0,0,2025,2025-05,"{""type"":""MultiPoint"",""coordinates"":[]}"
4_128,30000,53.01608169365161,-119.54561848144124,5,183,10,-17,0.0,0,0,2025,2025-05,"{""type"":""MultiPoint"",""coordinates"":[]}"
4_129,30000,53.13050779314373,-119.13343464452662,5,183,10,-17,0.0,0,0,2025,2025-05,"{""type"":""MultiPoint"",""coordinates"":[]}"
4_130,30000,53.4642382223416,-117.882202307141,5,183,10,-17,0.0,0,0,2025,2025-05,"{""type"":""MultiPoint"",""coordinates"":[]}"
4_131,30000,53.26382002930297,-119.73790472317289,5,183,10,-17,0.0,0,0,2025,2025-05,"{""type"":""MultiPoint"",""coordinates"":[]}"
4_132,30000,53.37907028660024,-119.32361111319389,5,183,10,-17,0.0,0,0,2025,2025-05,"{""type"":""MultiPoint"",""coordinates"":[]}"
4_133,30000,53.51137236821777,-119.93270456841087,5,183,10,-17,0.0,0,0,2025,2025-05,"{""type"":""MultiPoint"",""coordinates"":[]}"
4_134,30000,53.87565057154578,-119.71151376096302,5,183,10,-17,0.0,0,0,2025,2025-05,"{""type"":""MultiPoint"",""coordinates"":[]}"
4_135,30000,54.12364635257429,-119.90933310213059,5,183,10,-17,0.0,0,0,2025,2025-05,"{""type"":""MultiPoint"",""coordinates"":[]}"
4_136,30000,56.64451745330842,-111.26052138401275,5,183,10,-17,0.0,0,0,2025,2025-05,"{""type"":""MultiPoint"",""coordinates"":[]}"
4_137,30000,57.17023319594705,-111.56547764278571,5,183,10,-17,0.0,0,0,2025,2025-05,"{""type"":""MultiPoint"",""coordinates"":[]}"
4_138,30000,57.432973454116635,-111.72146229357841,5,183,10,-17,0.0,0,0,2025,2025-05,"{""type"":""MultiPoint"",""coordinates"":[]}"
5_0,30000,49.1833542928276,-115.09718295994307,6,183,10,-17,0.0,0,0,2025,2025-06,"{""type"":""MultiPoint"",""coordinates"":[]}"
5_1,30000,49.27901930836136,-114.71165929494109,6,183,10,-17,0.0,0,0,2025,2025-06,"{""type"":""MultiPoint"",""coordinates"":[]}"
5_2,30000,49.37318130792673,-114.32437301070378,6,183,10,-17,0.0,0,0,2025,2025-06,"{""type"":""MultiPoint"",""coordinates"":[]}"
5_3,30000,49.13754594127269,-116.3968334816952,6,183,10,-17,0.0,0,0,2025,2025-06,"{""type"":""MultiPoint"",""coordinates"":[]}"
5_4,30000,49.435496038448015,-115.2451546978652,6,183,10,-17,0.0,0,0,2025,2025-06,"{""type"":""MultiPoint"",""coordinates"":[]}"
5_5,30000,49.531832181579745,-114.85762174558681,6,183,10,-17,0.0,0,0,2025,2025-06,"{""type"":""MultiPoint"",""coordinates"":[]}"
5_6,30000,49.626657128945375,-114.46829522200922,6,183,10,-17,0.0,0,0,2025,2025-06,"{""type"":""MultiPoint"",""coordinates"":[]}"
5_7,30000,49.284646140761865,-116.93460285017092,6,183,10,-17,0.0,0,0,2025,2025-06,"{""type"":""MultiPoint"",""coordinates"":[]}"
5_8,30000,49.38760957074548,-116.5525010802803,6,183,10,-17,0.0,0,0,2025,2025-06,"{""type"":""MultiPoint"",""coordinates"":[]}"
5_9,30000,49.48910491661279,-116.16851315821037,6,183,10,-17,0.0,0,0,2025,2025-06,"{""type"":""MultiPoint"",""coordinates"":[]}"
5_10,30000,49.58911921540591,-115.78265327880608,6,183,10,-17,0.0,0,0,2025,2025-06,"{""type"":""MultiPoint"",""coordinates"":[]}"
5_11,30000,49.68763958973784,-115.39493632672128,6,183,10,-17,0.0,0,0,2025,2025-06,"{""type"":""MultiPoint"",""coordinates"":[]}"
5_12,30000,49.784653252942704,-115.005377882191,6,183,10,-17,0.0,0,0,2025,2025-06,"{""type"":""MultiPoint"",""coordinates"":[]}"
5_13,30000,49.88014751428192,-114.61399422634233,6,183,10,-17,0.0,0,0,2025,2025-06,"{""type"":""MultiPoint"",""coordinates"":[]}"
5_14,30000,49.97410978420308,-114.22080234602352,6,183,10,-17,0.0,0,0,2025,2025-06,"{""type"":""MultiPoint"",""coordinates"":[]}"
5_15,30000,49.63764742530981,-116.71005494498901,6,183,10,-17,0.0,0,0,2025,2025-06,"{""type"":""MultiPoint"",""coordinates"":[]}"
5_16,30000,49.739850320366976,-116.3241226397088,6,183,10,-17,0.0,0,0,2025,2025-06,"{""type"":""MultiPoint"",""coordinates"":[]}"
5_17,30000,49.84056450942228,-115.93628587311412,6,183,10,-17,0.0,0,0,2025,2025-06,"{""type"":""MultiPoint"",""coordinates"":[]}"
5_18,30000,49.93977692455961,-115.54655956485155,6,183,10,-17,0.0,0,0,2025,2025-06,"{""type"":""MultiPoint"",""coordinates"":[]}"
5_19,30000,50.037474588215815,-115.15495934774765,6,183,10,-17,0.0,0,0,2025,2025-06,"{""type"":""MultiPoint"",""coordinates"":[]}"
5_20,30000,50.13364461850168,-114.7615015735015,6,183,10,-17,0.0,0,0,2025,2025-06,"{""type"":""MultiPoint"",""coordinates"":[]}"
5_21,30000,49.570055481237304,-118.02143560882614,6,183,10,-17,0.0,0,0,2025,2025-06,"{""type"":""MultiPoint"",""coordinates"":[]}"
5_22,30000,49.67738129258726,-117.63944020570969,6,183,10,-17,0.0,0,0,2025,2025-06,"{""type"":""MultiPoint"",""coordinates"":[]}"
5_23,30000,49.783250997210715,-117.25546660422468,6,183,10,-17,0.0,0,0,2025,2025-06,"{""type"":""MultiPoint"",""coordinates"":[]}"
5_24,30000,49.887651095363516,-116.8695276003889,6,183,10,-17,0.0,0,0,2025,2025-06,"{""type"":""MultiPoint"",""coordinates"":[]}"
5_25,30000,49.99056816130502,-116.48163670037009,6,183,10,-17,0.0,0,0,2025,2025-06,"{""type"":""MultiPoint"",""coordinates"":[]}"
5_26,30000,50.0919888485373,-116.09180812796657,6,183,10,-17,0.0,0,0,2025,2025-06,"{""type"":""MultiPoint"",""coordinates"":[]}"
5_27,30000,50.191899895113906,-115.7000568316489,6,183,10,-17,0.0,0,0,2025,2025-06,"{""type"":""MultiPoint"",""coordinates"":[]}"
5_28,30000,50.29028812901492,-115.30639849113933,6,183,10,-17,0.0,0,0,2025,2025-06,"{""type"":""MultiPoint"",""coordinates"":[]}"
5_29,30000,50.3871404735853,-114.91084952350734,6,183,10,-17,0.0,0,0,2025,2025-06,"{""type"":""MultiPoint"",""coordinates"":[]}"
5_30,30000,50.4824439530322,-114.51342708875744,6,183,10,-17,0.0,0,0,2025,2025-06,"{""type"":""MultiPoint"",""coordinates"":[]}"
5_31,30000,49.81780963922117,-118.1885751638864,6,183,10,-17,0.0,0,0,2025,2025-06,"{""type"":""MultiPoint"",""coordinates"":[]}"
5_32,30000,49.92587820738716,-117.80470870536384,6,183,10,-17,0.0,0,0,2025,2025-06,"{""type"":""MultiPoint"",""coordinates"":[]}"
5_33,30000,50.032483572308095,-117.41883015284704,6,183,10,-17,0.19672247033399526,0,0,2025,2025-06,"{""type"":""MultiPoint"",""coordinates"":[]}"
5_34,30000,50.13761203878164,-117.03095227158914,6,183,10,-17,0.06770109222810876,0,0,2025,2025-06,"{""type"":""MultiPoint"",""coordinates"":[]}"
5_35,30000,50.241249984784275,-116.64108855420758,6,183,10,-17,0.0,0,0,2025,2025-06,"{""type"":""MultiPoint"",""coordinates"":[]}"
5_36,30000,50.343383866819025,-116.24925322862201,6,183,10,-17,0.0,0,0,2025,2025-06,"{""type"":""MultiPoint"",""coordinates"":[]}"
5_37,30000,50.444000225336374,-115.8554612655433,6,183,10,-17,0.0,0,0,2025,2025-06,"{""type"":""MultiPoint"",""coordinates"":[]}"
5_38,30000,50.54308569022569,-115.45972838549066,6,183,10,-17,0.0,0,0,2025,2025-06,"{""type"":""MultiPoint"",""coordinates"":[]}"
5_39,30000,50.64062698637315,-115.06207106531204,6,183,10,-17,0.0,0,0,2025,2025-06,"{""type"":""MultiPoint"",""coordinates"":[]}"
5_40,30000,50.73661093928278,-114.66250654418486,6,183,10,-17,0.0,0,0,2025,2025-06,"{""type"":""MultiPoint"",""coordinates"":[]}"
5_41,30000,50.1743101025601,-117.971989418857,6,183,10,-17,0.0,0,0,2025,2025-06,"{""type"":""MultiPoint"",""coordinates"":[]}"
5_42,30000,50.28165793766874,-117.58419315144972,6,183,10,-17,0.0,0,0,2025,2025-06,"{""type"":""MultiPoint"",""coordinates"":[]}"
5_43,30000,50.38752157817964,-117.19436290147581,6,183,10,-17,0.0,0,0,2025,2025-06,"{""type"":""MultiPoint"",""coordinates"":[]}"
5_44,30000,50.49188720227741,-116.80251214006081,6,183,10,-17,0.03900655706965464,0,0,2025,2025-06,"{""type"":""MultiPoint"",""coordinates"":[]}"
5_45,30000,50.59474106588762,-116.40865509175235,6,183,10,-17,0.01865784170506874,0,0,2025,2025-06,"{""type"":""MultiPoint"",""coordinates"":[]}"
5_46,30000,50.69606950821239,-116.01280674248096,6,183,10,-17,0.0,0,0,2025,2025-06,"{""type"":""MultiPoint"",""coordinates"":[]}"
5_47,30000,50.795858957340364,-115.61498284703796,6,183,10,-17,0.03243105362560053,0,0,2025,2025-06,"{""type"":""MultiPoint"",""coordinates"":[]}"
5_48,30000,50.89409593592701,-115.21519993604544,6,183,10,-17,0.020919545705884595,0,0,2025,2025-06,"{""type"":""MultiPoint"",""coordinates"":[]}"
5_49,30000,50.990767066942105,-114.81347532239283,6,183,10,-17,0.15666488652391117,0,0,2025,2025-06,"{""type"":""MultiPoint"",""coordinates"":[]}"
5_50,30000,51.179358814627726,-114.00427418469191,6,183,10,-17,0.0,0,0,2025,2025-06,"{""type"":""MultiPoint"",""coordinates"":[]}"
5_51,30000,50.63737089809243,-117.35979416838663,6,183,10,-17,0.0,0,0,2025,2025-06,"{""type"":""MultiPoint"",""coordinates"":[]}"
5_52,30000,50.74247108856541,-116.96594213971807,6,183,10,-17,0.0,0,0,2025,2025-06,"{""type"":""MultiPoint"",""coordinates"":[]}"
5_53,30000,50.84605181212518,-116.57004838400321,6,183,10,-17,0.0,0,0,2025,2025-06,"{""type"":""MultiPoint"",""coordinates"":[]}"
5_54,30000,50.948099203006215,-116.17212789491009,6,183,10,-17,0.0,0,0,2025,2025-06,"{""type"":""MultiPoint"",""coordinates"":[]}"
5_55,30000,51.048599483709026,-115.77219645452821,6,183,10,-17,0.047930176159673626,0,0,2025,2025-06,"{""type"":""MultiPoint"",""coordinates"":[]}"
5_56,30000,51.147538970805876,-115.3702706408128,6,183,10,-17,0.0,0,0,2025,2025-06,"{""type"":""MultiPoint"",""coordinates"":[]}"
5_57,30000,51.24490408081719,-114.9663678344825,6,183,10,-17,0.0,0,0,2025,2025-06,"{""type"":""MultiPoint"",""coordinates"":[]}"
5_58,30000,50.67094272398514,-118.31272669386064,6,183,10,-17,0.0,0,0,2025,2025-06,"{""type"":""MultiPoint"",""coordinates"":[]}"
5_59,30000,50.779796279715256,-117.92105687080597,6,183,10,-17,0.0,0,0,2025,2025-06,"{""type"":""MultiPoint"",""coordinates"":[]}"
5_60,30000,50.88715104206652,-117.52728150423397,6,183,10,-17,0.0,0,0,2025,2025-06,"{""type"":""MultiPoint"",""coordinates"":[]}"
5_61,30000,50.99299277884312,-117.13141399651155,6,183,10,-17,0.0,0,0,2025,2025-06,"{""type"":""MultiPoint"",""coordinates"":[]}"
5_62,30000,51.097307333797374,-116.73346854105039,6,183,10,-17,0.0,0,0,2025,2025-06,"{""type"":""MultiPoint"",""coordinates"":[]}"
5_63,30000,51.20008063240146,-116.33346013128742,6,183,10,-17,0.0,0,0,2025,2025-06,"{""type"":""MultiPoint"",""coordinates"":[]}"
5_64,30000,51.30129868770186,-115.93140456916186,6,183,10,-17,0.0,0,0,2025,2025-06,"{""type"":""MultiPoint"",""coordinates"":[]}"
5_65,30000,51.4009476062527,-115.52731847305982,6,183,10,-17,0.0,0,0,2025,2025-06,"{""type"":""MultiPoint"",""coordinates"":[]}"
5_66,30000,50.80801646785581,-118.87772523445169,6,183,10,-17,0.0,0,0,2025,2025-06,"{""type"":""MultiPoint"",""coordinates"":[]}"
5_67,30000,51.028742017855585,-118.09262915860808,6,183,10,-17,0.0,0,0,2025,2025-06,"{""type"":""MultiPoint"",""coordinates"":[]}"
5_68,30000,51.13685290966212,-117.6968611130857,6,183,10,-17,0.0,0,0,2025,2025-06,"{""type"":""MultiPoint"",""coordinates"":[]}"
5_69,30000,51.243443265734115,-117.29896393439542,6,183,10,-17,0.0,0,0,2025,2025-06,"{""type"":""MultiPoint"",""coordinates"":[]}"
5_70,30000,51.348498718083775,-116.89895178716442,6,183,10,-17,0.0,0,0,2025,2025-06,"{""type"":""MultiPoint"",""coordinates"":[]}"
5_71,30000,51.45200497955007,-116.49683965611742,6,183,10,-17,0.0,0,0,2025,2025-06,"{""type"":""MultiPoint"",""coordinates"":[]}"
5_72,30000,51.55394784977931,-116.09264335509364,6,183,10,-17,0.03380385335440664,0,0,2025,2025-06,"{""type"":""MultiPoint"",""coordinates"":[]}"
5_73,30000,51.654313221289,-115.68637953552042,6,183,10,-17,0.04255709791516701,0,0,2025,2025-06,"{""type"":""MultiPoint"",""coordinates"":[]}"
5_74,30000,51.753087085611675,-115.27806569431331,6,183,10,-17,0.0,0,0,2025,2025-06,"{""type"":""MultiPoint"",""coordinates"":[]}"
5_75,30000,50.9419491154897,-119.44653581409463,6,183,10,-17,0.0,0,0,2025,2025-06,"{""type"":""MultiPoint"",""coordinates"":[]}"
5_76,30000,51.16720548273678,-118.66193791237481,6,183,10,-17,0.0,0,0,2025,2025-06,"{""type"":""MultiPoint"",""coordinates"":[]}"
5_77,30000,51.27759306306063,-118.26634406707706,6,183,10,-17,0.0,0,0,2025,2025-06,"{""type"":""MultiPoint"",""coordinates"":[]}"
5_78,30000,51.38646725336234,-117.86856999021312,6,183,10,-17,0.0,0,0,2025,2025-06,"{""type"":""MultiPoint"",""coordinates"":[]}"
5_79,30000,51.49381339621175,-117.46862897751716,6,183,10,-17,0.0,0,0,2025,2025-06,"{""type"":""MultiPoint"",""coordinates"":[]}"
5_80,30000,51.59961690801395,-117.0665351552954,6,183,10,-17,0.0,0,0,2025,2025-06,"{""type"":""MultiPoint"",""coordinates"":[]}"
5_81,30000,51.7038632850262,-116.66230349053806,6,183,10,-17,0.0,0,0,2025,2025-06,"{""type"":""MultiPoint"",""coordinates"":[]}"
5_82,30000,51.80653810946705,-116.25594980050631,6,183,10,-17,0.0,0,0,2025,2025-06,"{""type"":""MultiPoint"",""coordinates"":[]}"
5_83,30000,51.90762705571357,-115.84749076176345,6,183,10,-17,0.0,0,0,2025,2025-06,"{""type"":""MultiPoint"",""coordinates"":[]}"
5_84,30000,51.30250331198747,-119.2351573733412,6,183,10,-17,0.0,0,0,2025,2025-06,"{""type"":""MultiPoint"",""coordinates"":[]}"
5_85,30000,51.415174488072545,-118.83981395001108,6,183,10,-17,0.0,0,0,2025,2025-06,"{""type"":""MultiPoint"",""coordinates"":[]}"
5_86,30000,51.52633992333847,-118.44223934378608,6,183,10,-17,0.0,0,0,2025,2025-06,"{""type"":""MultiPoint"",""coordinates"":[]}"
5_87,30000,51.63598467538623,-118.04244594161493,6,183,10,-17,0.0,0,0,2025,2025-06,"{""type"":""MultiPoint"",""coordinates"":[]}"
5_88,30000,51.74409386842318,-117.64044697029324,6,183,10,-17,0.0,0,0,2025,2025-06,"{""type"":""MultiPoint"",""coordinates"":[]}"
5_89,30000,51.85065269930557,-117.2362565076892,6,183,10,-17,0.0,0,0,2025,2025-06,"{""type"":""MultiPoint"",""coordinates"":[]}"
5_90,30000,51.955646443681644,-116.82988949346647,6,183,10,-17,0.0,0,0,2025,2025-06,"{""type"":""MultiPoint"",""coordinates"":[]}"
5_91,30000,52.05906046223179,-116.42136173927166,6,183,10,-17,0.0,0,0,2025,2025-06,"{""type"":""MultiPoint"",""coordinates"":[]}"
5_92,30000,52.16088020700205,-116.01068993835443,6,183,10,-17,0.0,0,0,2025,2025-06,"{""type"":""MultiPoint"",""coordinates"":[]}"
5_93,30000,52.6455628575855,-113.92581729105713,6,183,10,-17,0.0,0,0,2025,2025-06,"{""type"":""MultiPoint"",""coordinates"":[]}"
5_94,30000,51.43459782300684,-119.812233914261,6,183,10,-17,0.0,0,0,2025,2025-06,"{""type"":""MultiPoint"",""coordinates"":[]}"
5_95,30000,51.6630223086243,-119.01992130857953,6,183,10,-17,0.0,0,0,2025,2025-06,"{""type"":""MultiPoint"",""coordinates"":[]}"
5_96,30000,51.77497295177934,-118.6203535564288,6,183,10,-17,0.0,0,0,2025,2025-06,"{""type"":""MultiPoint"",""coordinates"":[]}"
5_97,30000,51.88539562440237,-118.21852760402672,6,183,10,-17,0.0,0,0,2025,2025-06,"{""type"":""MultiPoint"",""coordinates"":[]}"
5_98,30000,51.99427522841305,-117.81445659799915,6,183,10,-17,0.0,0,0,2025,2025-06,"{""type"":""MultiPoint"",""coordinates"":[]}"
5_99,30000,52.10159673710142,-117.40815455704802,6,183,10,-17,0.0,0,0,2025,2025-06,"{""type"":""MultiPoint"",""coordinates"":[]}"
5_100,30000,52.20734520139947,-116.99963638331744,6,183,10,-17,0.0,0,0,2025,2025-06,"{""type"":""MultiPoint"",""coordinates"":[]}"
5_101,30000,52.311505756254896,-116.58891787321416,6,183,10,-17,0.0,0,0,2025,2025-06,"{""type"":""MultiPoint"",""coordinates"":[]}"
5_102,30000,51.79647588324382,-119.6015618392099,6,183,10,-17,0.0,0,0,2025,2025-06,"{""type"":""MultiPoint"",""coordinates"":[]}"
5_103,30000,51.910739044172246,-119.20229929514619,6,183,10,-17,0.0,0,0,2025,2025-06,"{""type"":""MultiPoint"",""coordinates"":[]}"
5_104,30000,52.02348234316083,-118.8007261127026,6,183,10,-17,0.0,0,0,2025,2025-06,"{""type"":""MultiPoint"",""coordinates"":[]}"
5_105,30000,52.244347866743325,-117.99069740788404,6,183,10,-17,0.0,0,0,2025,2025-06,"{""type"":""MultiPoint"",""coordinates"":[]}"
5_106,30000,52.352439512601634,-117.58226888824623,6,183,10,-17,0.0,0,0,2025,2025-06,"{""type"":""MultiPoint"",""coordinates"":[]}"
5_107,30000,52.458950151741966,-117.1715837603088,6,183,10,-17,0.0,0,0,2025,2025-06,"{""type"":""MultiPoint"",""coordinates"":[]}"
5_108,30000,52.56386468909943,-116.75865779499183,6,183,10,-17,0.0,0,0,2025,2025-06,"{""type"":""MultiPoint"",""coordinates"":[]}"
5_109,30000,52.66716811913094,-116.34350769123394,6,183,10,-17,0.0,0,0,2025,2025-06,"{""type"":""MultiPoint"",""coordinates"":[]}"
5_110,30000,52.15831463139495,-119.38698806476872,6,183,10,-17,0.0,0,0,2025,2025-06,"{""type"":""MultiPoint"",""coordinates"":[]}"
5_111,30000,52.27185813044813,-118.98339728066276,6,183,10,-17,0.0,0,0,2025,2025-06,"{""type"":""MultiPoint"",""coordinates"":[]}"
5_112,30000,52.49430201500574,-118.16920983082106,6,183,10,-17,0.03523416849267623,0,0,2025,2025-06,"{""type"":""MultiPoint"",""coordinates"":[]}"
5_113,30000,52.60317135958741,-117.7586399806141,6,183,10,-17,0.12949530673617093,0,0,2025,2025-06,"{""type"":""MultiPoint"",""coordinates"":[]}"
5_114,30000,52.71045173248939,-117.34577212936695,6,183,10,-17,0.0,0,0,2025,2025-06,"{""type"":""MultiPoint"",""coordinates"":[]}"
5_115,30000,52.81612780426741,-116.93062201161017,6,183,10,-17,0.0,0,0,2025,2025-06,"{""type"":""MultiPoint"",""coordinates"":[]}"
5_116,30000,53.60197441351149,-113.5294665635097,6,183,10,-17,0.0,0,0,2025,2025-06,"{""type"":""MultiPoint"",""coordinates"":[]}"
5_117,30000,52.2898535717501,-119.97725550517926,6,183,10,-17,0.0,0,0,2025,2025-06,"{""type"":""MultiPoint"",""coordinates"":[]}"
5_118,30000,52.405738840261776,-119.57402864063553,6,183,10,-17,0.0,0,0,2025,2025-06,"{""type"":""MultiPoint"",""coordinates"":[]}"
5_119,30000,52.520090181185836,-119.16840820955399,6,183,10,-17,0.0,0,0,2025,2025-06,"{""type"":""MultiPoint"",""coordinates"":[]}"
5_120,30000,52.632891744912946,-118.76040611982936,6,183,10,-17,0.0,0,0,2025,2025-06,"{""type"":""MultiPoint"",""coordinates"":[]}"
5_121,30000,52.85378245083254,-117.9373092308009,6,183,10,-17,0.0,0,0,2025,2025-06,"{""type"":""MultiPoint"",""coordinates"":[]}"
5_122,30000,52.96184022206535,-117.522242923646,6,183,10,-17,0.0,0,0,2025,2025-06,"{""type"":""MultiPoint"",""coordinates"":[]}"
5_123,30000,53.06828548764293,-117.10485196858394,6,183,10,-17,0.0,0,0,2025,2025-06,"{""type"":""MultiPoint"",""coordinates"":[]}"
5_124,30000,52.65300127031511,-119.7634629346544,6,183,10,-17,0.0,0,0,2025,2025-06,"{""type"":""MultiPoint"",""coordinates"":[]}"
5_125,30000,52.76816819377785,-119.35580095112637,6,183,10,-17,0.0,0,0,2025,2025-06,"{""type"":""MultiPoint"",""coordinates"":[]}"
5_126,30000,52.88177809669702,-118.94571433661078,6,183,10,-17,0.0,0,0,2025,2025-06,"{""type"":""MultiPoint"",""coordinates"":[]}"
5_127,30000,52.99381495113538,-118.53321579118975,6,183,10,-17,0.0,0,0,2025,2025-06,"{""type"":""MultiPoint"",""coordinates"":[]}"
5_128,30000,53.10426279439886,-118.11831897622909,6,183,10,-17,0.0,0,0,2025,2025-06,"{""type"":""MultiPoint"",""coordinates"":[]}"
5_129,30000,53.21310573584495,-117.70103852867418,6,183,10,-17,0.0,0,0,2025,2025-06,"{""type"":""MultiPoint"",""coordinates"":[]}"
5_130,30000,52.90009134683862,-119.95533376849434,6,183,10,-17,0.0,0,0,2025,2025-06,"{""type"":""MultiPoint"",""coordinates"":[]}"
5_131,30000,53.01608169365161,-119.54561848144124,6,183,10,-17,0.0,0,0,2025,2025-06,"{""type"":""MultiPoint"",""coordinates"":[]}"
5_132,30000,53.13050779314373,-119.13343464452662,6,183,10,-17,0.0,0,0,2025,2025-06,"{""type"":""MultiPoint"",""coordinates"":[]}"
5_133,30000,53.243353374368105,-118.7187948110295,6,183,10,-17,0.0,0,0,2025,2025-06,"{""type"":""MultiPoint"",""coordinates"":[]}"
5_134,30000,53.35460222981132,-118.30171251915094,6,183,10,-17,0.0,0,0,2025,2025-06,"{""type"":""MultiPoint"",""coordinates"":[]}"
5_135,30000,53.4642382223416,-117.882202307141,6,183,10,-17,0.0,0,0,2025,2025-06,"{""type"":""MultiPoint"",""coordinates"":[]}"
5_136,30000,53.26382002930297,-119.73790472317289,6,183,10,-17,0.0,0,0,2025,2025-06,"{""type"":""MultiPoint"",""coordinates"":[]}"
5_137,30000,53.37907028660024,-119.32361111319389,6,183,10,-17,0.0,0,0,2025,2025-06,"{""type"":""MultiPoint"",""coordinates"":[]}"
5_138,30000,53.4927325704762,-118.9068164559419,6,183,10,-17,0.0,0,0,2025,2025-06,"{""type"":""MultiPoint"",""coordinates"":[]}"
5_139,30000,53.604790424108764,-118.48753415131917,6,183,10,-17,0.0,0,0,2025,2025-06,"{""type"":""MultiPoint"",""coordinates"":[]}"
5_140,30000,53.51137236821777,-119.93270456841087,6,183,10,-17,0.0,0,0,2025,2025-06,"{""type"":""MultiPoint"",""coordinates"":[]}"
5_141,30000,53.62745484977901,-119.51628879733434,6,183,10,-17,0.24828879316951674,0,0,2025,2025-06,"{""type"":""MultiPoint"",""coordinates"":[]}"
5_142,30000,53.74194191986209,-119.09732591909331,6,183,10,-17,0.0,0,0,2025,2025-06,"{""type"":""MultiPoint"",""coordinates"":[]}"
5_143,30000,53.87565057154578,-119.71151376096302,6,183,10,-17,0.0,0,0,2025,2025-06,"{""type"":""MultiPoint"",""coordinates"":[]}"
5_144,30000,54.12364635257429,-119.90933310213059,6,183,10,-17,0.0,0,0,2025,2025-06,"{""type"":""MultiPoint"",""coordinates"":[]}"
5_145,30000,57.17023319594705,-111.56547764278571,6,183,10,-17,0.0,0,0,2025,2025-06,"{""type"":""MultiPoint"",""coordinates"":[]}"
5_146,30000,57.432973454116635,-111.72146229357841,6,183,10,-17,0.0,0,0,2025,2025-06,"{""type"":""MultiPoint"",""coordinates"":[]}"
6_0,30000,49.211726206988565,-113.79521825168786,7,202,10,-17,0.0,0,0,2025,2025-07,"{""type"":""MultiPoint"",""coordinates"":[]}"
6_1,30000,49.27901930836136,-114.71165929494109,7,202,10,-17,0.0,0,0,2025,2025-07,"{""type"":""MultiPoint"",""coordinates"":[]}"
6_2,30000,49.37318130792673,-114.32437301070378,7,202,10,-17,0.0,0,0,2025,2025-07,"{""type"":""MultiPoint"",""coordinates"":[]}"
6_3,30000,49.435496038448015,-115.2451546978652,7,202,10,-17,0.0,0,0,2025,2025-07,"{""type"":""MultiPoint"",""coordinates"":[]}"
6_4,30000,49.531832181579745,-114.85762174558681,7,202,10,-17,0.0,0,0,2025,2025-07,"{""type"":""MultiPoint"",""coordinates"":[]}"
6_5,30000,49.626657128945375,-114.46829522200922,7,202,10,-17,0.0,0,0,2025,2025-07,"{""type"":""MultiPoint"",""coordinates"":[]}"
6_6,30000,49.48910491661279,-116.16851315821037,7,202,10,-17,0.0,0,0,2025,2025-07,"{""type"":""MultiPoint"",""coordinates"":[]}"
6_7,30000,49.68763958973784,-115.39493632672128,7,202,10,-17,0.0,0,0,2025,2025-07,"{""type"":""MultiPoint"",""coordinates"":[]}"
6_8,30000,49.784653252942704,-115.005377882191,7,202,10,-17,0.0,0,0,2025,2025-07,"{""type"":""MultiPoint"",""coordinates"":[]}"
6_9,30000,49.88014751428192,-114.61399422634233,7,202,10,-17,0.0,0,0,2025,2025-07,"{""type"":""MultiPoint"",""coordinates"":[]}"
6_10,30000,49.97410978420308,-114.22080234602352,7,202,10,-17,0.0,0,0,2025,2025-07,"{""type"":""MultiPoint"",""coordinates"":[]}"
6_11,30000,49.53396897725848,-117.09406857632294,7,202,10,-17,0.0,0,0,2025,2025-07,"{""type"":""MultiPoint"",""coordinates"":[]}"
6_12,30000,49.63764742530981,-116.71005494498901,7,202,10,-17,0.0,0,0,2025,2025-07,"{""type"":""MultiPoint"",""coordinates"":[]}"
6_13,30000,49.739850320366976,-116.3241226397088,7,202,10,-17,0.0,0,0,2025,2025-07,"{""type"":""MultiPoint"",""coordinates"":[]}"
6_14,30000,49.93977692455961,-115.54655956485155,7,202,10,-17,0.0,0,0,2025,2025-07,"{""type"":""MultiPoint"",""coordinates"":[]}"
6_15,30000,50.037474588215815,-115.15495934774765,7,202,10,-17,0.0,0,0,2025,2025-07,"{""type"":""MultiPoint"",""coordinates"":[]}"
6_16,30000,50.13364461850168,-114.7615015735015,7,202,10,-17,0.0,0,0,2025,2025-07,"{""type"":""MultiPoint"",""coordinates"":[]}"
6_17,30000,50.22827423457875,-114.36620331788242,7,202,10,-17,0.0,0,0,2025,2025-07,"{""type"":""MultiPoint"",""coordinates"":[]}"
6_18,30000,49.67738129258726,-117.63944020570969,7,202,10,-17,0.0,0,0,2025,2025-07,"{""type"":""MultiPoint"",""coordinates"":[]}"
6_19,30000,49.783250997210715,-117.25546660422468,7,202,10,-17,0.0,0,0,2025,2025-07,"{""type"":""MultiPoint"",""coordinates"":[]}"
6_20,30000,49.887651095363516,-116.8695276003889,7,202,10,-17,0.0,0,0,2025,2025-07,"{""type"":""MultiPoint"",""coordinates"":[]}"
6_21,30000,49.99056816130502,-116.48163670037009,7,202,10,-17,0.0,0,0,2025,2025-07,"{""type"":""MultiPoint"",""coordinates"":[]}"
6_22,30000,50.0919888485373,-116.09180812796657,7,202,10,-17,0.0,0,0,2025,2025-07,"{""type"":""MultiPoint"",""coordinates"":[]}"
6_23,30000,50.29028812901492,-115.30639849113933,7,202,10,-17,0.0,0,0,2025,2025-07,"{""type"":""MultiPoint"",""coordinates"":[]}"
6_24,30000,50.3871404735853,-114.91084952350734,7,202,10,-17,0.0,0,0,2025,2025-07,"{""type"":""MultiPoint"",""coordinates"":[]}"
6_25,30000,50.4824439530322,-114.51342708875744,7,202,10,-17,0.0,0,0,2025,2025-07,"{""type"":""MultiPoint"",""coordinates"":[]}"
6_26,30000,49.92587820738716,-117.80470870536384,7,202,10,-17,0.0,0,0,2025,2025-07,"{""type"":""MultiPoint"",""coordinates"":[]}"
6_27,30000,50.032483572308095,-117.41883015284704,7,202,10,-17,0.0,0,0,2025,2025-07,"{""type"":""MultiPoint"",""coordinates"":[]}"
6_28,30000,50.13761203878164,-117.03095227158914,7,202,10,-17,0.0,0,0,2025,2025-07,"{""type"":""MultiPoint"",""coordinates"":[]}"
6_29,30000,50.241249984784275,-116.64108855420758,7,202,10,-17,0.0,0,0,2025,2025-07,"{""type"":""MultiPoint"",""coordinates"":[]}"
6_30,30000,50.343383866819025,-116.24925322862201,7,202,10,-17,0.0,0,0,2025,2025-07,"{""type"":""MultiPoint"",""coordinates"":[]}"
6_31,30000,50.54308569022569,-115.45972838549066,7,202,10,-17,0.0,0,0,2025,2025-07,"{""type"":""MultiPoint"",""coordinates"":[]}"
6_32,30000,50.64062698637315,-115.06207106531204,7,202,10,-17,0.0,0,0,2025,2025-07,"{""type"":""MultiPoint"",""coordinates"":[]}"
6_33,30000,50.73661093928278,-114.66250654418486,7,202,10,-17,0.0,0,0,2025,2025-07,"{""type"":""MultiPoint"",""coordinates"":[]}"
6_34,30000,50.065491966951875,-118.35773897757556,7,202,10,-17,0.0,0,0,2025,2025-07,"{""type"":""MultiPoint"",""coordinates"":[]}"
6_35,30000,50.1743101025601,-117.971989418857,7,202,10,-17,0.0,0,0,2025,2025-07,"{""type"":""MultiPoint"",""coordinates"":[]}"
6_36,30000,50.28165793766874,-117.58419315144972,7,202,10,-17,0.0,0,0,2025,2025-07,"{""type"":""MultiPoint"",""coordinates"":[]}"
6_37,30000,50.38752157817964,-117.19436290147581,7,202,10,-17,0.0,0,0,2025,2025-07,"{""type"":""MultiPoint"",""coordinates"":[]}"
6_38,30000,50.49188720227741,-116.80251214006081,7,202,10,-17,0.0,0,0,2025,2025-07,"{""type"":""MultiPoint"",""coordinates"":[]}"
6_39,30000,50.59474106588762,-116.40865509175235,7,202,10,-17,0.0,0,0,2025,2025-07,"{""type"":""MultiPoint"",""coordinates"":[]}"
6_40,30000,50.795858957340364,-115.61498284703796,7,202,10,-17,0.007587962706925396,0,0,2025,2025-07,"{""type"":""MultiPoint"",""coordinates"":[]}"
6_41,30000,50.89409593592701,-115.21519993604544,7,202,10,-17,0.024338813305050867,0,0,2025,2025-07,"{""type"":""MultiPoint"",""coordinates"":[]}"
6_42,30000,50.990767066942105,-114.81347532239283,7,202,10,-17,0.0,0,0,2025,2025-07,"{""type"":""MultiPoint"",""coordinates"":[]}"
6_43,30000,51.179358814627726,-114.00427418469191,7,202,10,-17,0.0,0,0,2025,2025-07,"{""type"":""MultiPoint"",""coordinates"":[]}"
6_44,30000,50.313093387044844,-118.52896161108299,7,202,10,-17,0.0,0,0,2025,2025-07,"{""type"":""MultiPoint"",""coordinates"":[]}"
6_45,30000,50.42266798649277,-118.14131696374228,7,202,10,-17,0.0,0,0,2025,2025-07,"{""type"":""MultiPoint"",""coordinates"":[]}"
6_46,30000,50.53076518900706,-117.7515902567983,7,202,10,-17,0.0,0,0,2025,2025-07,"{""type"":""MultiPoint"",""coordinates"":[]}"
6_47,30000,50.63737089809243,-117.35979416838663,7,202,10,-17,0.0,0,0,2025,2025-07,"{""type"":""MultiPoint"",""coordinates"":[]}"
6_48,30000,50.74247108856541,-116.96594213971807,7,202,10,-17,0.25013485299748556,0,0,2025,2025-07,"{""type"":""MultiPoint"",""coordinates"":[]}"
6_49,30000,50.84605181212518,-116.57004838400321,7,202,10,-17,0.0,0,0,2025,2025-07,"{""type"":""MultiPoint"",""coordinates"":[]}"
6_50,30000,50.948099203006215,-116.17212789491009,7,202,10,-17,0.0,0,0,2025,2025-07,"{""type"":""MultiPoint"",""coordinates"":[]}"
6_51,30000,51.048599483709026,-115.77219645452821,7,202,10,-17,0.22490268146334189,0,0,2025,2025-07,"{""type"":""MultiPoint"",""coordinates"":[]}"
6_52,30000,51.147538970805876,-115.3702706408128,7,202,10,-17,0.0,0,0,2025,2025-07,"{""type"":""MultiPoint"",""coordinates"":[]}"
6_53,30000,51.24490408081719,-114.9663678344825,7,202,10,-17,0.0,0,0,2025,2025-07,"{""type"":""MultiPoint"",""coordinates"":[]}"
6_54,30000,50.56060467733457,-118.7022783526186,7,202,10,-17,0.0,0,0,2025,2025-07,"{""type"":""MultiPoint"",""coordinates"":[]}"
6_55,30000,50.67094272398514,-118.31272669386064,7,202,10,-17,0.12493681106863344,0,0,2025,2025-07,"{""type"":""MultiPoint"",""coordinates"":[]}"
6_56,30000,50.779796279715256,-117.92105687080597,7,202,10,-17,0.0,0,0,2025,2025-07,"{""type"":""MultiPoint"",""coordinates"":[]}"
6_57,30000,50.88715104206652,-117.52728150423397,7,202,10,-17,0.0,0,0,2025,2025-07,"{""type"":""MultiPoint"",""coordinates"":[]}"
6_58,30000,50.99299277884312,-117.13141399651155,7,202,10,-17,0.0,0,0,2025,2025-07,"{""type"":""MultiPoint"",""coordinates"":[]}"
6_59,30000,51.097307333797374,-116.73346854105039,7,202,10,-17,0.0,0,0,2025,2025-07,"{""type"":""MultiPoint"",""coordinates"":[]}"
6_60,30000,51.20008063240146,-116.33346013128742,7,202,10,-17,0.0,0,0,2025,2025-07,"{""type"":""MultiPoint"",""coordinates"":[]}"
6_61,30000,51.30129868770186,-115.93140456916186,7,202,10,-17,0.0,0,0,2025,2025-07,"{""type"":""MultiPoint"",""coordinates"":[]}"
6_62,30000,51.4009476062527,-115.52731847305982,7,202,10,-17,0.0,0,0,2025,2025-07,"{""type"":""MultiPoint"",""coordinates"":[]}"
6_63,30000,51.49901359412451,-115.12121928519963,7,202,10,-17,0.0,0,0,2025,2025-07,"{""type"":""MultiPoint"",""coordinates"":[]}"
6_64,30000,50.80801646785581,-118.87772523445169,7,202,10,-17,0.0,0,0,2025,2025-07,"{""type"":""MultiPoint"",""coordinates"":[]}"
6_65,30000,50.91912503323592,-118.48625471690103,7,202,10,-17,0.0,0,0,2025,2025-07,"{""type"":""MultiPoint"",""coordinates"":[]}"
6_66,30000,51.028742017855585,-118.09262915860808,7,202,10,-17,0.0,0,0,2025,2025-07,"{""type"":""MultiPoint"",""coordinates"":[]}"
6_67,30000,51.13685290966212,-117.6968611130857,7,202,10,-17,0.0,0,0,2025,2025-07,"{""type"":""MultiPoint"",""coordinates"":[]}"
6_68,30000,51.243443265734115,-117.29896393439542,7,202,10,-17,0.12910289972564376,0,0,2025,2025-07,"{""type"":""MultiPoint"",""coordinates"":[]}"
6_69,30000,51.348498718083775,-116.89895178716442,7,202,10,-17,0.0,0,0,2025,2025-07,"{""type"":""MultiPoint"",""coordinates"":[]}"
6_70,30000,51.45200497955007,-116.49683965611742,7,202,10,-17,0.0,0,0,2025,2025-07,"{""type"":""MultiPoint"",""coordinates"":[]}"
6_71,30000,51.55394784977931,-116.09264335509364,7,202,10,-17,0.0644576832482607,0,0,2025,2025-07,"{""type"":""MultiPoint"",""coordinates"":[]}"
6_72,30000,51.654313221289,-115.68637953552042,7,202,10,-17,0.0,0,0,2025,2025-07,"{""type"":""MultiPoint"",""coordinates"":[]}"
6_73,30000,50.9419491154897,-119.44653581409463,7,202,10,-17,0.0,0,0,2025,2025-07,"{""type"":""MultiPoint"",""coordinates"":[]}"
6_74,30000,51.16720548273678,-118.66193791237481,7,202,10,-17,0.0,0,0,2025,2025-07,"{""type"":""MultiPoint"",""coordinates"":[]}"
6_75,30000,51.27759306306063,-118.26634406707706,7,202,10,-17,0.0,0,0,2025,2025-07,"{""type"":""MultiPoint"",""coordinates"":[]}"
6_76,30000,51.38646725336234,-117.86856999021312,7,202,10,-17,0.0,0,0,2025,2025-07,"{""type"":""MultiPoint"",""coordinates"":[]}"
6_77,30000,51.49381339621175,-117.46862897751716,7,202,10,-17,0.0,0,0,2025,2025-07,"{""type"":""MultiPoint"",""coordinates"":[]}"
6_78,30000,51.59961690801395,-117.0665351552954,7,202,10,-17,0.0,0,0,2025,2025-07,"{""type"":""MultiPoint"",""coordinates"":[]}"
6_79,30000,51.7038632850262,-116.66230349053806,7,202,10,-17,0.0,0,0,2025,2025-07,"{""type"":""MultiPoint"",""coordinates"":[]}"
6_80,30000,51.80653810946705,-116.25594980050631,7,202,10,-17,0.0,0,0,2025,2025-07,"{""type"":""MultiPoint"",""coordinates"":[]}"
6_81,30000,51.90762705571357,-115.84749076176345,7,202,10,-17,0.0,0,0,2025,2025-07,"{""type"":""MultiPoint"",""coordinates"":[]}"
6_82,30000,51.30250331198747,-119.2351573733412,7,202,10,-17,0.0,0,0,2025,2025-07,"{""type"":""MultiPoint"",""coordinates"":[]}"
6_83,30000,51.415174488072545,-118.83981395001108,7,202,10,-17,0.0,0,0,2025,2025-07,"{""type"":""MultiPoint"",""coordinates"":[]}"
6_84,30000,51.52633992333847,-118.44223934378608,7,202,10,-17,0.0,0,0,2025,2025-07,"{""type"":""MultiPoint"",""coordinates"":[]}"
6_85,30000,51.63598467538623,-118.04244594161493,7,202,10,-17,0.0,0,0,2025,2025-07,"{""type"":""MultiPoint"",""coordinates"":[]}"
6_86,30000,51.74409386842318,-117.64044697029324,7,202,10,-17,0.0,0,0,2025,2025-07,"{""type"":""MultiPoint"",""coordinates"":[]}"
6_87,30000,51.85065269930557,-117.2362565076892,7,202,10,-17,0.0,0,0,2025,2025-07,"{""type"":""MultiPoint"",""coordinates"":[]}"
6_88,30000,51.955646443681644,-116.82988949346647,7,202,10,-17,0.0,0,0,2025,2025-07,"{""type"":""MultiPoint"",""coordinates"":[]}"
6_89,30000,52.05906046223179,-116.42136173927166,7,202,10,-17,0.0,0,0,2025,2025-07,"{""type"":""MultiPoint"",""coordinates"":[]}"
6_90,30000,52.6455628575855,-113.92581729105713,7,202,10,-17,0.0,0,0,2025,2025-07,"{""type"":""MultiPoint"",""coordinates"":[]}"
6_91,30000,51.43459782300684,-119.812233914261,7,202,10,-17,0.0,0,0,2025,2025-07,"{""type"":""MultiPoint"",""coordinates"":[]}"
6_92,30000,51.6630223086243,-119.01992130857953,7,202,10,-17,0.0,0,0,2025,2025-07,"{""type"":""MultiPoint"",""coordinates"":[]}"
6_93,30000,51.77497295177934,-118.6203535564288,7,202,10,-17,0.15545727868858583,0,0,2025,2025-07,"{""type"":""MultiPoint"",""coordinates"":[]}"
6_94,30000,51.88539562440237,-118.21852760402672,7,202,10,-17,0.0,0,0,2025,2025-07,"{""type"":""MultiPoint"",""coordinates"":[]}"
6_95,30000,51.99427522841305,-117.81445659799915,7,202,10,-17,0.0,0,0,2025,2025-07,"{""type"":""MultiPoint"",""coordinates"":[]}"
6_96,30000,52.10159673710142,-117.40815455704802,7,202,10,-17,0.09422289024611626,0,0,2025,2025-07,"{""type"":""MultiPoint"",""coordinates"":[]}"
6_97,30000,52.20734520139947,-116.99963638331744,7,202,10,-17,0.0,0,0,2025,2025-07,"{""type"":""MultiPoint"",""coordinates"":[]}"
6_98,30000,52.311505756254896,-116.58891787321416,7,202,10,-17,0.0,0,0,2025,2025-07,"{""type"":""MultiPoint"",""coordinates"":[]}"
6_99,30000,52.41406362710366,-116.17601572764892,7,202,10,-17,0.0,0,0,2025,2025-07,"{""type"":""MultiPoint"",""coordinates"":[]}"
6_100,30000,52.51500413643668,-115.76094756166395,7,202,10,-17,0.0,0,0,2025,2025-07,"{""type"":""MultiPoint"",""coordinates"":[]}"
6_101,30000,51.79647588324382,-119.6015618392099,7,202,10,-17,0.0,0,0,2025,2025-07,"{""type"":""MultiPoint"",""coordinates"":[]}"
6_102,30000,51.910739044172246,-119.20229929514619,7,202,10,-17,0.0,0,0,2025,2025-07,"{""type"":""MultiPoint"",""coordinates"":[]}"
6_103,30000,52.02348234316083,-118.8007261127026,7,202,10,-17,0.0,0,0,2025,2025-07,"{""type"":""MultiPoint"",""coordinates"":[]}"
6_104,30000,52.244347866743325,-117.99069740788404,7,202,10,-17,0.0,0,0,2025,2025-07,"{""type"":""MultiPoint"",""coordinates"":[]}"
6_105,30000,52.352439512601634,-117.58226888824623,7,202,10,-17,0.0,0,0,2025,2025-07,"{""type"":""MultiPoint"",""coordinates"":[]}"
6_106,30000,52.458950151741966,-117.1715837603088,7,202,10,-17,0.0,0,0,2025,2025-07,"{""type"":""MultiPoint"",""coordinates"":[]}"
6_107,30000,52.56386468909943,-116.75865779499183,7,202,10,-17,0.0,0,0,2025,2025-07,"{""type"":""MultiPoint"",""coordinates"":[]}"
6_108,30000,52.66716811913094,-116.34350769123394,7,202,10,-17,0.0,0,0,2025,2025-07,"{""type"":""MultiPoint"",""coordinates"":[]}"
6_109,30000,52.15831463139495,-119.38698806476872,7,202,10,-17,0.0,0,0,2025,2025-07,"{""type"":""MultiPoint"",""coordinates"":[]}"
6_110,30000,52.27185813044813,-118.98339728066276,7,202,10,-17,0.0,0,0,2025,2025-07,"{""type"":""MultiPoint"",""coordinates"":[]}"
6_111,30000,52.38385910989201,-118.57746688602963,7,202,10,-17,0.0,0,0,2025,2025-07,"{""type"":""MultiPoint"",""coordinates"":[]}"
6_112,30000,52.49430201500574,-118.16920983082106,7,202,10,-17,0.0,0,0,2025,2025-07,"{""type"":""MultiPoint"",""coordinates"":[]}"
6_113,30000,52.60317135958741,-117.7586399806141,7,202,10,-17,0.03230993716517369,0,0,2025,2025-07,"{""type"":""MultiPoint"",""coordinates"":[]}"
6_114,30000,52.71045173248939,-117.34577212936695,7,202,10,-17,0.011044039266999917,0,0,2025,2025-07,"{""type"":""MultiPoint"",""coordinates"":[]}"
6_115,30000,52.81612780426741,-116.93062201161017,7,202,10,-17,0.0,0,0,2025,2025-07,"{""type"":""MultiPoint"",""coordinates"":[]}"
6_116,30000,53.60197441351149,-113.5294665635097,7,202,10,-17,0.0,0,0,2025,2025-07,"{""type"":""MultiPoint"",""coordinates"":[]}"
6_117,30000,52.2898535717501,-119.97725550517926,7,202,10,-17,0.0,0,0,2025,2025-07,"{""type"":""MultiPoint"",""coordinates"":[]}"
6_118,30000,52.405738840261776,-119.57402864063553,7,202,10,-17,0.0,0,0,2025,2025-07,"{""type"":""MultiPoint"",""coordinates"":[]}"
6_119,30000,52.520090181185836,-119.16840820955399,7,202,10,-17,0.0,0,0,2025,2025-07,"{""type"":""MultiPoint"",""coordinates"":[]}"
6_120,30000,52.632891744912946,-118.76040611982936,7,202,10,-17,0.0,0,0,2025,2025-07,"{""type"":""MultiPoint"",""coordinates"":[]}"
6_121,30000,52.744127742223,-118.3500352035024,7,202,10,-17,0.0,0,0,2025,2025-07,"{""type"":""MultiPoint"",""coordinates"":[]}"
6_122,30000,52.85378245083254,-117.9373092308009,7,202,10,-17,0.0,0,0,2025,2025-07,"{""type"":""MultiPoint"",""coordinates"":[]}"
6_123,30000,52.96184022206535,-117.522242923646,7,202,10,-17,0.0,0,0,2025,2025-07,"{""type"":""MultiPoint"",""coordinates"":[]}"
6_124,30000,52.65300127031511,-119.7634629346544,7,202,10,-17,0.0,0,0,2025,2025-07,"{""type"":""MultiPoint"",""coordinates"":[]}"
6_125,30000,52.76816819377785,-119.35580095112637,7,202,10,-17,0.0,0,0,2025,2025-07,"{""type"":""MultiPoint"",""coordinates"":[]}"
6_126,30000,52.88177809669702,-118.94571433661078,7,202,10,-17,0.0,0,0,2025,2025-07,"{""type"":""MultiPoint"",""coordinates"":[]}"
6_127,30000,52.99381495113538,-118.53321579118975,7,202,10,-17,0.0,0,0,2025,2025-07,"{""type"":""MultiPoint"",""coordinates"":[]}"
6_128,30000,53.10426279439886,-118.11831897622909,7,202,10,-17,0.18304182241365122,0,0,2025,2025-07,"{""type"":""MultiPoint"",""coordinates"":[]}"
6_129,30000,53.21310573584495,-117.70103852867418,7,202,10,-17,0.0,0,0,2025,2025-07,"{""type"":""MultiPoint"",""coordinates"":[]}"
6_130,30000,52.90009134683862,-119.95533376849434,7,202,10,-17,0.0,0,0,2025,2025-07,"{""type"":""MultiPoint"",""coordinates"":[]}"
6_131,30000,53.01608169365161,-119.54561848144124,7,202,10,-17,0.0,0,0,2025,2025-07,"{""type"":""MultiPoint"",""coordinates"":[]}"
6_132,30000,53.13050779314373,-119.13343464452662,7,202,10,-17,0.0,0,0,2025,2025-07,"{""type"":""MultiPoint"",""coordinates"":[]}"
6_133,30000,53.243353374368105,-118.7187948110295,7,202,10,-17,0.0,0,0,2025,2025-07,"{""type"":""MultiPoint"",""coordinates"":[]}"
6_134,30000,53.4642382223416,-117.882202307141,7,202,10,-17,0.0,0,0,2025,2025-07,"{""type"":""MultiPoint"",""coordinates"":[]}"
6_135,30000,53.26382002930297,-119.73790472317289,7,202,10,-17,0.0,0,0,2025,2025-07,"{""type"":""MultiPoint"",""coordinates"":[]}"
6_136,30000,53.37907028660024,-119.32361111319389,7,202,10,-17,0.0,0,0,2025,2025-07,"{""type"":""MultiPoint"",""coordinates"":[]}"
6_137,30000,53.4927325704762,-118.9068164559419,7,202,10,-17,0.0,0,0,2025,2025-07,"{""type"":""MultiPoint"",""coordinates"":[]}"
6_138,30000,53.51137236821777,-119.93270456841087,7,202,10,-17,0.0,0,0,2025,2025-07,"{""type"":""MultiPoint"",""coordinates"":[]}"
6_139,30000,53.62745484977901,-119.51628879733434,7,202,10,-17,0.0,0,0,2025,2025-07,"{""type"":""MultiPoint"",""coordinates"":[]}"
6_140,30000,53.74194191986209,-119.09732591909331,7,202,10,-17,0.0,0,0,2025,2025-07,"{""type"":""MultiPoint"",""coordinates"":[]}"
6_141,30000,53.87565057154578,-119.71151376096302,7,202,10,-17,0.0,0,0,2025,2025-07,"{""type"":""MultiPoint"",""coordinates"":[]}"
6_142,30000,54.12364635257429,-119.90933310213059,7,202,10,-17,0.0,0,0,2025,2025-07,"{""type"":""MultiPoint"",""coordinates"":[]}"
6_143,30000,57.17023319594705,-111.56547764278571,7,202,10,-17,0.0,0,0,2025,2025-07,"{""type"":""MultiPoint"",""coordinates"":[]}"
6_144,30000,57.432973454116635,-111.72146229357841,7,202,10,-17,0.0,0,0,2025,2025-07,"{""type"":""MultiPoint"",""coordinates"":[]}"
7_0,30000,49.1833542928276,-115.09718295994307,8,189,10,-17,0.0,0,0,2025,2025-08,"{""type"":""MultiPoint"",""coordinates"":[]}"
7_1,30000,49.27901930836136,-114.71165929494109,8,189,10,-17,0.0,0,0,2025,2025-08,"{""type"":""MultiPoint"",""coordinates"":[]}"
7_2,30000,49.37318130792673,-114.32437301070378,8,189,10,-17,0.0,0,0,2025,2025-08,"{""type"":""MultiPoint"",""coordinates"":[]}"
7_3,30000,49.13754594127269,-116.3968334816952,8,189,10,-17,0.0,0,0,2025,2025-08,"{""type"":""MultiPoint"",""coordinates"":[]}"
7_4,30000,49.435496038448015,-115.2451546978652,8,189,10,-17,0.0,0,0,2025,2025-08,"{""type"":""MultiPoint"",""coordinates"":[]}"
7_5,30000,49.531832181579745,-114.85762174558681,8,189,10,-17,0.27323202954577624,0,0,2025,2025-08,"{""type"":""MultiPoint"",""coordinates"":[]}"
7_6,30000,49.626657128945375,-114.46829522200922,8,189,10,-17,0.0,0,0,2025,2025-08,"{""type"":""MultiPoint"",""coordinates"":[]}"
7_7,30000,49.38760957074548,-116.5525010802803,8,189,10,-17,0.0,0,0,2025,2025-08,"{""type"":""MultiPoint"",""coordinates"":[]}"
7_8,30000,49.48910491661279,-116.16851315821037,8,189,10,-17,0.0,0,0,2025,2025-08,"{""type"":""MultiPoint"",""coordinates"":[]}"
7_9,30000,49.58911921540591,-115.78265327880608,8,189,10,-17,0.0,0,0,2025,2025-08,"{""type"":""MultiPoint"",""coordinates"":[]}"
7_10,30000,49.68763958973784,-115.39493632672128,8,189,10,-17,0.0,0,0,2025,2025-08,"{""type"":""MultiPoint"",""coordinates"":[]}"
7_11,30000,49.784653252942704,-115.005377882191,8,189,10,-17,0.013509330960158241,0,0,2025,2025-08,"{""type"":""MultiPoint"",""coordinates"":[]}"
7_12,30000,49.88014751428192,-114.61399422634233,8,189,10,-17,0.0,0,0,2025,2025-08,"{""type"":""MultiPoint"",""coordinates"":[]}"
7_13,30000,49.63764742530981,-116.71005494498901,8,189,10,-17,0.0,0,0,2025,2025-08,"{""type"":""MultiPoint"",""coordinates"":[]}"
7_14,30000,49.739850320366976,-116.3241226397088,8,189,10,-17,0.0,0,0,2025,2025-08,"{""type"":""MultiPoint"",""coordinates"":[]}"
7_15,30000,49.84056450942228,-115.93628587311412,8,189,10,-17,0.0,0,0,2025,2025-08,"{""type"":""MultiPoint"",""coordinates"":[]}"
7_16,30000,49.93977692455961,-115.54655956485155,8,189,10,-17,0.0,0,0,2025,2025-08,"{""type"":""MultiPoint"",""coordinates"":[]}"
7_17,30000,50.037474588215815,-115.15495934774765,8,189,10,-17,0.0,0,0,2025,2025-08,"{""type"":""MultiPoint"",""coordinates"":[]}"
7_18,30000,50.13364461850168,-114.7615015735015,8,189,10,-17,0.0,0,0,2025,2025-08,"{""type"":""MultiPoint"",""coordinates"":[]}"
7_19,30000,49.783250997210715,-117.25546660422468,8,189,10,-17,0.0,0,0,2025,2025-08,"{""type"":""MultiPoint"",""coordinates"":[]}"
7_20,30000,49.887651095363516,-116.8695276003889,8,189,10,-17,0.0,0,0,2025,2025-08,"{""type"":""MultiPoint"",""coordinates"":[]}"
7_21,30000,49.99056816130502,-116.48163670037009,8,189,10,-17,0.0,0,0,2025,2025-08,"{""type"":""MultiPoint"",""coordinates"":[]}"
7_22,30000,50.0919888485373,-116.09180812796657,8,189,10,-17,0.0,0,0,2025,2025-08,"{""type"":""MultiPoint"",""coordinates"":[]}"
7_23,30000,50.29028812901492,-115.30639849113933,8,189,10,-17,0.0,0,0,2025,2025-08,"{""type"":""MultiPoint"",""coordinates"":[]}"
7_24,30000,50.3871404735853,-114.91084952350734,8,189,10,-17,0.0,0,0,2025,2025-08,"{""type"":""MultiPoint"",""coordinates"":[]}"
7_25,30000,50.4824439530322,-114.51342708875744,8,189,10,-17,0.0,0,0,2025,2025-08,"{""type"":""MultiPoint"",""coordinates"":[]}"
7_26,30000,50.032483572308095,-117.41883015284704,8,189,10,-17,0.0,0,0,2025,2025-08,"{""type"":""MultiPoint"",""coordinates"":[]}"
7_27,30000,50.13761203878164,-117.03095227158914,8,189,10,-17,0.0,0,0,2025,2025-08,"{""type"":""MultiPoint"",""coordinates"":[]}"
7_28,30000,50.241249984784275,-116.64108855420758,8,189,10,-17,0.0,0,0,2025,2025-08,"{""type"":""MultiPoint"",""coordinates"":[]}"
7_29,30000,50.343383866819025,-116.24925322862201,8,189,10,-17,0.0,0,0,2025,2025-08,"{""type"":""MultiPoint"",""coordinates"":[]}"
7_30,30000,50.444000225336374,-115.8554612655433,8,189,10,-17,0.0,0,0,2025,2025-08,"{""type"":""MultiPoint"",""coordinates"":[]}"
7_31,30000,50.54308569022569,-115.45972838549066,8,189,10,-17,0.0,0,0,2025,2025-08,"{""type"":""MultiPoint"",""coordinates"":[]}"
7_32,30000,50.64062698637315,-115.06207106531204,8,189,10,-17,0.0,0,0,2025,2025-08,"{""type"":""MultiPoint"",""coordinates"":[]}"
7_33,30000,50.73661093928278,-114.66250654418486,8,189,10,-17,0.0,0,0,2025,2025-08,"{""type"":""MultiPoint"",""coordinates"":[]}"
7_34,30000,50.28165793766874,-117.58419315144972,8,189,10,-17,0.0,0,0,2025,2025-08,"{""type"":""MultiPoint"",""coordinates"":[]}"
7_35,30000,50.38752157817964,-117.19436290147581,8,189,10,-17,0.0,0,0,2025,2025-08,"{""type"":""MultiPoint"",""coordinates"":[]}"
7_36,30000,50.49188720227741,-116.80251214006081,8,189,10,-17,0.0,0,0,2025,2025-08,"{""type"":""MultiPoint"",""coordinates"":[]}"
7_37,30000,50.59474106588762,-116.40865509175235,8,189,10,-17,0.0,0,0,2025,2025-08,"{""type"":""MultiPoint"",""coordinates"":[]}"
7_38,30000,50.69606950821239,-116.01280674248096,8,189,10,-17,0.0,0,0,2025,2025-08,"{""type"":""MultiPoint"",""coordinates"":[]}"
7_39,30000,50.795858957340364,-115.61498284703796,8,189,10,-17,0.00688778179212953,0,0,2025,2025-08,"{""type"":""MultiPoint"",""coordinates"":[]}"
7_40,30000,50.89409593592701,-115.21519993604544,8,189,10,-17,0.054822894385432475,0,0,2025,2025-08,"{""type"":""MultiPoint"",""coordinates"":[]}"
7_41,30000,50.990767066942105,-114.81347532239283,8,189,10,-17,0.0,0,0,2025,2025-08,"{""type"":""MultiPoint"",""coordinates"":[]}"
7_42,30000,51.179358814627726,-114.00427418469191,8,189,10,-17,0.0,0,0,2025,2025-08,"{""type"":""MultiPoint"",""coordinates"":[]}"
7_43,30000,50.53076518900706,-117.7515902567983,8,189,10,-17,0.0,0,0,2025,2025-08,"{""type"":""MultiPoint"",""coordinates"":[]}"
7_44,30000,50.63737089809243,-117.35979416838663,8,189,10,-17,0.0,0,0,2025,2025-08,"{""type"":""MultiPoint"",""coordinates"":[]}"
7_45,30000,50.74247108856541,-116.96594213971807,8,189,10,-17,0.0,0,0,2025,2025-08,"{""type"":""MultiPoint"",""coordinates"":[]}"
7_46,30000,50.84605181212518,-116.57004838400321,8,189,10,-17,0.043919441256932486,0,0,2025,2025-08,"{""type"":""MultiPoint"",""coordinates"":[]}"
7_47,30000,50.948099203006215,-116.17212789491009,8,189,10,-17,0.08320331780262229,0,0,2025,2025-08,"{""type"":""MultiPoint"",""coordinates"":[]}"
7_48,30000,51.048599483709026,-115.77219645452821,8,189,10,-17,0.03122575095895533,0,0,2025,2025-08,"{""type"":""MultiPoint"",""coordinates"":[]}"
7_49,30000,51.147538970805876,-115.3702706408128,8,189,10,-17,0.0,0,0,2025,2025-08,"{""type"":""MultiPoint"",""coordinates"":[]}"
7_50,30000,51.24490408081719,-114.9663678344825,8,189,10,-17,0.0,0,0,2025,2025-08,"{""type"":""MultiPoint"",""coordinates"":[]}"
7_51,30000,50.67094272398514,-118.31272669386064,8,189,10,-17,0.0,0,0,2025,2025-08,"{""type"":""MultiPoint"",""coordinates"":[]}"
7_52,30000,50.779796279715256,-117.92105687080597,8,189,10,-17,0.0,0,0,2025,2025-08,"{""type"":""MultiPoint"",""coordinates"":[]}"
7_53,30000,50.88715104206652,-117.52728150423397,8,189,10,-17,0.0,0,0,2025,2025-08,"{""type"":""MultiPoint"",""coordinates"":[]}"
7_54,30000,50.99299277884312,-117.13141399651155,8,189,10,-17,0.0,0,0,2025,2025-08,"{""type"":""MultiPoint"",""coordinates"":[]}"
7_55,30000,51.097307333797374,-116.73346854105039,8,189,10,-17,0.0,0,0,2025,2025-08,"{""type"":""MultiPoint"",""coordinates"":[]}"
7_56,30000,51.20008063240146,-116.33346013128742,8,189,10,-17,0.0,0,0,2025,2025-08,"{""type"":""MultiPoint"",""coordinates"":[]}"
7_57,30000,51.30129868770186,-115.93140456916186,8,189,10,-17,0.0,0,0,2025,2025-08,"{""type"":""MultiPoint"",""coordinates"":[]}"
7_58,30000,51.4009476062527,-115.52731847305982,8,189,10,-17,0.018552992169454254,0,0,2025,2025-08,"{""type"":""MultiPoint"",""coordinates"":[]}"
7_59,30000,51.028742017855585,-118.09262915860808,8,189,10,-17,0.0,0,0,2025,2025-08,"{""type"":""MultiPoint"",""coordinates"":[]}"
7_60,30000,51.13685290966212,-117.6968611130857,8,189,10,-17,0.0,0,0,2025,2025-08,"{""type"":""MultiPoint"",""coordinates"":[]}"
7_61,30000,51.243443265734115,-117.29896393439542,8,189,10,-17,0.0,0,0,2025,2025-08,"{""type"":""MultiPoint"",""coordinates"":[]}"
7_62,30000,51.348498718083775,-116.89895178716442,8,189,10,-17,0.0,0,0,2025,2025-08,"{""type"":""MultiPoint"",""coordinates"":[]}"
7_63,30000,51.45200497955007,-116.49683965611742,8,189,10,-17,0.0,0,0,2025,2025-08,"{""type"":""MultiPoint"",""coordinates"":[]}"
7_64,30000,51.55394784977931,-116.09264335509364,8,189,10,-17,0.0,0,0,2025,2025-08,"{""type"":""MultiPoint"",""coordinates"":[]}"
7_65,30000,51.654313221289,-115.68637953552042,8,189,10,-17,0.05558817249730048,0,0,2025,2025-08,"{""type"":""MultiPoint"",""coordinates"":[]}"
7_66,30000,51.753087085611675,-115.27806569431331,8,189,10,-17,0.0,0,0,2025,2025-08,"{""type"":""MultiPoint"",""coordinates"":[]}"
7_67,30000,51.16720548273678,-118.66193791237481,8,189,10,-17,0.0,0,0,2025,2025-08,"{""type"":""MultiPoint"",""coordinates"":[]}"
7_68,30000,51.27759306306063,-118.26634406707706,8,189,10,-17,0.0,0,0,2025,2025-08,"{""type"":""MultiPoint"",""coordinates"":[]}"
7_69,30000,51.38646725336234,-117.86856999021312,8,189,10,-17,0.0,0,0,2025,2025-08,"{""type"":""MultiPoint"",""coordinates"":[]}"
7_70,30000,51.49381339621175,-117.46862897751716,8,189,10,-17,0.0,0,0,2025,2025-08,"{""type"":""MultiPoint"",""coordinates"":[]}"
7_71,30000,51.59961690801395,-117.0665351552954,8,189,10,-17,0.04388475786960454,0,0,2025,2025-08,"{""type"":""MultiPoint"",""coordinates"":[]}"
7_72,30000,51.7038632850262,-116.66230349053806,8,189,10,-17,0.0,0,0,2025,2025-08,"{""type"":""MultiPoint"",""coordinates"":[]}"
7_73,30000,51.80653810946705,-116.25594980050631,8,189,10,-17,0.0,0,0,2025,2025-08,"{""type"":""MultiPoint"",""coordinates"":[]}"
7_74,30000,51.90762705571357,-115.84749076176345,8,189,10,-17,0.04434221525229829,0,0,2025,2025-08,"{""type"":""MultiPoint"",""coordinates"":[]}"
7_75,30000,51.415174488072545,-118.83981395001108,8,189,10,-17,0.0,0,0,2025,2025-08,"{""type"":""MultiPoint"",""coordinates"":[]}"
7_76,30000,51.52633992333847,-118.44223934378608,8,189,10,-17,0.0,0,0,2025,2025-08,"{""type"":""MultiPoint"",""coordinates"":[]}"
7_77,30000,51.63598467538623,-118.04244594161493,8,189,10,-17,0.0,0,0,2025,2025-08,"{""type"":""MultiPoint"",""coordinates"":[]}"
7_78,30000,51.74409386842318,-117.64044697029324,8,189,10,-17,0.0,0,0,2025,2025-08,"{""type"":""MultiPoint"",""coordinates"":[]}"
7_79,30000,51.85065269930557,-117.2362565076892,8,189,10,-17,0.0,0,0,2025,2025-08,"{""type"":""MultiPoint"",""coordinates"":[]}"
7_80,30000,51.955646443681644,-116.82988949346647,8,189,10,-17,0.0,0,0,2025,2025-08,"{""type"":""MultiPoint"",""coordinates"":[]}"
7_81,30000,52.05906046223179,-116.42136173927166,8,189,10,-17,0.0,0,0,2025,2025-08,"{""type"":""MultiPoint"",""coordinates"":[]}"
7_82,30000,52.16088020700205,-116.01068993835443,8,189,10,-17,0.0,0,0,2025,2025-08,"{""type"":""MultiPoint"",""coordinates"":[]}"
7_83,30000,52.6455628575855,-113.92581729105713,8,189,10,-17,0.0,0,0,2025,2025-08,"{""type"":""MultiPoint"",""coordinates"":[]}"
7_84,30000,51.6630223086243,-119.01992130857953,8,189,10,-17,0.0,0,0,2025,2025-08,"{""type"":""MultiPoint"",""coordinates"":[]}"
7_85,30000,51.88539562440237,-118.21852760402672,8,189,10,-17,0.0,0,0,2025,2025-08,"{""type"":""MultiPoint"",""coordinates"":[]}"
7_86,30000,51.99427522841305,-117.81445659799915,8,189,10,-17,0.0,0,0,2025,2025-08,"{""type"":""MultiPoint"",""coordinates"":[]}"
7_87,30000,52.10159673710142,-117.40815455704802,8,189,10,-17,0.0,0,0,2025,2025-08,"{""type"":""MultiPoint"",""coordinates"":[]}"
7_88,30000,52.20734520139947,-116.99963638331744,8,189,10,-17,0.024864277563830868,0,0,2025,2025-08,"{""type"":""MultiPoint"",""coordinates"":[]}"
7_89,30000,52.311505756254896,-116.58891787321416,8,189,10,-17,0.0,0,0,2025,2025-08,"{""type"":""MultiPoint"",""coordinates"":[]}"
7_90,30000,52.41406362710366,-116.17601572764892,8,189,10,-17,0.0,0,0,2025,2025-08,"{""type"":""MultiPoint"",""coordinates"":[]}"
7_91,30000,52.51500413643668,-115.76094756166395,8,189,10,-17,0.0,0,0,2025,2025-08,"{""type"":""MultiPoint"",""coordinates"":[]}"
7_92,30000,51.79647588324382,-119.6015618392099,8,189,10,-17,0.0,0,0,2025,2025-08,"{""type"":""MultiPoint"",""coordinates"":[]}"
7_93,30000,51.910739044172246,-119.20229929514619,8,189,10,-17,0.0,0,0,2025,2025-08,"{""type"":""MultiPoint"",""coordinates"":[]}"
7_94,30000,52.02348234316083,-118.8007261127026,8,189,10,-17,0.0,0,0,2025,2025-08,"{""type"":""MultiPoint"",""coordinates"":[]}"
7_95,30000,52.244347866743325,-117.99069740788404,8,189,10,-17,0.0,0,0,2025,2025-08,"{""type"":""MultiPoint"",""coordinates"":[]}"
7_96,30000,52.352439512601634,-117.58226888824623,8,189,10,-17,0.0,0,0,2025,2025-08,"{""type"":""MultiPoint"",""coordinates"":[]}"
7_97,30000,52.458950151741966,-117.1715837603088,8,189,10,-17,0.0,0,0,2025,2025-08,"{""type"":""MultiPoint"",""coordinates"":[]}"
7_98,30000,52.56386468909943,-116.75865779499183,8,189,10,-17,0.0,0,0,2025,2025-08,"{""type"":""MultiPoint"",""coordinates"":[]}"
7_99,30000,52.66716811913094,-116.34350769123394,8,189,10,-17,0.0,0,0,2025,2025-08,"{""type"":""MultiPoint"",""coordinates"":[]}"
7_100,30000,52.15831463139495,-119.38698806476872,8,189,10,-17,0.0,0,0,2025,2025-08,"{""type"":""MultiPoint"",""coordinates"":[]}"
7_101,30000,52.27185813044813,-118.98339728066276,8,189,10,-17,0.0,0,0,2025,2025-08,"{""type"":""MultiPoint"",""coordinates"":[]}"
7_102,30000,52.38385910989201,-118.57746688602963,8,189,10,-17,0.0,0,0,2025,2025-08,"{""type"":""MultiPoint"",""coordinates"":[]}"
7_103,30000,52.49430201500574,-118.16920983082106,8,189,10,-17,0.0,0,0,2025,2025-08,"{""type"":""MultiPoint"",""coordinates"":[]}"
7_104,30000,52.60317135958741,-117.7586399806141,8,189,10,-17,0.0,0,0,2025,2025-08,"{""type"":""MultiPoint"",""coordinates"":[]}"
7_105,30000,52.71045173248939,-117.34577212936695,8,189,10,-17,0.0,0,0,2025,2025-08,"{""type"":""MultiPoint"",""coordinates"":[]}"
7_106,30000,52.81612780426741,-116.93062201161017,8,189,10,-17,0.0,0,0,2025,2025-08,"{""type"":""MultiPoint"",""coordinates"":[]}"
7_107,30000,53.415647481881564,-114.39279613532302,8,189,10,-17,0.0,0,0,2025,2025-08,"{""type"":""MultiPoint"",""coordinates"":[]}"
7_108,30000,53.60197441351149,-113.5294665635097,8,189,10,-17,0.0,0,0,2025,2025-08,"{""type"":""MultiPoint"",""coordinates"":[]}"
7_109,30000,52.405738840261776,-119.57402864063553,8,189,10,-17,0.0,0,0,2025,2025-08,"{""type"":""MultiPoint"",""coordinates"":[]}"
7_110,30000,52.520090181185836,-119.16840820955399,8,189,10,-17,0.0,0,0,2025,2025-08,"{""type"":""MultiPoint"",""coordinates"":[]}"
7_111,30000,52.632891744912946,-118.76040611982936,8,189,10,-17,0.0,0,0,2025,2025-08,"{""type"":""MultiPoint"",""coordinates"":[]}"
7_112,30000,52.85378245083254,-117.9373092308009,8,189,10,-17,0.06486184445731846,0,0,2025,2025-08,"{""type"":""MultiPoint"",""coordinates"":[]}"
7_113,30000,52.96184022206535,-117.522242923646,8,189,10,-17,0.0,0,0,2025,2025-08,"{""type"":""MultiPoint"",""coordinates"":[]}"
7_114,30000,52.65300127031511,-119.7634629346544,8,189,10,-17,0.0,0,0,2025,2025-08,"{""type"":""MultiPoint"",""coordinates"":[]}"
7_115,30000,52.76816819377785,-119.35580095112637,8,189,10,-17,0.0,0,0,2025,2025-08,"{""type"":""MultiPoint"",""coordinates"":[]}"
7_116,30000,52.88177809669702,-118.94571433661078,8,189,10,-17,0.0,0,0,2025,2025-08,"{""type"":""MultiPoint"",""coordinates"":[]}"
7_117,30000,52.99381495113538,-118.53321579118975,8,189,10,-17,0.0,0,0,2025,2025-08,"{""type"":""MultiPoint"",""coordinates"":[]}"
7_118,30000,53.10426279439886,-118.11831897622909,8,189,10,-17,0.166067941068231,0,0,2025,2025-08,"{""type"":""MultiPoint"",""coordinates"":[]}"
7_119,30000,53.21310573584495,-117.70103852867418,8,189,10,-17,0.0,0,0,2025,2025-08,"{""type"":""MultiPoint"",""coordinates"":[]}"
7_120,30000,52.90009134683862,-119.95533376849434,8,189,10,-17,0.0,0,0,2025,2025-08,"{""type"":""MultiPoint"",""coordinates"":[]}"
7_121,30000,53.01608169365161,-119.54561848144124,8,189,10,-17,0.0,0,0,2025,2025-08,"{""type"":""MultiPoint"",""coordinates"":[]}"
7_122,30000,53.13050779314373,-119.13343464452662,8,189,10,-17,0.0,0,0,2025,2025-08,"{""type"":""MultiPoint"",""coordinates"":[]}"
7_123,30000,53.243353374368105,-118.7187948110295,8,189,10,-17,0.0,0,0,2025,2025-08,"{""type"":""MultiPoint"",""coordinates"":[]}"
7_124,30000,53.35460222981132,-118.30171251915094,8,189,10,-17,0.5000416142189033,0,0,2025,2025-08,"{""type"":""MultiPoint"",""coordinates"":[]}"
7_125,30000,53.4642382223416,-117.882202307141,8,189,10,-17,0.33336459620655207,0,0,2025,2025-08,"{""type"":""MultiPoint"",""coordinates"":[]}"
7_126,30000,53.26382002930297,-119.73790472317289,8,189,10,-17,0.0,0,0,2025,2025-08,"{""type"":""MultiPoint"",""coordinates"":[]}"
7_127,30000,53.37907028660024,-119.32361111319389,8,189,10,-17,0.0,0,0,2025,2025-08,"{""type"":""MultiPoint"",""coordinates"":[]}"
7_128,30000,53.4927325704762,-118.9068164559419,8,189,10,-17,0.0,0,0,2025,2025-08,"{""type"":""MultiPoint"",""coordinates"":[]}"
7_129,30000,53.51137236821777,-119.93270456841087,8,189,10,-17,0.0,0,0,2025,2025-08,"{""type"":""MultiPoint"",""coordinates"":[]}"
7_130,30000,53.62745484977901,-119.51628879733434,8,189,10,-17,0.0,0,0,2025,2025-08,"{""type"":""MultiPoint"",""coordinates"":[]}"
7_131,30000,53.74194191986209,-119.09732591909331,8,189,10,-17,0.0,0,0,2025,2025-08,"{""type"":""MultiPoint"",""coordinates"":[]}"
7_132,30000,53.87565057154578,-119.71151376096302,8,189,10,-17,0.0,0,0,2025,2025-08,"{""type"":""MultiPoint"",""coordinates"":[]}"
8_0,30000,49.211726206988565,-113.79521825168786,9,167,10,-17,0.0,0,0,2025,2025-09,"{""type"":""MultiPoint"",""coordinates"":[]}"
8_1,30000,49.1833542928276,-115.09718295994307,9,167,10,-17,0.0,0,0,2025,2025-09,"{""type"":""MultiPoint"",""coordinates"":[]}"
8_2,30000,49.27901930836136,-114.71165929494109,9,167,10,-17,0.0,0,0,2025,2025-09,"{""type"":""MultiPoint"",""coordinates"":[]}"
8_3,30000,49.37318130792673,-114.32437301070378,9,167,10,-17,0.0,0,0,2025,2025-09,"{""type"":""MultiPoint"",""coordinates"":[]}"
8_4,30000,49.435496038448015,-115.2451546978652,9,167,10,-17,0.0,0,0,2025,2025-09,"{""type"":""MultiPoint"",""coordinates"":[]}"
8_5,30000,49.531832181579745,-114.85762174558681,9,167,10,-17,0.0,0,0,2025,2025-09,"{""type"":""MultiPoint"",""coordinates"":[]}"
8_6,30000,49.626657128945375,-114.46829522200922,9,167,10,-17,0.0,0,0,2025,2025-09,"{""type"":""MultiPoint"",""coordinates"":[]}"
8_7,30000,49.48910491661279,-116.16851315821037,9,167,10,-17,0.0,0,0,2025,2025-09,"{""type"":""MultiPoint"",""coordinates"":[]}"
8_8,30000,49.68763958973784,-115.39493632672128,9,167,10,-17,0.0,0,0,2025,2025-09,"{""type"":""MultiPoint"",""coordinates"":[]}"
8_9,30000,49.784653252942704,-115.005377882191,9,167,10,-17,0.0,0,0,2025,2025-09,"{""type"":""MultiPoint"",""coordinates"":[]}"
8_10,30000,49.88014751428192,-114.61399422634233,9,167,10,-17,0.0,0,0,2025,2025-09,"{""type"":""MultiPoint"",""coordinates"":[]}"
8_11,30000,49.97410978420308,-114.22080234602352,9,167,10,-17,0.0,0,0,2025,2025-09,"{""type"":""MultiPoint"",""coordinates"":[]}"
8_12,30000,49.63764742530981,-116.71005494498901,9,167,10,-17,0.0,0,0,2025,2025-09,"{""type"":""MultiPoint"",""coordinates"":[]}"
8_13,30000,50.037474588215815,-115.15495934774765,9,167,10,-17,0.0,0,0,2025,2025-09,"{""type"":""MultiPoint"",""coordinates"":[]}"
8_14,30000,50.13364461850168,-114.7615015735015,9,167,10,-17,0.0,0,0,2025,2025-09,"{""type"":""MultiPoint"",""coordinates"":[]}"
8_15,30000,50.22827423457875,-114.36620331788242,9,167,10,-17,0.0,0,0,2025,2025-09,"{""type"":""MultiPoint"",""coordinates"":[]}"
8_16,30000,49.570055481237304,-118.02143560882614,9,167,10,-17,0.0,0,0,2025,2025-09,"{""type"":""MultiPoint"",""coordinates"":[]}"
8_17,30000,49.783250997210715,-117.25546660422468,9,167,10,-17,0.0,0,0,2025,2025-09,"{""type"":""MultiPoint"",""coordinates"":[]}"
8_18,30000,49.887651095363516,-116.8695276003889,9,167,10,-17,0.0,0,0,2025,2025-09,"{""type"":""MultiPoint"",""coordinates"":[]}"
8_19,30000,49.99056816130502,-116.48163670037009,9,167,10,-17,0.0,0,0,2025,2025-09,"{""type"":""MultiPoint"",""coordinates"":[]}"
8_20,30000,50.0919888485373,-116.09180812796657,9,167,10,-17,0.0,0,0,2025,2025-09,"{""type"":""MultiPoint"",""coordinates"":[]}"
8_21,30000,50.29028812901492,-115.30639849113933,9,167,10,-17,0.0,0,0,2025,2025-09,"{""type"":""MultiPoint"",""coordinates"":[]}"
8_22,30000,50.3871404735853,-114.91084952350734,9,167,10,-17,0.0,0,0,2025,2025-09,"{""type"":""MultiPoint"",""coordinates"":[]}"
8_23,30000,50.4824439530322,-114.51342708875744,9,167,10,-17,0.0,0,0,2025,2025-09,"{""type"":""MultiPoint"",""coordinates"":[]}"
8_24,30000,49.92587820738716,-117.80470870536384,9,167,10,-17,0.0,0,0,2025,2025-09,"{""type"":""MultiPoint"",""coordinates"":[]}"
8_25,30000,50.032483572308095,-117.41883015284704,9,167,10,-17,0.0,0,0,2025,2025-09,"{""type"":""MultiPoint"",""coordinates"":[]}"
8_26,30000,50.13761203878164,-117.03095227158914,9,167,10,-17,0.33326134055382717,0,0,2025,2025-09,"{""type"":""MultiPoint"",""coordinates"":[]}"
8_27,30000,50.241249984784275,-116.64108855420758,9,167,10,-17,0.0,0,0,2025,2025-09,"{""type"":""MultiPoint"",""coordinates"":[]}"
8_28,30000,50.343383866819025,-116.24925322862201,9,167,10,-17,0.0,0,0,2025,2025-09,"{""type"":""MultiPoint"",""coordinates"":[]}"
8_29,30000,50.54308569022569,-115.45972838549066,9,167,10,-17,0.11002328268658387,0,0,2025,2025-09,"{""type"":""MultiPoint"",""coordinates"":[]}"
8_30,30000,50.64062698637315,-115.06207106531204,9,167,10,-17,0.0,0,0,2025,2025-09,"{""type"":""MultiPoint"",""coordinates"":[]}"
8_31,30000,50.73661093928278,-114.66250654418486,9,167,10,-17,0.0,0,0,2025,2025-09,"{""type"":""MultiPoint"",""coordinates"":[]}"
8_32,30000,50.065491966951875,-118.35773897757556,9,167,10,-17,0.5478758952601055,0,0,2025,2025-09,"{""type"":""MultiPoint"",""coordinates"":[]}"
8_33,30000,50.1743101025601,-117.971989418857,9,167,10,-17,0.0,0,0,2025,2025-09,"{""type"":""MultiPoint"",""coordinates"":[]}"
8_34,30000,50.28165793766874,-117.58419315144972,9,167,10,-17,0.0,0,0,2025,2025-09,"{""type"":""MultiPoint"",""coordinates"":[]}"
8_35,30000,50.38752157817964,-117.19436290147581,9,167,10,-17,0.0,0,0,2025,2025-09,"{""type"":""MultiPoint"",""coordinates"":[]}"
8_36,30000,50.49188720227741,-116.80251214006081,9,167,10,-17,0.0,0,0,2025,2025-09,"{""type"":""MultiPoint"",""coordinates"":[]}"
8_37,30000,50.59474106588762,-116.40865509175235,9,167,10,-17,0.0,0,0,2025,2025-09,"{""type"":""MultiPoint"",""coordinates"":[]}"
8_38,30000,50.795858957340364,-115.61498284703796,9,167,10,-17,0.0,0,0,2025,2025-09,"{""type"":""MultiPoint"",""coordinates"":[]}"
8_39,30000,50.89409593592701,-115.21519993604544,9,167,10,-17,0.0,0,0,2025,2025-09,"{""type"":""MultiPoint"",""coordinates"":[]}"
8_40,30000,50.990767066942105,-114.81347532239283,9,167,10,-17,0.0526593777232029,0,0,2025,2025-09,"{""type"":""MultiPoint"",""coordinates"":[]}"
8_41,30000,51.179358814627726,-114.00427418469191,9,167,10,-17,0.0,0,0,2025,2025-09,"{""type"":""MultiPoint"",""coordinates"":[]}"
8_42,30000,50.42266798649277,-118.14131696374228,9,167,10,-17,0.0,0,0,2025,2025-09,"{""type"":""MultiPoint"",""coordinates"":[]}"
8_43,30000,50.53076518900706,-117.7515902567983,9,167,10,-17,0.0,0,0,2025,2025-09,"{""type"":""MultiPoint"",""coordinates"":[]}"
8_44,30000,50.63737089809243,-117.35979416838663,9,167,10,-17,0.0,0,0,2025,2025-09,"{""type"":""MultiPoint"",""coordinates"":[]}"
8_45,30000,50.74247108856541,-116.96594213971807,9,167,10,-17,0.0,0,0,2025,2025-09,"{""type"":""MultiPoint"",""coordinates"":[]}"
8_46,30000,50.84605181212518,-116.57004838400321,9,167,10,-17,0.0,0,0,2025,2025-09,"{""type"":""MultiPoint"",""coordinates"":[]}"
8_47,30000,50.948099203006215,-116.17212789491009,9,167,10,-17,0.0,0,0,2025,2025-09,"{""type"":""MultiPoint"",""coordinates"":[]}"
8_48,30000,51.048599483709026,-115.77219645452821,9,167,10,-17,0.0,0,0,2025,2025-09,"{""type"":""MultiPoint"",""coordinates"":[]}"
8_49,30000,51.147538970805876,-115.3702706408128,9,167,10,-17,0.0,0,0,2025,2025-09,"{""type"":""MultiPoint"",""coordinates"":[]}"
8_50,30000,51.24490408081719,-114.9663678344825,9,167,10,-17,0.0,0,0,2025,2025-09,"{""type"":""MultiPoint"",""coordinates"":[]}"
8_51,30000,50.67094272398514,-118.31272669386064,9,167,10,-17,0.0,0,0,2025,2025-09,"{""type"":""MultiPoint"",""coordinates"":[]}"
8_52,30000,50.779796279715256,-117.92105687080597,9,167,10,-17,0.0,0,0,2025,2025-09,"{""type"":""MultiPoint"",""coordinates"":[]}"
8_53,30000,50.88715104206652,-117.52728150423397,9,167,10,-17,0.0,0,0,2025,2025-09,"{""type"":""MultiPoint"",""coordinates"":[]}"
8_54,30000,50.99299277884312,-117.13141399651155,9,167,10,-17,0.0,0,0,2025,2025-09,"{""type"":""MultiPoint"",""coordinates"":[]}"
8_55,30000,51.097307333797374,-116.73346854105039,9,167,10,-17,0.0,0,0,2025,2025-09,"{""type"":""MultiPoint"",""coordinates"":[]}"
8_56,30000,51.20008063240146,-116.33346013128742,9,167,10,-17,0.0,0,0,2025,2025-09,"{""type"":""MultiPoint"",""coordinates"":[]}"
8_57,30000,51.30129868770186,-115.93140456916186,9,167,10,-17,0.0,0,0,2025,2025-09,"{""type"":""MultiPoint"",""coordinates"":[]}"
8_58,30000,51.4009476062527,-115.52731847305982,9,167,10,-17,0.0,0,0,2025,2025-09,"{""type"":""MultiPoint"",""coordinates"":[]}"
8_59,30000,51.49901359412451,-115.12121928519963,9,167,10,-17,0.0,0,0,2025,2025-09,"{""type"":""MultiPoint"",""coordinates"":[]}"
8_60,30000,50.80801646785581,-118.87772523445169,9,167,10,-17,0.0,0,0,2025,2025-09,"{""type"":""MultiPoint"",""coordinates"":[]}"
8_61,30000,50.91912503323592,-118.48625471690103,9,167,10,-17,0.0,0,0,2025,2025-09,"{""type"":""MultiPoint"",""coordinates"":[]}"
8_62,30000,51.028742017855585,-118.09262915860808,9,167,10,-17,0.0,0,0,2025,2025-09,"{""type"":""MultiPoint"",""coordinates"":[]}"
8_63,30000,51.13685290966212,-117.6968611130857,9,167,10,-17,0.0,0,0,2025,2025-09,"{""type"":""MultiPoint"",""coordinates"":[]}"
8_64,30000,51.243443265734115,-117.29896393439542,9,167,10,-17,0.0,0,0,2025,2025-09,"{""type"":""MultiPoint"",""coordinates"":[]}"
8_65,30000,51.348498718083775,-116.89895178716442,9,167,10,-17,0.0,0,0,2025,2025-09,"{""type"":""MultiPoint"",""coordinates"":[]}"
8_66,30000,51.45200497955007,-116.49683965611742,9,167,10,-17,0.0,0,0,2025,2025-09,"{""type"":""MultiPoint"",""coordinates"":[]}"
8_67,30000,51.55394784977931,-116.09264335509364,9,167,10,-17,0.0,0,0,2025,2025-09,"{""type"":""MultiPoint"",""coordinates"":[]}"
8_68,30000,51.654313221289,-115.68637953552042,9,167,10,-17,0.0,0,0,2025,2025-09,"{""type"":""MultiPoint"",""coordinates"":[]}"
8_69,30000,51.753087085611675,-115.27806569431331,9,167,10,-17,0.0,0,0,2025,2025-09,"{""type"":""MultiPoint"",""coordinates"":[]}"
8_70,30000,52.65029441284732,-111.08664255426181,9,167,10,-17,0.0,0,0,2025,2025-09,"{""type"":""MultiPoint"",""coordinates"":[]}"
8_71,30000,51.16720548273678,-118.66193791237481,9,167,10,-17,0.0,0,0,2025,2025-09,"{""type"":""MultiPoint"",""coordinates"":[]}"
8_72,30000,51.27759306306063,-118.26634406707706,9,167,10,-17,0.0,0,0,2025,2025-09,"{""type"":""MultiPoint"",""coordinates"":[]}"
8_73,30000,51.38646725336234,-117.86856999021312,9,167,10,-17,0.0,0,0,2025,2025-09,"{""type"":""MultiPoint"",""coordinates"":[]}"
8_74,30000,51.49381339621175,-117.46862897751716,9,167,10,-17,0.0,0,0,2025,2025-09,"{""type"":""MultiPoint"",""coordinates"":[]}"
8_75,30000,51.59961690801395,-117.0665351552954,9,167,10,-17,0.0,0,0,2025,2025-09,"{""type"":""MultiPoint"",""coordinates"":[]}"
8_76,30000,51.7038632850262,-116.66230349053806,9,167,10,-17,0.0,0,0,2025,2025-09,"{""type"":""MultiPoint"",""coordinates"":[]}"
8_77,30000,51.80653810946705,-116.25594980050631,9,167,10,-17,0.0,0,0,2025,2025-09,"{""type"":""MultiPoint"",""coordinates"":[]}"
8_78,30000,51.90762705571357,-115.84749076176345,9,167,10,-17,0.0,0,0,2025,2025-09,"{""type"":""MultiPoint"",""coordinates"":[]}"
8_79,30000,51.415174488072545,-118.83981395001108,9,167,10,-17,0.0,0,0,2025,2025-09,"{""type"":""MultiPoint"",""coordinates"":[]}"
8_80,30000,51.52633992333847,-118.44223934378608,9,167,10,-17,0.0,0,0,2025,2025-09,"{""type"":""MultiPoint"",""coordinates"":[]}"
8_81,30000,51.63598467538623,-118.04244594161493,9,167,10,-17,0.0,0,0,2025,2025-09,"{""type"":""MultiPoint"",""coordinates"":[]}"
8_82,30000,51.74409386842318,-117.64044697029324,9,167,10,-17,0.0,0,0,2025,2025-09,"{""type"":""MultiPoint"",""coordinates"":[]}"
8_83,30000,51.85065269930557,-117.2362565076892,9,167,10,-17,0.0,0,0,2025,2025-09,"{""type"":""MultiPoint"",""coordinates"":[]}"
8_84,30000,51.955646443681644,-116.82988949346647,9,167,10,-17,0.0,0,0,2025,2025-09,"{""type"":""MultiPoint"",""coordinates"":[]}"
8_85,30000,52.05906046223179,-116.42136173927166,9,167,10,-17,0.0,0,0,2025,2025-09,"{""type"":""MultiPoint"",""coordinates"":[]}"
8_86,30000,52.6455628575855,-113.92581729105713,9,167,10,-17,0.0,0,0,2025,2025-09,"{""type"":""MultiPoint"",""coordinates"":[]}"
8_87,30000,51.6630223086243,-119.01992130857953,9,167,10,-17,0.0,0,0,2025,2025-09,"{""type"":""MultiPoint"",""coordinates"":[]}"
8_88,30000,51.77497295177934,-118.6203535564288,9,167,10,-17,0.0,0,0,2025,2025-09,"{""type"":""MultiPoint"",""coordinates"":[]}"
8_89,30000,51.88539562440237,-118.21852760402672,9,167,10,-17,0.0,0,0,2025,2025-09,"{""type"":""MultiPoint"",""coordinates"":[]}"
8_90,30000,51.99427522841305,-117.81445659799915,9,167,10,-17,0.0,0,0,2025,2025-09,"{""type"":""MultiPoint"",""coordinates"":[]}"
8_91,30000,52.10159673710142,-117.40815455704802,9,167,10,-17,0.0,0,0,2025,2025-09,"{""type"":""MultiPoint"",""coordinates"":[]}"
8_92,30000,52.20734520139947,-116.99963638331744,9,167,10,-17,0.0,0,0,2025,2025-09,"{""type"":""MultiPoint"",""coordinates"":[]}"
8_93,30000,52.311505756254896,-116.58891787321416,9,167,10,-17,0.0,0,0,2025,2025-09,"{""type"":""MultiPoint"",""coordinates"":[]}"
8_94,30000,51.910739044172246,-119.20229929514619,9,167,10,-17,0.0,0,0,2025,2025-09,"{""type"":""MultiPoint"",""coordinates"":[]}"
8_95,30000,52.02348234316083,-118.8007261127026,9,167,10,-17,0.0,0,0,2025,2025-09,"{""type"":""MultiPoint"",""coordinates"":[]}"
8_96,30000,52.13469039213968,-118.3968544654242,9,167,10,-17,0.0,0,0,2025,2025-09,"{""type"":""MultiPoint"",""coordinates"":[]}"
8_97,30000,52.244347866743325,-117.99069740788404,9,167,10,-17,0.0,0,0,2025,2025-09,"{""type"":""MultiPoint"",""coordinates"":[]}"
8_98,30000,52.352439512601634,-117.58226888824623,9,167,10,-17,0.0,0,0,2025,2025-09,"{""type"":""MultiPoint"",""coordinates"":[]}"
8_99,30000,52.458950151741966,-117.1715837603088,9,167,10,-17,0.0,0,0,2025,2025-09,"{""type"":""MultiPoint"",""coordinates"":[]}"
8_100,30000,52.56386468909943,-116.75865779499183,9,167,10,-17,0.1470772223356035,0,0,2025,2025-09,"{""type"":""MultiPoint"",""coordinates"":[]}"
8_101,30000,52.15831463139495,-119.38698806476872,9,167,10,-17,0.0,0,0,2025,2025-09,"{""type"":""MultiPoint"",""coordinates"":[]}"
8_102,30000,52.27185813044813,-118.98339728066276,9,167,10,-17,0.0,0,0,2025,2025-09,"{""type"":""MultiPoint"",""coordinates"":[]}"
8_103,30000,52.38385910989201,-118.57746688602963,9,167,10,-17,0.0,0,0,2025,2025-09,"{""type"":""MultiPoint"",""coordinates"":[]}"
8_104,30000,52.49430201500574,-118.16920983082106,9,167,10,-17,0.0,0,0,2025,2025-09,"{""type"":""MultiPoint"",""coordinates"":[]}"
8_105,30000,52.60317135958741,-117.7586399806141,9,167,10,-17,0.0,0,0,2025,2025-09,"{""type"":""MultiPoint"",""coordinates"":[]}"
8_106,30000,52.71045173248939,-117.34577212936695,9,167,10,-17,0.0,0,0,2025,2025-09,"{""type"":""MultiPoint"",""coordinates"":[]}"
8_107,30000,52.81612780426741,-116.93062201161017,9,167,10,-17,0.0,0,0,2025,2025-09,"{""type"":""MultiPoint"",""coordinates"":[]}"
8_108,30000,53.60197441351149,-113.5294665635097,9,167,10,-17,0.0,0,0,2025,2025-09,"{""type"":""MultiPoint"",""coordinates"":[]}"
8_109,30000,52.405738840261776,-119.57402864063553,9,167,10,-17,0.0,0,0,2025,2025-09,"{""type"":""MultiPoint"",""coordinates"":[]}"
8_110,30000,52.520090181185836,-119.16840820955399,9,167,10,-17,0.0,0,0,2025,2025-09,"{""type"":""MultiPoint"",""coordinates"":[]}"
8_111,30000,52.632891744912946,-118.76040611982936,9,167,10,-17,0.0,0,0,2025,2025-09,"{""type"":""MultiPoint"",""coordinates"":[]}"
8_112,30000,52.744127742223,-118.3500352035024,9,167,10,-17,0.0,0,0,2025,2025-09,"{""type"":""MultiPoint"",""coordinates"":[]}"
8_113,30000,52.85378245083254,-117.9373092308009,9,167,10,-17,0.0,0,0,2025,2025-09,"{""type"":""MultiPoint"",""coordinates"":[]}"
8_114,30000,52.96184022206535,-117.522242923646,9,167,10,-17,0.0,0,0,2025,2025-09,"{""type"":""MultiPoint"",""coordinates"":[]}"
8_115,30000,52.65300127031511,-119.7634629346544,9,167,10,-17,0.0,0,0,2025,2025-09,"{""type"":""MultiPoint"",""coordinates"":[]}"
8_116,30000,52.76816819377785,-119.35580095112637,9,167,10,-17,0.0,0,0,2025,2025-09,"{""type"":""MultiPoint"",""coordinates"":[]}"
8_117,30000,52.88177809669702,-118.94571433661078,9,167,10,-17,0.0,0,0,2025,2025-09,"{""type"":""MultiPoint"",""coordinates"":[]}"
8_118,30000,52.99381495113538,-118.53321579118975,9,167,10,-17,0.0,0,0,2025,2025-09,"{""type"":""MultiPoint"",""coordinates"":[]}"
8_119,30000,53.10426279439886,-118.11831897622909,9,167,10,-17,0.0,0,0,2025,2025-09,"{""type"":""MultiPoint"",""coordinates"":[]}"
8_120,30000,53.21310573584495,-117.70103852867418,9,167,10,-17,0.0,0,0,2025,2025-09,"{""type"":""MultiPoint"",""coordinates"":[]}"
8_121,30000,52.90009134683862,-119.95533376849434,9,167,10,-17,0.0,0,0,2025,2025-09,"{""type"":""MultiPoint"",""coordinates"":[]}"
8_122,30000,53.01608169365161,-119.54561848144124,9,167,10,-17,0.0,0,0,2025,2025-09,"{""type"":""MultiPoint"",""coordinates"":[]}"
8_123,30000,53.13050779314373,-119.13343464452662,9,167,10,-17,0.0,0,0,2025,2025-09,"{""type"":""MultiPoint"",""coordinates"":[]}"
8_124,30000,53.243353374368105,-118.7187948110295,9,167,10,-17,0.0,0,0,2025,2025-09,"{""type"":""MultiPoint"",""coordinates"":[]}"
8_125,30000,53.35460222981132,-118.30171251915094,9,167,10,-17,0.0,0,0,2025,2025-09,"{""type"":""MultiPoint"",""coordinates"":[]}"
8_126,30000,53.4642382223416,-117.882202307141,9,167,10,-17,0.0,0,0,2025,2025-09,"{""type"":""MultiPoint"",""coordinates"":[]}"
8_127,30000,53.26382002930297,-119.73790472317289,9,167,10,-17,0.0,0,0,2025,2025-09,"{""type"":""MultiPoint"",""coordinates"":[]}"
8_128,30000,53.37907028660024,-119.32361111319389,9,167,10,-17,0.0,0,0,2025,2025-09,"{""type"":""MultiPoint"",""coordinates"":[]}"
8_129,30000,53.4927325704762,-118.9068164559419,9,167,10,-17,0.0,0,0,2025,2025-09,"{""type"":""MultiPoint"",""coordinates"":[]}"
8_130,30000,53.604790424108764,-118.48753415131917,9,167,10,-17,0.0,0,0,2025,2025-09,"{""type"":""MultiPoint"",""coordinates"":[]}"
8_131,30000,53.51137236821777,-119.93270456841087,9,167,10,-17,0.0,0,0,2025,2025-09,"{""type"":""MultiPoint"",""coordinates"":[]}"
8_132,30000,53.62745484977901,-119.51628879733434,9,167,10,-17,0.0,0,0,2025,2025-09,"{""type"":""MultiPoint"",""coordinates"":[]}"
8_133,30000,53.74194191986209,-119.09732591909331,9,167,10,-17,0.0,0,0,2025,2025-09,"{""type"":""MultiPoint"",""coordinates"":[]}"
8_134,30000,53.87565057154578,-119.71151376096302,9,167,10,-17,0.3092294166626622,0,0,2025,2025-09,"{""type"":""MultiPoint"",""coordinates"":[]}"
9_0,30000,49.1833542928276,-115.09718295994307,10,188,10,-17,0.0,0,0,2025,2025-10,"{""type"":""MultiPoint"",""coordinates"":[]}"
9_1,30000,49.27901930836136,-114.71165929494109,10,188,10,-17,0.0,0,0,2025,2025-10,"{""type"":""MultiPoint"",""coordinates"":[]}"
9_2,30000,49.37318130792673,-114.32437301070378,10,188,10,-17,0.0,0,0,2025,2025-10,"{""type"":""MultiPoint"",""coordinates"":[]}"
9_3,30000,49.13754594127269,-116.3968334816952,10,188,10,-17,0.0,0,0,2025,2025-10,"{""type"":""MultiPoint"",""coordinates"":[]}"
9_4,30000,49.23834027352261,-116.01477574902673,10,188,10,-17,0.0,0,0,2025,2025-10,"{""type"":""MultiPoint"",""coordinates"":[]}"
9_5,30000,49.435496038448015,-115.2451546978652,10,188,10,-17,0.0,0,0,2025,2025-10,"{""type"":""MultiPoint"",""coordinates"":[]}"
9_6,30000,49.531832181579745,-114.85762174558681,10,188,10,-17,0.0,0,0,2025,2025-10,"{""type"":""MultiPoint"",""coordinates"":[]}"
9_7,30000,49.626657128945375,-114.46829522200922,10,188,10,-17,0.0,0,0,2025,2025-10,"{""type"":""MultiPoint"",""coordinates"":[]}"
9_8,30000,49.38760957074548,-116.5525010802803,10,188,10,-17,0.0,0,0,2025,2025-10,"{""type"":""MultiPoint"",""coordinates"":[]}"
9_9,30000,49.48910491661279,-116.16851315821037,10,188,10,-17,0.17911172442330334,0,0,2025,2025-10,"{""type"":""MultiPoint"",""coordinates"":[]}"
9_10,30000,49.58911921540591,-115.78265327880608,10,188,10,-17,0.0,0,0,2025,2025-10,"{""type"":""MultiPoint"",""coordinates"":[]}"
9_11,30000,49.68763958973784,-115.39493632672128,10,188,10,-17,0.0,0,0,2025,2025-10,"{""type"":""MultiPoint"",""coordinates"":[]}"
9_12,30000,49.784653252942704,-115.005377882191,10,188,10,-17,0.0,0,0,2025,2025-10,"{""type"":""MultiPoint"",""coordinates"":[]}"
9_13,30000,49.88014751428192,-114.61399422634233,10,188,10,-17,0.0,0,0,2025,2025-10,"{""type"":""MultiPoint"",""coordinates"":[]}"
9_14,30000,49.63764742530981,-116.71005494498901,10,188,10,-17,0.0,0,0,2025,2025-10,"{""type"":""MultiPoint"",""coordinates"":[]}"
9_15,30000,49.739850320366976,-116.3241226397088,10,188,10,-17,0.0,0,0,2025,2025-10,"{""type"":""MultiPoint"",""coordinates"":[]}"
9_16,30000,49.84056450942228,-115.93628587311412,10,188,10,-17,0.0,0,0,2025,2025-10,"{""type"":""MultiPoint"",""coordinates"":[]}"
9_17,30000,49.93977692455961,-115.54655956485155,10,188,10,-17,0.0,0,0,2025,2025-10,"{""type"":""MultiPoint"",""coordinates"":[]}"
9_18,30000,50.037474588215815,-115.15495934774765,10,188,10,-17,0.0,0,0,2025,2025-10,"{""type"":""MultiPoint"",""coordinates"":[]}"
9_19,30000,50.13364461850168,-114.7615015735015,10,188,10,-17,0.0,0,0,2025,2025-10,"{""type"":""MultiPoint"",""coordinates"":[]}"
9_20,30000,49.01206185034566,-119.90134047145526,10,188,10,-17,0.0,0,0,2025,2025-10,"{""type"":""MultiPoint"",""coordinates"":[]}"
9_21,30000,49.783250997210715,-117.25546660422468,10,188,10,-17,0.0,0,0,2025,2025-10,"{""type"":""MultiPoint"",""coordinates"":[]}"
9_22,30000,49.887651095363516,-116.8695276003889,10,188,10,-17,0.0,0,0,2025,2025-10,"{""type"":""MultiPoint"",""coordinates"":[]}"
9_23,30000,49.99056816130502,-116.48163670037009,10,188,10,-17,0.0,0,0,2025,2025-10,"{""type"":""MultiPoint"",""coordinates"":[]}"
9_24,30000,50.0919888485373,-116.09180812796657,10,188,10,-17,0.0,0,0,2025,2025-10,"{""type"":""MultiPoint"",""coordinates"":[]}"
9_25,30000,50.191899895113906,-115.7000568316489,10,188,10,-17,0.0,0,0,2025,2025-10,"{""type"":""MultiPoint"",""coordinates"":[]}"
9_26,30000,50.29028812901492,-115.30639849113933,10,188,10,-17,0.0,0,0,2025,2025-10,"{""type"":""MultiPoint"",""coordinates"":[]}"
9_27,30000,50.3871404735853,-114.91084952350734,10,188,10,-17,0.0,0,0,2025,2025-10,"{""type"":""MultiPoint"",""coordinates"":[]}"
9_28,30000,50.4824439530322,-114.51342708875744,10,188,10,-17,0.0,0,0,2025,2025-10,"{""type"":""MultiPoint"",""coordinates"":[]}"
9_29,30000,49.92587820738716,-117.80470870536384,10,188,10,-17,0.0,0,0,2025,2025-10,"{""type"":""MultiPoint"",""coordinates"":[]}"
9_30,30000,50.13761203878164,-117.03095227158914,10,188,10,-17,0.0,0,0,2025,2025-10,"{""type"":""MultiPoint"",""coordinates"":[]}"
9_31,30000,50.241249984784275,-116.64108855420758,10,188,10,-17,0.0,0,0,2025,2025-10,"{""type"":""MultiPoint"",""coordinates"":[]}"
9_32,30000,50.343383866819025,-116.24925322862201,10,188,10,-17,0.0,0,0,2025,2025-10,"{""type"":""MultiPoint"",""coordinates"":[]}"
9_33,30000,50.444000225336374,-115.8554612655433,10,188,10,-17,0.0,0,0,2025,2025-10,"{""type"":""MultiPoint"",""coordinates"":[]}"
9_34,30000,50.54308569022569,-115.45972838549066,10,188,10,-17,0.0,0,0,2025,2025-10,"{""type"":""MultiPoint"",""coordinates"":[]}"
9_35,30000,50.64062698637315,-115.06207106531204,10,188,10,-17,0.03568062970566228,0,0,2025,2025-10,"{""type"":""MultiPoint"",""coordinates"":[]}"
9_36,30000,50.73661093928278,-114.66250654418486,10,188,10,-17,0.0,0,0,2025,2025-10,"{""type"":""MultiPoint"",""coordinates"":[]}"
9_37,30000,50.28165793766874,-117.58419315144972,10,188,10,-17,0.0,0,0,2025,2025-10,"{""type"":""MultiPoint"",""coordinates"":[]}"
9_38,30000,50.38752157817964,-117.19436290147581,10,188,10,-17,0.0,0,0,2025,2025-10,"{""type"":""MultiPoint"",""coordinates"":[]}"
9_39,30000,50.49188720227741,-116.80251214006081,10,188,10,-17,0.0,0,0,2025,2025-10,"{""type"":""MultiPoint"",""coordinates"":[]}"
9_40,30000,50.59474106588762,-116.40865509175235,10,188,10,-17,0.0,0,0,2025,2025-10,"{""type"":""MultiPoint"",""coordinates"":[]}"
9_41,30000,50.69606950821239,-116.01280674248096,10,188,10,-17,0.0,0,0,2025,2025-10,"{""type"":""MultiPoint"",""coordinates"":[]}"
9_42,30000,50.795858957340364,-115.61498284703796,10,188,10,-17,0.0,0,0,2025,2025-10,"{""type"":""MultiPoint"",""coordinates"":[]}"
9_43,30000,50.89409593592701,-115.21519993604544,10,188,10,-17,0.0,0,0,2025,2025-10,"{""type"":""MultiPoint"",""coordinates"":[]}"
9_44,30000,50.990767066942105,-114.81347532239283,10,188,10,-17,0.0,0,0,2025,2025-10,"{""type"":""MultiPoint"",""coordinates"":[]}"
9_45,30000,51.179358814627726,-114.00427418469191,10,188,10,-17,0.0,0,0,2025,2025-10,"{""type"":""MultiPoint"",""coordinates"":[]}"
9_46,30000,50.42266798649277,-118.14131696374228,10,188,10,-17,0.0,0,0,2025,2025-10,"{""type"":""MultiPoint"",""coordinates"":[]}"
9_47,30000,50.53076518900706,-117.7515902567983,10,188,10,-17,1.0,0,0,2025,2025-10,"{""type"":""MultiPoint"",""coordinates"":[]}"
9_48,30000,50.63737089809243,-117.35979416838663,10,188,10,-17,0.005949484078153038,0,0,2025,2025-10,"{""type"":""MultiPoint"",""coordinates"":[]}"
9_49,30000,50.74247108856541,-116.96594213971807,10,188,10,-17,0.0,0,0,2025,2025-10,"{""type"":""MultiPoint"",""coordinates"":[]}"
9_50,30000,50.84605181212518,-116.57004838400321,10,188,10,-17,0.05124516122967021,0,0,2025,2025-10,"{""type"":""MultiPoint"",""coordinates"":[]}"
9_51,30000,50.948099203006215,-116.17212789491009,10,188,10,-17,0.12502698910101756,0,0,2025,2025-10,"{""type"":""MultiPoint"",""coordinates"":[]}"
9_52,30000,51.048599483709026,-115.77219645452821,10,188,10,-17,0.0,0,0,2025,2025-10,"{""type"":""MultiPoint"",""coordinates"":[]}"
9_53,30000,51.147538970805876,-115.3702706408128,10,188,10,-17,0.0,0,0,2025,2025-10,"{""type"":""MultiPoint"",""coordinates"":[]}"
9_54,30000,51.24490408081719,-114.9663678344825,10,188,10,-17,0.0,0,0,2025,2025-10,"{""type"":""MultiPoint"",""coordinates"":[]}"
9_55,30000,50.67094272398514,-118.31272669386064,10,188,10,-17,0.0,0,0,2025,2025-10,"{""type"":""MultiPoint"",""coordinates"":[]}"
9_56,30000,50.779796279715256,-117.92105687080597,10,188,10,-17,0.0,0,0,2025,2025-10,"{""type"":""MultiPoint"",""coordinates"":[]}"
9_57,30000,50.88715104206652,-117.52728150423397,10,188,10,-17,0.0,0,0,2025,2025-10,"{""type"":""MultiPoint"",""coordinates"":[]}"
9_58,30000,50.99299277884312,-117.13141399651155,10,188,10,-17,0.0,0,0,2025,2025-10,"{""type"":""MultiPoint"",""coordinates"":[]}"
9_59,30000,51.097307333797374,-116.73346854105039,10,188,10,-17,0.0,0,0,2025,2025-10,"{""type"":""MultiPoint"",""coordinates"":[]}"
9_60,30000,51.20008063240146,-116.33346013128742,10,188,10,-17,0.0,0,0,2025,2025-10,"{""type"":""MultiPoint"",""coordinates"":[]}"
9_61,30000,51.30129868770186,-115.93140456916186,10,188,10,-17,0.0,0,0,2025,2025-10,"{""type"":""MultiPoint"",""coordinates"":[]}"
9_62,30000,51.4009476062527,-115.52731847305982,10,188,10,-17,0.0,0,0,2025,2025-10,"{""type"":""MultiPoint"",""coordinates"":[]}"
9_63,30000,50.80801646785581,-118.87772523445169,10,188,10,-17,0.0,0,0,2025,2025-10,"{""type"":""MultiPoint"",""coordinates"":[]}"
9_64,30000,51.028742017855585,-118.09262915860808,10,188,10,-17,0.0,0,0,2025,2025-10,"{""type"":""MultiPoint"",""coordinates"":[]}"
9_65,30000,51.13685290966212,-117.6968611130857,10,188,10,-17,0.0,0,0,2025,2025-10,"{""type"":""MultiPoint"",""coordinates"":[]}"
9_66,30000,51.243443265734115,-117.29896393439542,10,188,10,-17,0.0,0,0,2025,2025-10,"{""type"":""MultiPoint"",""coordinates"":[]}"
9_67,30000,51.348498718083775,-116.89895178716442,10,188,10,-17,0.0,0,0,2025,2025-10,"{""type"":""MultiPoint"",""coordinates"":[]}"
9_68,30000,51.45200497955007,-116.49683965611742,10,188,10,-17,0.0,0,0,2025,2025-10,"{""type"":""MultiPoint"",""coordinates"":[]}"
9_69,30000,51.55394784977931,-116.09264335509364,10,188,10,-17,0.0,0,0,2025,2025-10,"{""type"":""MultiPoint"",""coordinates"":[]}"
9_70,30000,51.654313221289,-115.68637953552042,10,188,10,-17,0.07503197614831415,0,0,2025,2025-10,"{""type"":""MultiPoint"",""coordinates"":[]}"
9_71,30000,51.753087085611675,-115.27806569431331,10,188,10,-17,0.0,0,0,2025,2025-10,"{""type"":""MultiPoint"",""coordinates"":[]}"
9_72,30000,50.9419491154897,-119.44653581409463,10,188,10,-17,0.0,0,0,2025,2025-10,"{""type"":""MultiPoint"",""coordinates"":[]}"
9_73,30000,51.16720548273678,-118.66193791237481,10,188,10,-17,0.0,0,0,2025,2025-10,"{""type"":""MultiPoint"",""coordinates"":[]}"
9_74,30000,51.27759306306063,-118.26634406707706,10,188,10,-17,0.0,0,0,2025,2025-10,"{""type"":""MultiPoint"",""coordinates"":[]}"
9_75,30000,51.38646725336234,-117.86856999021312,10,188,10,-17,0.0,0,0,2025,2025-10,"{""type"":""MultiPoint"",""coordinates"":[]}"
9_76,30000,51.49381339621175,-117.46862897751716,10,188,10,-17,0.0,0,0,2025,2025-10,"{""type"":""MultiPoint"",""coordinates"":[]}"
9_77,30000,51.59961690801395,-117.0665351552954,10,188,10,-17,0.0,0,0,2025,2025-10,"{""type"":""MultiPoint"",""coordinates"":[]}"
9_78,30000,51.7038632850262,-116.66230349053806,10,188,10,-17,0.0,0,0,2025,2025-10,"{""type"":""MultiPoint"",""coordinates"":[]}"
9_79,30000,51.80653810946705,-116.25594980050631,10,188,10,-17,0.0,0,0,2025,2025-10,"{""type"":""MultiPoint"",""coordinates"":[]}"
9_80,30000,51.90762705571357,-115.84749076176345,10,188,10,-17,1.7228381589635068E-5,0,0,2025,2025-10,"{""type"":""MultiPoint"",""coordinates"":[]}"
9_81,30000,51.63598467538623,-118.04244594161493,10,188,10,-17,0.0,0,0,2025,2025-10,"{""type"":""MultiPoint"",""coordinates"":[]}"
9_82,30000,51.74409386842318,-117.64044697029324,10,188,10,-17,0.0,0,0,2025,2025-10,"{""type"":""MultiPoint"",""coordinates"":[]}"
9_83,30000,51.85065269930557,-117.2362565076892,10,188,10,-17,0.0,0,0,2025,2025-10,"{""type"":""MultiPoint"",""coordinates"":[]}"
9_84,30000,51.955646443681644,-116.82988949346647,10,188,10,-17,0.0,0,0,2025,2025-10,"{""type"":""MultiPoint"",""coordinates"":[]}"
9_85,30000,52.05906046223179,-116.42136173927166,10,188,10,-17,0.030797155704075787,0,0,2025,2025-10,"{""type"":""MultiPoint"",""coordinates"":[]}"
9_86,30000,52.16088020700205,-116.01068993835443,10,188,10,-17,0.0,0,0,2025,2025-10,"{""type"":""MultiPoint"",""coordinates"":[]}"
9_87,30000,52.6455628575855,-113.92581729105713,10,188,10,-17,0.0,0,0,2025,2025-10,"{""type"":""MultiPoint"",""coordinates"":[]}"
9_88,30000,51.6630223086243,-119.01992130857953,10,188,10,-17,0.0,0,0,2025,2025-10,"{""type"":""MultiPoint"",""coordinates"":[]}"
9_89,30000,51.88539562440237,-118.21852760402672,10,188,10,-17,0.0,0,0,2025,2025-10,"{""type"":""MultiPoint"",""coordinates"":[]}"
9_90,30000,51.99427522841305,-117.81445659799915,10,188,10,-17,0.0,0,0,2025,2025-10,"{""type"":""MultiPoint"",""coordinates"":[]}"
9_91,30000,52.10159673710142,-117.40815455704802,10,188,10,-17,0.0,0,0,2025,2025-10,"{""type"":""MultiPoint"",""coordinates"":[]}"
9_92,30000,52.20734520139947,-116.99963638331744,10,188,10,-17,0.0,0,0,2025,2025-10,"{""type"":""MultiPoint"",""coordinates"":[]}"
9_93,30000,52.311505756254896,-116.58891787321416,10,188,10,-17,0.026501674989939626,0,0,2025,2025-10,"{""type"":""MultiPoint"",""coordinates"":[]}"
9_94,30000,52.41406362710366,-116.17601572764892,10,188,10,-17,0.0,0,0,2025,2025-10,"{""type"":""MultiPoint"",""coordinates"":[]}"
9_95,30000,52.02348234316083,-118.8007261127026,10,188,10,-17,0.0,0,0,2025,2025-10,"{""type"":""MultiPoint"",""coordinates"":[]}"
9_96,30000,52.244347866743325,-117.99069740788404,10,188,10,-17,0.0,0,0,2025,2025-10,"{""type"":""MultiPoint"",""coordinates"":[]}"
9_97,30000,52.352439512601634,-117.58226888824623,10,188,10,-17,0.0,0,0,2025,2025-10,"{""type"":""MultiPoint"",""coordinates"":[]}"
9_98,30000,52.458950151741966,-117.1715837603088,10,188,10,-17,0.0,0,0,2025,2025-10,"{""type"":""MultiPoint"",""coordinates"":[]}"
9_99,30000,52.56386468909943,-116.75865779499183,10,188,10,-17,0.0,0,0,2025,2025-10,"{""type"":""MultiPoint"",""coordinates"":[]}"
9_100,30000,52.66716811913094,-116.34350769123394,10,188,10,-17,0.0,0,0,2025,2025-10,"{""type"":""MultiPoint"",""coordinates"":[]}"
9_101,30000,52.15831463139495,-119.38698806476872,10,188,10,-17,0.0,0,0,2025,2025-10,"{""type"":""MultiPoint"",""coordinates"":[]}"
9_102,30000,52.27185813044813,-118.98339728066276,10,188,10,-17,0.0,0,0,2025,2025-10,"{""type"":""MultiPoint"",""coordinates"":[]}"
9_103,30000,52.49430201500574,-118.16920983082106,10,188,10,-17,0.0,0,0,2025,2025-10,"{""type"":""MultiPoint"",""coordinates"":[]}"
9_104,30000,52.60317135958741,-117.7586399806141,10,188,10,-17,0.0,0,0,2025,2025-10,"{""type"":""MultiPoint"",""coordinates"":[]}"
9_105,30000,52.71045173248939,-117.34577212936695,10,188,10,-17,0.0,0,0,2025,2025-10,"{""type"":""MultiPoint"",""coordinates"":[]}"
9_106,30000,52.81612780426741,-116.93062201161017,10,188,10,-17,0.0,0,0,2025,2025-10,"{""type"":""MultiPoint"",""coordinates"":[]}"
9_107,30000,53.60197441351149,-113.5294665635097,10,188,10,-17,0.0,0,0,2025,2025-10,"{""type"":""MultiPoint"",""coordinates"":[]}"
9_108,30000,52.405738840261776,-119.57402864063553,10,188,10,-17,0.0,0,0,2025,2025-10,"{""type"":""MultiPoint"",""coordinates"":[]}"
9_109,30000,52.520090181185836,-119.16840820955399,10,188,10,-17,0.0,0,0,2025,2025-10,"{""type"":""MultiPoint"",""coordinates"":[]}"
9_110,30000,52.632891744912946,-118.76040611982936,10,188,10,-17,0.0,0,0,2025,2025-10,"{""type"":""MultiPoint"",""coordinates"":[]}"
9_111,30000,52.85378245083254,-117.9373092308009,10,188,10,-17,0.0,0,0,2025,2025-10,"{""type"":""MultiPoint"",""coordinates"":[]}"
9_112,30000,52.96184022206535,-117.522242923646,10,188,10,-17,0.0,0,0,2025,2025-10,"{""type"":""MultiPoint"",""coordinates"":[]}"
9_113,30000,53.06828548764293,-117.10485196858394,10,188,10,-17,0.0,0,0,2025,2025-10,"{""type"":""MultiPoint"",""coordinates"":[]}"
9_114,30000,52.65300127031511,-119.7634629346544,10,188,10,-17,0.0,0,0,2025,2025-10,"{""type"":""MultiPoint"",""coordinates"":[]}"
9_115,30000,52.76816819377785,-119.35580095112637,10,188,10,-17,0.0,0,0,2025,2025-10,"{""type"":""MultiPoint"",""coordinates"":[]}"
9_116,30000,52.88177809669702,-118.94571433661078,10,188,10,-17,0.0,0,0,2025,2025-10,"{""type"":""MultiPoint"",""coordinates"":[]}"
9_117,30000,53.10426279439886,-118.11831897622909,10,188,10,-17,0.0,0,0,2025,2025-10,"{""type"":""MultiPoint"",""coordinates"":[]}"
9_118,30000,53.21310573584495,-117.70103852867418,10,188,10,-17,0.0,0,0,2025,2025-10,"{""type"":""MultiPoint"",""coordinates"":[]}"
9_119,30000,52.90009134683862,-119.95533376849434,10,188,10,-17,0.0,0,0,2025,2025-10,"{""type"":""MultiPoint"",""coordinates"":[]}"
9_120,30000,53.01608169365161,-119.54561848144124,10,188,10,-17,0.0,0,0,2025,2025-10,"{""type"":""MultiPoint"",""coordinates"":[]}"
9_121,30000,53.13050779314373,-119.13343464452662,10,188,10,-17,0.0,0,0,2025,2025-10,"{""type"":""MultiPoint"",""coordinates"":[]}"
9_122,30000,53.35460222981132,-118.30171251915094,10,188,10,-17,1.0,0,0,2025,2025-10,"{""type"":""MultiPoint"",""coordinates"":[]}"
9_123,30000,53.4642382223416,-117.882202307141,10,188,10,-17,0.0,0,0,2025,2025-10,"{""type"":""MultiPoint"",""coordinates"":[]}"
9_124,30000,53.26382002930297,-119.73790472317289,10,188,10,-17,0.0,0,0,2025,2025-10,"{""type"":""MultiPoint"",""coordinates"":[]}"
9_125,30000,53.37907028660024,-119.32361111319389,10,188,10,-17,0.0,0,0,2025,2025-10,"{""type"":""MultiPoint"",""coordinates"":[]}"
9_126,30000,53.4927325704762,-118.9068164559419,10,188,10,-17,0.0,0,0,2025,2025-10,"{""type"":""MultiPoint"",""coordinates"":[]}"
9_127,30000,53.51137236821777,-119.93270456841087,10,188,10,-17,0.0,0,0,2025,2025-10,"{""type"":""MultiPoint"",""coordinates"":[]}"
9_128,30000,53.62745484977901,-119.51628879733434,10,188,10,-17,0.0,0,0,2025,2025-10,"{""type"":""MultiPoint"",""coordinates"":[]}"
9_129,30000,57.17023319594705,-111.56547764278571,10,188,10,-17,0.0,0,0,2025,2025-10,"{""type"":""MultiPoint"",""coordinates"":[]}"
10_0,30000,49.1833542928276,-115.09718295994307,11,145,10,-17,0.0,0,0,2025,2025-11,"{""type"":""MultiPoint"",""coordinates"":[]}"
10_1,30000,49.27901930836136,-114.71165929494109,11,145,10,-17,0.0,0,0,2025,2025-11,"{""type"":""MultiPoint"",""coordinates"":[]}"
10_2,30000,49.37318130792673,-114.32437301070378,11,145,10,-17,0.0,0,0,2025,2025-11,"{""type"":""MultiPoint"",""coordinates"":[]}"
10_3,30000,49.435496038448015,-115.2451546978652,11,145,10,-17,0.0,0,0,2025,2025-11,"{""type"":""MultiPoint"",""coordinates"":[]}"
10_4,30000,49.531832181579745,-114.85762174558681,11,145,10,-17,0.018629270202422984,0,0,2025,2025-11,"{""type"":""MultiPoint"",""coordinates"":[]}"
10_5,30000,49.626657128945375,-114.46829522200922,11,145,10,-17,0.07995116815661273,0,0,2025,2025-11,"{""type"":""MultiPoint"",""coordinates"":[]}"
10_6,30000,49.284646140761865,-116.93460285017092,11,145,10,-17,0.0,0,0,2025,2025-11,"{""type"":""MultiPoint"",""coordinates"":[]}"
10_7,30000,49.38760957074548,-116.5525010802803,11,145,10,-17,0.0,0,0,2025,2025-11,"{""type"":""MultiPoint"",""coordinates"":[]}"
10_8,30000,49.48910491661279,-116.16851315821037,11,145,10,-17,0.0,0,0,2025,2025-11,"{""type"":""MultiPoint"",""coordinates"":[]}"
10_9,30000,49.68763958973784,-115.39493632672128,11,145,10,-17,0.0,0,0,2025,2025-11,"{""type"":""MultiPoint"",""coordinates"":[]}"
10_10,30000,49.784653252942704,-115.005377882191,11,145,10,-17,0.1317485281205411,0,0,2025,2025-11,"{""type"":""MultiPoint"",""coordinates"":[]}"
10_11,30000,49.88014751428192,-114.61399422634233,11,145,10,-17,0.0,0,0,2025,2025-11,"{""type"":""MultiPoint"",""coordinates"":[]}"
10_12,30000,49.21421301288176,-118.23446576361728,11,145,10,-17,1.0,0,0,2025,2025-11,"{""type"":""MultiPoint"",""coordinates"":[]}"
10_13,30000,49.322238428535584,-117.85628646157005,11,145,10,-17,1.0,0,0,2025,2025-11,"{""type"":""MultiPoint"",""coordinates"":[]}"
10_14,30000,49.53396897725848,-117.09406857632294,11,145,10,-17,0.0,0,0,2025,2025-11,"{""type"":""MultiPoint"",""coordinates"":[]}"
10_15,30000,49.63764742530981,-116.71005494498901,11,145,10,-17,0.0,0,0,2025,2025-11,"{""type"":""MultiPoint"",""coordinates"":[]}"
10_16,30000,49.739850320366976,-116.3241226397088,11,145,10,-17,0.0,0,0,2025,2025-11,"{""type"":""MultiPoint"",""coordinates"":[]}"
10_17,30000,49.84056450942228,-115.93628587311412,11,145,10,-17,0.0,0,0,2025,2025-11,"{""type"":""MultiPoint"",""coordinates"":[]}"
10_18,30000,49.93977692455961,-115.54655956485155,11,145,10,-17,0.0,0,0,2025,2025-11,"{""type"":""MultiPoint"",""coordinates"":[]}"
10_19,30000,50.037474588215815,-115.15495934774765,11,145,10,-17,0.011894656798985041,0,0,2025,2025-11,"{""type"":""MultiPoint"",""coordinates"":[]}"
10_20,30000,50.13364461850168,-114.7615015735015,11,145,10,-17,0.13696432882611348,0,0,2025,2025-11,"{""type"":""MultiPoint"",""coordinates"":[]}"
10_21,30000,49.570055481237304,-118.02143560882614,11,145,10,-17,0.0,0,0,2025,2025-11,"{""type"":""MultiPoint"",""coordinates"":[]}"
10_22,30000,49.783250997210715,-117.25546660422468,11,145,10,-17,0.0,0,0,2025,2025-11,"{""type"":""MultiPoint"",""coordinates"":[]}"
10_23,30000,49.887651095363516,-116.8695276003889,11,145,10,-17,0.0,0,0,2025,2025-11,"{""type"":""MultiPoint"",""coordinates"":[]}"
10_24,30000,49.99056816130502,-116.48163670037009,11,145,10,-17,0.0,0,0,2025,2025-11,"{""type"":""MultiPoint"",""coordinates"":[]}"
10_25,30000,50.29028812901492,-115.30639849113933,11,145,10,-17,0.10516438381364526,0,0,2025,2025-11,"{""type"":""MultiPoint"",""coordinates"":[]}"
10_26,30000,50.3871404735853,-114.91084952350734,11,145,10,-17,0.0,0,0,2025,2025-11,"{""type"":""MultiPoint"",""coordinates"":[]}"
10_27,30000,50.4824439530322,-114.51342708875744,11,145,10,-17,0.0,0,0,2025,2025-11,"{""type"":""MultiPoint"",""coordinates"":[]}"
10_28,30000,50.032483572308095,-117.41883015284704,11,145,10,-17,0.0,0,0,2025,2025-11,"{""type"":""MultiPoint"",""coordinates"":[]}"
10_29,30000,50.13761203878164,-117.03095227158914,11,145,10,-17,0.0,0,0,2025,2025-11,"{""type"":""MultiPoint"",""coordinates"":[]}"
10_30,30000,50.241249984784275,-116.64108855420758,11,145,10,-17,0.0,0,0,2025,2025-11,"{""type"":""MultiPoint"",""coordinates"":[]}"
10_31,30000,50.343383866819025,-116.24925322862201,11,145,10,-17,0.0,0,0,2025,2025-11,"{""type"":""MultiPoint"",""coordinates"":[]}"
10_32,30000,50.444000225336374,-115.8554612655433,11,145,10,-17,0.0,0,0,2025,2025-11,"{""type"":""MultiPoint"",""coordinates"":[]}"
10_33,30000,50.54308569022569,-115.45972838549066,11,145,10,-17,0.0,0,0,2025,2025-11,"{""type"":""MultiPoint"",""coordinates"":[]}"
10_34,30000,50.64062698637315,-115.06207106531204,11,145,10,-17,0.0,0,0,2025,2025-11,"{""type"":""MultiPoint"",""coordinates"":[]}"
10_35,30000,50.73661093928278,-114.66250654418486,11,145,10,-17,0.18478545705493246,0,0,2025,2025-11,"{""type"":""MultiPoint"",""coordinates"":[]}"
10_36,30000,50.1743101025601,-117.971989418857,11,145,10,-17,0.0,0,0,2025,2025-11,"{""type"":""MultiPoint"",""coordinates"":[]}"
10_37,30000,50.28165793766874,-117.58419315144972,11,145,10,-17,0.0,0,0,2025,2025-11,"{""type"":""MultiPoint"",""coordinates"":[]}"
10_38,30000,50.38752157817964,-117.19436290147581,11,145,10,-17,0.06222677341572941,0,0,2025,2025-11,"{""type"":""MultiPoint"",""coordinates"":[]}"
10_39,30000,50.49188720227741,-116.80251214006081,11,145,10,-17,0.0,0,0,2025,2025-11,"{""type"":""MultiPoint"",""coordinates"":[]}"
10_40,30000,50.59474106588762,-116.40865509175235,11,145,10,-17,0.0,0,0,2025,2025-11,"{""type"":""MultiPoint"",""coordinates"":[]}"
10_41,30000,50.69606950821239,-116.01280674248096,11,145,10,-17,0.0,0,0,2025,2025-11,"{""type"":""MultiPoint"",""coordinates"":[]}"
10_42,30000,50.795858957340364,-115.61498284703796,11,145,10,-17,0.0,0,0,2025,2025-11,"{""type"":""MultiPoint"",""coordinates"":[]}"
10_43,30000,50.89409593592701,-115.21519993604544,11,145,10,-17,0.0,0,0,2025,2025-11,"{""type"":""MultiPoint"",""coordinates"":[]}"
10_44,30000,50.990767066942105,-114.81347532239283,11,145,10,-17,0.0,0,0,2025,2025-11,"{""type"":""MultiPoint"",""coordinates"":[]}"
10_45,30000,51.179358814627726,-114.00427418469191,11,145,10,-17,0.0,0,0,2025,2025-11,"{""type"":""MultiPoint"",""coordinates"":[]}"
10_46,30000,50.42266798649277,-118.14131696374228,11,145,10,-17,0.0,0,0,2025,2025-11,"{""type"":""MultiPoint"",""coordinates"":[]}"
10_47,30000,50.53076518900706,-117.7515902567983,11,145,10,-17,0.0,0,0,2025,2025-11,"{""type"":""MultiPoint"",""coordinates"":[]}"
10_48,30000,50.63737089809243,-117.35979416838663,11,145,10,-17,0.0,0,0,2025,2025-11,"{""type"":""MultiPoint"",""coordinates"":[]}"
10_49,30000,50.74247108856541,-116.96594213971807,11,145,10,-17,0.0,0,0,2025,2025-11,"{""type"":""MultiPoint"",""coordinates"":[]}"
10_50,30000,50.84605181212518,-116.57004838400321,11,145,10,-17,0.0,0,0,2025,2025-11,"{""type"":""MultiPoint"",""coordinates"":[]}"
10_51,30000,50.948099203006215,-116.17212789491009,11,145,10,-17,0.0,0,0,2025,2025-11,"{""type"":""MultiPoint"",""coordinates"":[]}"
10_52,30000,51.048599483709026,-115.77219645452821,11,145,10,-17,0.0,0,0,2025,2025-11,"{""type"":""MultiPoint"",""coordinates"":[]}"
10_53,30000,51.147538970805876,-115.3702706408128,11,145,10,-17,0.0,0,0,2025,2025-11,"{""type"":""MultiPoint"",""coordinates"":[]}"
10_54,30000,51.24490408081719,-114.9663678344825,11,145,10,-17,0.0,0,0,2025,2025-11,"{""type"":""MultiPoint"",""coordinates"":[]}"
10_55,30000,50.67094272398514,-118.31272669386064,11,145,10,-17,0.0,0,0,2025,2025-11,"{""type"":""MultiPoint"",""coordinates"":[]}"
10_56,30000,50.88715104206652,-117.52728150423397,11,145,10,-17,0.0,0,0,2025,2025-11,"{""type"":""MultiPoint"",""coordinates"":[]}"
10_57,30000,50.99299277884312,-117.13141399651155,11,145,10,-17,0.0,0,0,2025,2025-11,"{""type"":""MultiPoint"",""coordinates"":[]}"
10_58,30000,51.097307333797374,-116.73346854105039,11,145,10,-17,0.0,0,0,2025,2025-11,"{""type"":""MultiPoint"",""coordinates"":[]}"
10_59,30000,51.20008063240146,-116.33346013128742,11,145,10,-17,0.0,0,0,2025,2025-11,"{""type"":""MultiPoint"",""coordinates"":[]}"
10_60,30000,51.30129868770186,-115.93140456916186,11,145,10,-17,0.0,0,0,2025,2025-11,"{""type"":""MultiPoint"",""coordinates"":[]}"
10_61,30000,51.4009476062527,-115.52731847305982,11,145,10,-17,0.025120671222643744,0,0,2025,2025-11,"{""type"":""MultiPoint"",""coordinates"":[]}"
10_62,30000,51.49901359412451,-115.12121928519963,11,145,10,-17,0.0,0,0,2025,2025-11,"{""type"":""MultiPoint"",""coordinates"":[]}"
10_63,30000,51.028742017855585,-118.09262915860808,11,145,10,-17,0.0,0,0,2025,2025-11,"{""type"":""MultiPoint"",""coordinates"":[]}"
10_64,30000,51.13685290966212,-117.6968611130857,11,145,10,-17,0.0,0,0,2025,2025-11,"{""type"":""MultiPoint"",""coordinates"":[]}"
10_65,30000,51.243443265734115,-117.29896393439542,11,145,10,-17,0.0,0,0,2025,2025-11,"{""type"":""MultiPoint"",""coordinates"":[]}"
10_66,30000,51.348498718083775,-116.89895178716442,11,145,10,-17,0.0,0,0,2025,2025-11,"{""type"":""MultiPoint"",""coordinates"":[]}"
10_67,30000,51.45200497955007,-116.49683965611742,11,145,10,-17,0.0,0,0,2025,2025-11,"{""type"":""MultiPoint"",""coordinates"":[]}"
10_68,30000,51.55394784977931,-116.09264335509364,11,145,10,-17,0.0,0,0,2025,2025-11,"{""type"":""MultiPoint"",""coordinates"":[]}"
10_69,30000,51.654313221289,-115.68637953552042,11,145,10,-17,0.0,0,0,2025,2025-11,"{""type"":""MultiPoint"",""coordinates"":[]}"
10_70,30000,51.753087085611675,-115.27806569431331,11,145,10,-17,0.0,0,0,2025,2025-11,"{""type"":""MultiPoint"",""coordinates"":[]}"
10_71,30000,50.9419491154897,-119.44653581409463,11,145,10,-17,0.0,0,0,2025,2025-11,"{""type"":""MultiPoint"",""coordinates"":[]}"
10_72,30000,51.05531923773478,-119.05533905033808,11,145,10,-17,0.0,0,0,2025,2025-11,"{""type"":""MultiPoint"",""coordinates"":[]}"
10_73,30000,51.16720548273678,-118.66193791237481,11,145,10,-17,0.0,0,0,2025,2025-11,"{""type"":""MultiPoint"",""coordinates"":[]}"
10_74,30000,51.27759306306063,-118.26634406707706,11,145,10,-17,0.0,0,0,2025,2025-11,"{""type"":""MultiPoint"",""coordinates"":[]}"
10_75,30000,51.38646725336234,-117.86856999021312,11,145,10,-17,0.0,0,0,2025,2025-11,"{""type"":""MultiPoint"",""coordinates"":[]}"
10_76,30000,51.49381339621175,-117.46862897751716,11,145,10,-17,0.0,0,0,2025,2025-11,"{""type"":""MultiPoint"",""coordinates"":[]}"
10_77,30000,51.59961690801395,-117.0665351552954,11,145,10,-17,0.0,0,0,2025,2025-11,"{""type"":""MultiPoint"",""coordinates"":[]}"
10_78,30000,51.7038632850262,-116.66230349053806,11,145,10,-17,0.0,0,0,2025,2025-11,"{""type"":""MultiPoint"",""coordinates"":[]}"
10_79,30000,51.80653810946705,-116.25594980050631,11,145,10,-17,0.0,0,0,2025,2025-11,"{""type"":""MultiPoint"",""coordinates"":[]}"
10_80,30000,51.90762705571357,-115.84749076176345,11,145,10,-17,0.0,0,0,2025,2025-11,"{""type"":""MultiPoint"",""coordinates"":[]}"
10_81,30000,51.30250331198747,-119.2351573733412,11,145,10,-17,0.0,0,0,2025,2025-11,"{""type"":""MultiPoint"",""coordinates"":[]}"
10_82,30000,51.415174488072545,-118.83981395001108,11,145,10,-17,0.0,0,0,2025,2025-11,"{""type"":""MultiPoint"",""coordinates"":[]}"
10_83,30000,51.52633992333847,-118.44223934378608,11,145,10,-17,0.0,0,0,2025,2025-11,"{""type"":""MultiPoint"",""coordinates"":[]}"
10_84,30000,51.63598467538623,-118.04244594161493,11,145,10,-17,0.0,0,0,2025,2025-11,"{""type"":""MultiPoint"",""coordinates"":[]}"
10_85,30000,51.74409386842318,-117.64044697029324,11,145,10,-17,0.0,0,0,2025,2025-11,"{""type"":""MultiPoint"",""coordinates"":[]}"
10_86,30000,51.85065269930557,-117.2362565076892,11,145,10,-17,0.0,0,0,2025,2025-11,"{""type"":""MultiPoint"",""coordinates"":[]}"
10_87,30000,51.955646443681644,-116.82988949346647,11,145,10,-17,0.0,0,0,2025,2025-11,"{""type"":""MultiPoint"",""coordinates"":[]}"
10_88,30000,52.05906046223179,-116.42136173927166,11,145,10,-17,0.0,0,0,2025,2025-11,"{""type"":""MultiPoint"",""coordinates"":[]}"
10_89,30000,52.16088020700205,-116.01068993835443,11,145,10,-17,0.0,0,0,2025,2025-11,"{""type"":""MultiPoint"",""coordinates"":[]}"
10_90,30000,52.6455628575855,-113.92581729105713,11,145,10,-17,0.0,0,0,2025,2025-11,"{""type"":""MultiPoint"",""coordinates"":[]}"
10_91,30000,51.43459782300684,-119.812233914261,11,145,10,-17,0.0,0,0,2025,2025-11,"{""type"":""MultiPoint"",""coordinates"":[]}"
10_92,30000,51.6630223086243,-119.01992130857953,11,145,10,-17,0.0,0,0,2025,2025-11,"{""type"":""MultiPoint"",""coordinates"":[]}"
10_93,30000,51.88539562440237,-118.21852760402672,11,145,10,-17,0.0,0,0,2025,2025-11,"{""type"":""MultiPoint"",""coordinates"":[]}"
10_94,30000,51.99427522841305,-117.81445659799915,11,145,10,-17,0.0,0,0,2025,2025-11,"{""type"":""MultiPoint"",""coordinates"":[]}"
10_95,30000,52.10159673710142,-117.40815455704802,11,145,10,-17,0.0,0,0,2025,2025-11,"{""type"":""MultiPoint"",""coordinates"":[]}"
10_96,30000,52.20734520139947,-116.99963638331744,11,145,10,-17,0.0,0,0,2025,2025-11,"{""type"":""MultiPoint"",""coordinates"":[]}"
10_97,30000,52.311505756254896,-116.58891787321416,11,145,10,-17,0.0,0,0,2025,2025-11,"{""type"":""MultiPoint"",""coordinates"":[]}"
10_98,30000,51.910739044172246,-119.20229929514619,11,145,10,-17,0.0,0,0,2025,2025-11,"{""type"":""MultiPoint"",""coordinates"":[]}"
10_99,30000,52.02348234316083,-118.8007261127026,11,145,10,-17,0.0,0,0,2025,2025-11,"{""type"":""MultiPoint"",""coordinates"":[]}"
10_100,30000,52.13469039213968,-118.3968544654242,11,145,10,-17,0.0,0,0,2025,2025-11,"{""type"":""MultiPoint"",""coordinates"":[]}"
10_101,30000,52.244347866743325,-117.99069740788404,11,145,10,-17,0.0,0,0,2025,2025-11,"{""type"":""MultiPoint"",""coordinates"":[]}"
10_102,30000,52.352439512601634,-117.58226888824623,11,145,10,-17,0.0,0,0,2025,2025-11,"{""type"":""MultiPoint"",""coordinates"":[]}"
10_103,30000,52.458950151741966,-117.1715837603088,11,145,10,-17,0.0,0,0,2025,2025-11,"{""type"":""MultiPoint"",""coordinates"":[]}"
10_104,30000,52.56386468909943,-116.75865779499183,11,145,10,-17,0.060301045141558714,0,0,2025,2025-11,"{""type"":""MultiPoint"",""coordinates"":[]}"
10_105,30000,52.15831463139495,-119.38698806476872,11,145,10,-17,0.0,0,0,2025,2025-11,"{""type"":""MultiPoint"",""coordinates"":[]}"
10_106,30000,52.27185813044813,-118.98339728066276,11,145,10,-17,0.0,0,0,2025,2025-11,"{""type"":""MultiPoint"",""coordinates"":[]}"
10_107,30000,52.49430201500574,-118.16920983082106,11,145,10,-17,0.0,0,0,2025,2025-11,"{""type"":""MultiPoint"",""coordinates"":[]}"
10_108,30000,52.60317135958741,-117.7586399806141,11,145,10,-17,0.0,0,0,2025,2025-11,"{""type"":""MultiPoint"",""coordinates"":[]}"
10_109,30000,52.71045173248939,-117.34577212936695,11,145,10,-17,0.01851408477932675,0,0,2025,2025-11,"{""type"":""MultiPoint"",""coordinates"":[]}"
10_110,30000,52.81612780426741,-116.93062201161017,11,145,10,-17,0.0,0,0,2025,2025-11,"{""type"":""MultiPoint"",""coordinates"":[]}"
10_111,30000,53.60197441351149,-113.5294665635097,11,145,10,-17,0.0,0,0,2025,2025-11,"{""type"":""MultiPoint"",""coordinates"":[]}"
10_112,30000,52.2898535717501,-119.97725550517926,11,145,10,-17,0.0,0,0,2025,2025-11,"{""type"":""MultiPoint"",""coordinates"":[]}"
10_113,30000,52.405738840261776,-119.57402864063553,11,145,10,-17,0.0,0,0,2025,2025-11,"{""type"":""MultiPoint"",""coordinates"":[]}"
10_114,30000,52.520090181185836,-119.16840820955399,11,145,10,-17,0.0,0,0,2025,2025-11,"{""type"":""MultiPoint"",""coordinates"":[]}"
10_115,30000,52.632891744912946,-118.76040611982936,11,145,10,-17,0.0,0,0,2025,2025-11,"{""type"":""MultiPoint"",""coordinates"":[]}"
10_116,30000,52.85378245083254,-117.9373092308009,11,145,10,-17,0.0,0,0,2025,2025-11,"{""type"":""MultiPoint"",""coordinates"":[]}"
10_117,30000,52.96184022206535,-117.522242923646,11,145,10,-17,0.0,0,0,2025,2025-11,"{""type"":""MultiPoint"",""coordinates"":[]}"
10_118,30000,52.65300127031511,-119.7634629346544,11,145,10,-17,0.0,0,0,2025,2025-11,"{""type"":""MultiPoint"",""coordinates"":[]}"
10_119,30000,52.76816819377785,-119.35580095112637,11,145,10,-17,0.0,0,0,2025,2025-11,"{""type"":""MultiPoint"",""coordinates"":[]}"
10_120,30000,52.88177809669702,-118.94571433661078,11,145,10,-17,0.0,0,0,2025,2025-11,"{""type"":""MultiPoint"",""coordinates"":[]}"
10_121,30000,52.99381495113538,-118.53321579118975,11,145,10,-17,0.0,0,0,2025,2025-11,"{""type"":""MultiPoint"",""coordinates"":[]}"
10_122,30000,53.10426279439886,-118.11831897622909,11,145,10,-17,0.0,0,0,2025,2025-11,"{""type"":""MultiPoint"",""coordinates"":[]}"
10_123,30000,53.21310573584495,-117.70103852867418,11,145,10,-17,0.0,0,0,2025,2025-11,"{""type"":""MultiPoint"",""coordinates"":[]}"
10_124,30000,52.90009134683862,-119.95533376849434,11,145,10,-17,0.0,0,0,2025,2025-11,"{""type"":""MultiPoint"",""coordinates"":[]}"
10_125,30000,53.01608169365161,-119.54561848144124,11,145,10,-17,0.0,0,0,2025,2025-11,"{""type"":""MultiPoint"",""coordinates"":[]}"
10_126,30000,53.13050779314373,-119.13343464452662,11,145,10,-17,0.0,0,0,2025,2025-11,"{""type"":""MultiPoint"",""coordinates"":[]}"
10_127,30000,53.35460222981132,-118.30171251915094,11,145,10,-17,0.0,0,0,2025,2025-11,"{""type"":""MultiPoint"",""coordinates"":[]}"
10_128,30000,53.4642382223416,-117.882202307141,11,145,10,-17,0.0,0,0,2025,2025-11,"{""type"":""MultiPoint"",""coordinates"":[]}"
10_129,30000,53.26382002930297,-119.73790472317289,11,145,10,-17,0.0,0,0,2025,2025-11,"{""type"":""MultiPoint"",""coordinates"":[]}"
10_130,30000,53.37907028660024,-119.32361111319389,11,145,10,-17,0.0,0,0,2025,2025-11,"{""type"":""MultiPoint"",""coordinates"":[]}"
10_131,30000,53.51137236821777,-119.93270456841087,11,145,10,-17,0.0,0,0,2025,2025-11,"{""type"":""MultiPoint"",""coordinates"":[]}"
10_132,30000,53.62745484977901,-119.51628879733434,11,145,10,-17,0.9795579163295861,0,0,2025,2025-11,"{""type"":""MultiPoint"",""coordinates"":[]}"
10_133,30000,53.87565057154578,-119.71151376096302,11,145,10,-17,0.0,0,0,2025,2025-11,"{""type"":""MultiPoint"",""coordinates"":[]}"
10_134,30000,57.17023319594705,-111.56547764278571,11,145,10,-17,0.0,0,0,2025,2025-11,"{""type"":""MultiPoint"",""coordinates"":[]}"
11_0,30000,49.1833542928276,-115.09718295994307,12,185,10,-17,0.0,0,0,2025,2025-12,"{""type"":""MultiPoint"",""coordinates"":[]}"
11_1,30000,49.27901930836136,-114.71165929494109,12,185,10,-17,0.0,0,0,2025,2025-12,"{""type"":""MultiPoint"",""coordinates"":[]}"
11_2,30000,49.37318130792673,-114.32437301070378,12,185,10,-17,0.0,0,0,2025,2025-12,"{""type"":""MultiPoint"",""coordinates"":[]}"
11_3,30000,49.13754594127269,-116.3968334816952,12,185,10,-17,0.0,0,0,2025,2025-12,"{""type"":""MultiPoint"",""coordinates"":[]}"
11_4,30000,49.23834027352261,-116.01477574902673,12,185,10,-17,0.0,0,0,2025,2025-12,"{""type"":""MultiPoint"",""coordinates"":[]}"
11_5,30000,49.435496038448015,-115.2451546978652,12,185,10,-17,0.0,0,0,2025,2025-12,"{""type"":""MultiPoint"",""coordinates"":[]}"
11_6,30000,49.531832181579745,-114.85762174558681,12,185,10,-17,0.0,0,0,2025,2025-12,"{""type"":""MultiPoint"",""coordinates"":[]}"
11_7,30000,49.626657128945375,-114.46829522200922,12,185,10,-17,0.0,0,0,2025,2025-12,"{""type"":""MultiPoint"",""coordinates"":[]}"
11_8,30000,49.284646140761865,-116.93460285017092,12,185,10,-17,0.0,0,0,2025,2025-12,"{""type"":""MultiPoint"",""coordinates"":[]}"
11_9,30000,49.38760957074548,-116.5525010802803,12,185,10,-17,0.0,0,0,2025,2025-12,"{""type"":""MultiPoint"",""coordinates"":[]}"
11_10,30000,49.48910491661279,-116.16851315821037,12,185,10,-17,0.0,0,0,2025,2025-12,"{""type"":""MultiPoint"",""coordinates"":[]}"
11_11,30000,49.58911921540591,-115.78265327880608,12,185,10,-17,0.0,0,0,2025,2025-12,"{""type"":""MultiPoint"",""coordinates"":[]}"
11_12,30000,49.68763958973784,-115.39493632672128,12,185,10,-17,0.0,0,0,2025,2025-12,"{""type"":""MultiPoint"",""coordinates"":[]}"
11_13,30000,49.784653252942704,-115.005377882191,12,185,10,-17,0.0,0,0,2025,2025-12,"{""type"":""MultiPoint"",""coordinates"":[]}"
11_14,30000,49.88014751428192,-114.61399422634233,12,185,10,-17,0.0,0,0,2025,2025-12,"{""type"":""MultiPoint"",""coordinates"":[]}"
11_15,30000,49.428828209113526,-117.47615002147718,12,185,10,-17,0.0,0,0,2025,2025-12,"{""type"":""MultiPoint"",""coordinates"":[]}"
11_16,30000,49.53396897725848,-117.09406857632294,12,185,10,-17,0.0,0,0,2025,2025-12,"{""type"":""MultiPoint"",""coordinates"":[]}"
11_17,30000,49.63764742530981,-116.71005494498901,12,185,10,-17,0.0,0,0,2025,2025-12,"{""type"":""MultiPoint"",""coordinates"":[]}"
11_18,30000,49.739850320366976,-116.3241226397088,12,185,10,-17,0.0,0,0,2025,2025-12,"{""type"":""MultiPoint"",""coordinates"":[]}"
11_19,30000,49.84056450942228,-115.93628587311412,12,185,10,-17,0.0,0,0,2025,2025-12,"{""type"":""MultiPoint"",""coordinates"":[]}"
11_20,30000,49.93977692455961,-115.54655956485155,12,185,10,-17,0.0,0,0,2025,2025-12,"{""type"":""MultiPoint"",""coordinates"":[]}"
11_21,30000,50.037474588215815,-115.15495934774765,12,185,10,-17,0.0,0,0,2025,2025-12,"{""type"":""MultiPoint"",""coordinates"":[]}"
11_22,30000,50.13364461850168,-114.7615015735015,12,185,10,-17,0.0,0,0,2025,2025-12,"{""type"":""MultiPoint"",""coordinates"":[]}"
11_23,30000,50.22827423457875,-114.36620331788242,12,185,10,-17,0.0,0,0,2025,2025-12,"{""type"":""MultiPoint"",""coordinates"":[]}"
11_24,30000,49.01206185034566,-119.90134047145526,12,185,10,-17,0.0,0,0,2025,2025-12,"{""type"":""MultiPoint"",""coordinates"":[]}"
11_25,30000,49.46128713174212,-118.40144071980905,12,185,10,-17,0.0,0,0,2025,2025-12,"{""type"":""MultiPoint"",""coordinates"":[]}"
11_26,30000,49.570055481237304,-118.02143560882614,12,185,10,-17,0.0,0,0,2025,2025-12,"{""type"":""MultiPoint"",""coordinates"":[]}"
11_27,30000,49.67738129258726,-117.63944020570969,12,185,10,-17,0.0,0,0,2025,2025-12,"{""type"":""MultiPoint"",""coordinates"":[]}"
11_28,30000,49.783250997210715,-117.25546660422468,12,185,10,-17,0.06670877007479986,0,0,2025,2025-12,"{""type"":""MultiPoint"",""coordinates"":[]}"
11_29,30000,49.887651095363516,-116.8695276003889,12,185,10,-17,0.0,0,0,2025,2025-12,"{""type"":""MultiPoint"",""coordinates"":[]}"
11_30,30000,49.99056816130502,-116.48163670037009,12,185,10,-17,0.0,0,0,2025,2025-12,"{""type"":""MultiPoint"",""coordinates"":[]}"
11_31,30000,50.0919888485373,-116.09180812796657,12,185,10,-17,0.0,0,0,2025,2025-12,"{""type"":""MultiPoint"",""coordinates"":[]}"
11_32,30000,50.191899895113906,-115.7000568316489,12,185,10,-17,0.3332609505929981,0,0,2025,2025-12,"{""type"":""MultiPoint"",""coordinates"":[]}"
11_33,30000,50.29028812901492,-115.30639849113933,12,185,10,-17,0.0,0,0,2025,2025-12,"{""type"":""MultiPoint"",""coordinates"":[]}"
11_34,30000,50.3871404735853,-114.91084952350734,12,185,10,-17,0.0,0,0,2025,2025-12,"{""type"":""MultiPoint"",""coordinates"":[]}"
11_35,30000,50.4824439530322,-114.51342708875744,12,185,10,-17,0.0,0,0,2025,2025-12,"{""type"":""MultiPoint"",""coordinates"":[]}"
11_36,30000,49.70829163092027,-118.57041748216366,12,185,10,-17,0.0,0,0,2025,2025-12,"{""type"":""MultiPoint"",""coordinates"":[]}"
11_37,30000,49.81780963922117,-118.1885751638864,12,185,10,-17,0.0,0,0,2025,2025-12,"{""type"":""MultiPoint"",""coordinates"":[]}"
11_38,30000,49.92587820738716,-117.80470870536384,12,185,10,-17,0.0,0,0,2025,2025-12,"{""type"":""MultiPoint"",""coordinates"":[]}"
11_39,30000,50.032483572308095,-117.41883015284704,12,185,10,-17,0.0,0,0,2025,2025-12,"{""type"":""MultiPoint"",""coordinates"":[]}"
11_40,30000,50.13761203878164,-117.03095227158914,12,185,10,-17,0.0,0,0,2025,2025-12,"{""type"":""MultiPoint"",""coordinates"":[]}"
11_41,30000,50.241249984784275,-116.64108855420758,12,185,10,-17,0.0,0,0,2025,2025-12,"{""type"":""MultiPoint"",""coordinates"":[]}"
11_42,30000,50.343383866819025,-116.24925322862201,12,185,10,-17,0.0,0,0,2025,2025-12,"{""type"":""MultiPoint"",""coordinates"":[]}"
11_43,30000,50.444000225336374,-115.8554612655433,12,185,10,-17,0.0,0,0,2025,2025-12,"{""type"":""MultiPoint"",""coordinates"":[]}"
11_44,30000,50.54308569022569,-115.45972838549066,12,185,10,-17,0.0,0,0,2025,2025-12,"{""type"":""MultiPoint"",""coordinates"":[]}"
11_45,30000,50.64062698637315,-115.06207106531204,12,185,10,-17,0.03331424706059339,0,0,2025,2025-12,"{""type"":""MultiPoint"",""coordinates"":[]}"
11_46,30000,50.73661093928278,-114.66250654418486,12,185,10,-17,0.0,0,0,2025,2025-12,"{""type"":""MultiPoint"",""coordinates"":[]}"
11_47,30000,50.065491966951875,-118.35773897757556,12,185,10,-17,0.0,0,0,2025,2025-12,"{""type"":""MultiPoint"",""coordinates"":[]}"
11_48,30000,50.1743101025601,-117.971989418857,12,185,10,-17,0.0,0,0,2025,2025-12,"{""type"":""MultiPoint"",""coordinates"":[]}"
11_49,30000,50.28165793766874,-117.58419315144972,12,185,10,-17,0.0,0,0,2025,2025-12,"{""type"":""MultiPoint"",""coordinates"":[]}"
11_50,30000,50.38752157817964,-117.19436290147581,12,185,10,-17,0.0,0,0,2025,2025-12,"{""type"":""MultiPoint"",""coordinates"":[]}"
11_51,30000,50.49188720227741,-116.80251214006081,12,185,10,-17,0.0,0,0,2025,2025-12,"{""type"":""MultiPoint"",""coordinates"":[]}"
11_52,30000,50.59474106588762,-116.40865509175235,12,185,10,-17,0.0,0,0,2025,2025-12,"{""type"":""MultiPoint"",""coordinates"":[]}"
11_53,30000,50.69606950821239,-116.01280674248096,12,185,10,-17,0.0,0,0,2025,2025-12,"{""type"":""MultiPoint"",""coordinates"":[]}"
11_54,30000,50.795858957340364,-115.61498284703796,12,185,10,-17,0.014332200236794008,0,0,2025,2025-12,"{""type"":""MultiPoint"",""coordinates"":[]}"
11_55,30000,50.89409593592701,-115.21519993604544,12,185,10,-17,0.0,0,0,2025,2025-12,"{""type"":""MultiPoint"",""coordinates"":[]}"
11_56,30000,50.990767066942105,-114.81347532239283,12,185,10,-17,0.0,0,0,2025,2025-12,"{""type"":""MultiPoint"",""coordinates"":[]}"
11_57,30000,51.179358814627726,-114.00427418469191,12,185,10,-17,0.0,0,0,2025,2025-12,"{""type"":""MultiPoint"",""coordinates"":[]}"
11_58,30000,50.089568707060295,-119.2979577731813,12,185,10,-17,0.0,0,0,2025,2025-12,"{""type"":""MultiPoint"",""coordinates"":[]}"
11_59,30000,50.42266798649277,-118.14131696374228,12,185,10,-17,0.0,0,0,2025,2025-12,"{""type"":""MultiPoint"",""coordinates"":[]}"
11_60,30000,50.53076518900706,-117.7515902567983,12,185,10,-17,0.0,0,0,2025,2025-12,"{""type"":""MultiPoint"",""coordinates"":[]}"
11_61,30000,50.63737089809243,-117.35979416838663,12,185,10,-17,0.0,0,0,2025,2025-12,"{""type"":""MultiPoint"",""coordinates"":[]}"
11_62,30000,50.74247108856541,-116.96594213971807,12,185,10,-17,0.0,0,0,2025,2025-12,"{""type"":""MultiPoint"",""coordinates"":[]}"
11_63,30000,50.84605181212518,-116.57004838400321,12,185,10,-17,0.0,0,0,2025,2025-12,"{""type"":""MultiPoint"",""coordinates"":[]}"
11_64,30000,50.948099203006215,-116.17212789491009,12,185,10,-17,0.0,0,0,2025,2025-12,"{""type"":""MultiPoint"",""coordinates"":[]}"
11_65,30000,51.048599483709026,-115.77219645452821,12,185,10,-17,0.031517086100223565,0,0,2025,2025-12,"{""type"":""MultiPoint"",""coordinates"":[]}"
11_66,30000,51.147538970805876,-115.3702706408128,12,185,10,-17,0.0,0,0,2025,2025-12,"{""type"":""MultiPoint"",""coordinates"":[]}"
11_67,30000,51.24490408081719,-114.9663678344825,12,185,10,-17,0.0,0,0,2025,2025-12,"{""type"":""MultiPoint"",""coordinates"":[]}"
11_68,30000,50.67094272398514,-118.31272669386064,12,185,10,-17,0.0,0,0,2025,2025-12,"{""type"":""MultiPoint"",""coordinates"":[]}"
11_69,30000,50.779796279715256,-117.92105687080597,12,185,10,-17,0.0,0,0,2025,2025-12,"{""type"":""MultiPoint"",""coordinates"":[]}"
11_70,30000,50.88715104206652,-117.52728150423397,12,185,10,-17,0.0,0,0,2025,2025-12,"{""type"":""MultiPoint"",""coordinates"":[]}"
11_71,30000,50.99299277884312,-117.13141399651155,12,185,10,-17,0.0,0,0,2025,2025-12,"{""type"":""MultiPoint"",""coordinates"":[]}"
11_72,30000,51.097307333797374,-116.73346854105039,12,185,10,-17,0.13535920609961943,0,0,2025,2025-12,"{""type"":""MultiPoint"",""coordinates"":[]}"
11_73,30000,51.20008063240146,-116.33346013128742,12,185,10,-17,0.0,0,0,2025,2025-12,"{""type"":""MultiPoint"",""coordinates"":[]}"
11_74,30000,51.30129868770186,-115.93140456916186,12,185,10,-17,0.0,0,0,2025,2025-12,"{""type"":""MultiPoint"",""coordinates"":[]}"
11_75,30000,51.4009476062527,-115.52731847305982,12,185,10,-17,0.0,0,0,2025,2025-12,"{""type"":""MultiPoint"",""coordinates"":[]}"
11_76,30000,51.49901359412451,-115.12121928519963,12,185,10,-17,1.0,0,0,2025,2025-12,"{""type"":""MultiPoint"",""coordinates"":[]}"
11_77,30000,50.695430897190434,-119.26702894782251,12,185,10,-17,0.0,0,0,2025,2025-12,"{""type"":""MultiPoint"",""coordinates"":[]}"
11_78,30000,50.91912503323592,-118.48625471690103,12,185,10,-17,0.0,0,0,2025,2025-12,"{""type"":""MultiPoint"",""coordinates"":[]}"
11_79,30000,51.028742017855585,-118.09262915860808,12,185,10,-17,0.0,0,0,2025,2025-12,"{""type"":""MultiPoint"",""coordinates"":[]}"
11_80,30000,51.13685290966212,-117.6968611130857,12,185,10,-17,0.09558790600680597,0,0,2025,2025-12,"{""type"":""MultiPoint"",""coordinates"":[]}"
11_81,30000,51.243443265734115,-117.29896393439542,12,185,10,-17,0.0,0,0,2025,2025-12,"{""type"":""MultiPoint"",""coordinates"":[]}"
11_82,30000,51.348498718083775,-116.89895178716442,12,185,10,-17,0.0,0,0,2025,2025-12,"{""type"":""MultiPoint"",""coordinates"":[]}"
11_83,30000,51.45200497955007,-116.49683965611742,12,185,10,-17,0.0,0,0,2025,2025-12,"{""type"":""MultiPoint"",""coordinates"":[]}"
11_84,30000,51.55394784977931,-116.09264335509364,12,185,10,-17,0.029058813575875024,0,0,2025,2025-12,"{""type"":""MultiPoint"",""coordinates"":[]}"
11_85,30000,51.654313221289,-115.68637953552042,12,185,10,-17,0.0,0,0,2025,2025-12,"{""type"":""MultiPoint"",""coordinates"":[]}"
11_86,30000,51.753087085611675,-115.27806569431331,12,185,10,-17,0.0,0,0,2025,2025-12,"{""type"":""MultiPoint"",""coordinates"":[]}"
11_87,30000,50.9419491154897,-119.44653581409463,12,185,10,-17,0.0,0,0,2025,2025-12,"{""type"":""MultiPoint"",""coordinates"":[]}"
11_88,30000,51.05531923773478,-119.05533905033808,12,185,10,-17,0.0,0,0,2025,2025-12,"{""type"":""MultiPoint"",""coordinates"":[]}"
11_89,30000,51.16720548273678,-118.66193791237481,12,185,10,-17,0.0,0,0,2025,2025-12,"{""type"":""MultiPoint"",""coordinates"":[]}"
11_90,30000,51.27759306306063,-118.26634406707706,12,185,10,-17,0.0,0,0,2025,2025-12,"{""type"":""MultiPoint"",""coordinates"":[]}"
11_91,30000,51.38646725336234,-117.86856999021312,12,185,10,-17,0.0,0,0,2025,2025-12,"{""type"":""MultiPoint"",""coordinates"":[]}"
11_92,30000,51.49381339621175,-117.46862897751716,12,185,10,-17,0.0,0,0,2025,2025-12,"{""type"":""MultiPoint"",""coordinates"":[]}"
11_93,30000,51.59961690801395,-117.0665351552954,12,185,10,-17,0.0,0,0,2025,2025-12,"{""type"":""MultiPoint"",""coordinates"":[]}"
11_94,30000,51.7038632850262,-116.66230349053806,12,185,10,-17,0.0,0,0,2025,2025-12,"{""type"":""MultiPoint"",""coordinates"":[]}"
11_95,30000,51.80653810946705,-116.25594980050631,12,185,10,-17,0.0,0,0,2025,2025-12,"{""type"":""MultiPoint"",""coordinates"":[]}"
11_96,30000,51.90762705571357,-115.84749076176345,12,185,10,-17,0.0,0,0,2025,2025-12,"{""type"":""MultiPoint"",""coordinates"":[]}"
11_97,30000,51.18834139815011,-119.62825805497772,12,185,10,-17,0.0,0,0,2025,2025-12,"{""type"":""MultiPoint"",""coordinates"":[]}"
11_98,30000,51.415174488072545,-118.83981395001108,12,185,10,-17,0.0,0,0,2025,2025-12,"{""type"":""MultiPoint"",""coordinates"":[]}"
11_99,30000,51.52633992333847,-118.44223934378608,12,185,10,-17,0.09993762823609478,0,0,2025,2025-12,"{""type"":""MultiPoint"",""coordinates"":[]}"
11_100,30000,51.63598467538623,-118.04244594161493,12,185,10,-17,0.0,0,0,2025,2025-12,"{""type"":""MultiPoint"",""coordinates"":[]}"
11_101,30000,51.74409386842318,-117.64044697029324,12,185,10,-17,0.0,0,0,2025,2025-12,"{""type"":""MultiPoint"",""coordinates"":[]}"
11_102,30000,51.85065269930557,-117.2362565076892,12,185,10,-17,0.0,0,0,2025,2025-12,"{""type"":""MultiPoint"",""coordinates"":[]}"
11_103,30000,51.955646443681644,-116.82988949346647,12,185,10,-17,0.0,0,0,2025,2025-12,"{""type"":""MultiPoint"",""coordinates"":[]}"
11_104,30000,52.05906046223179,-116.42136173927166,12,185,10,-17,0.0,0,0,2025,2025-12,"{""type"":""MultiPoint"",""coordinates"":[]}"
11_105,30000,52.16088020700205,-116.01068993835443,12,185,10,-17,0.2714639800353123,0,0,2025,2025-12,"{""type"":""MultiPoint"",""coordinates"":[]}"
11_106,30000,51.43459782300684,-119.812233914261,12,185,10,-17,0.0,0,0,2025,2025-12,"{""type"":""MultiPoint"",""coordinates"":[]}"
11_107,30000,51.6630223086243,-119.01992130857953,12,185,10,-17,0.0,0,0,2025,2025-12,"{""type"":""MultiPoint"",""coordinates"":[]}"
11_108,30000,51.77497295177934,-118.6203535564288,12,185,10,-17,0.0,0,0,2025,2025-12,"{""type"":""MultiPoint"",""coordinates"":[]}"
11_109,30000,51.88539562440237,-118.21852760402672,12,185,10,-17,0.0,0,0,2025,2025-12,"{""type"":""MultiPoint"",""coordinates"":[]}"
11_110,30000,51.99427522841305,-117.81445659799915,12,185,10,-17,0.0,0,0,2025,2025-12,"{""type"":""MultiPoint"",""coordinates"":[]}"
11_111,30000,52.10159673710142,-117.40815455704802,12,185,10,-17,0.0,0,0,2025,2025-12,"{""type"":""MultiPoint"",""coordinates"":[]}"
11_112,30000,52.20734520139947,-116.99963638331744,12,185,10,-17,0.028561598323581124,0,0,2025,2025-12,"{""type"":""MultiPoint"",""coordinates"":[]}"
11_113,30000,52.311505756254896,-116.58891787321416,12,185,10,-17,0.0,0,0,2025,2025-12,"{""type"":""MultiPoint"",""coordinates"":[]}"
11_114,30000,52.41406362710366,-116.17601572764892,12,185,10,-17,0.0,0,0,2025,2025-12,"{""type"":""MultiPoint"",""coordinates"":[]}"
11_115,30000,51.910739044172246,-119.20229929514619,12,185,10,-17,0.2629253055118719,0,0,2025,2025-12,"{""type"":""MultiPoint"",""coordinates"":[]}"
11_116,30000,52.02348234316083,-118.8007261127026,12,185,10,-17,0.0,0,0,2025,2025-12,"{""type"":""MultiPoint"",""coordinates"":[]}"
11_117,30000,52.13469039213968,-118.3968544654242,12,185,10,-17,0.0,0,0,2025,2025-12,"{""type"":""MultiPoint"",""coordinates"":[]}"
11_118,30000,52.244347866743325,-117.99069740788404,12,185,10,-17,0.0,0,0,2025,2025-12,"{""type"":""MultiPoint"",""coordinates"":[]}"
11_119,30000,52.352439512601634,-117.58226888824623,12,185,10,-17,0.07141326676223479,0,0,2025,2025-12,"{""type"":""MultiPoint"",""coordinates"":[]}"
11_120,30000,52.458950151741966,-117.1715837603088,12,185,10,-17,0.02355774520972413,0,0,2025,2025-12,"{""type"":""MultiPoint"",""coordinates"":[]}"
11_121,30000,52.56386468909943,-116.75865779499183,12,185,10,-17,0.0,0,0,2025,2025-12,"{""type"":""MultiPoint"",""coordinates"":[]}"
11_122,30000,52.66716811913094,-116.34350769123394,12,185,10,-17,0.0,0,0,2025,2025-12,"{""type"":""MultiPoint"",""coordinates"":[]}"
11_123,30000,52.0432442295542,-119.78822719073767,12,185,10,-17,0.0,0,0,2025,2025-12,"{""type"":""MultiPoint"",""coordinates"":[]}"
11_124,30000,52.15831463139495,-119.38698806476872,12,185,10,-17,0.0,0,0,2025,2025-12,"{""type"":""MultiPoint"",""coordinates"":[]}"
11_125,30000,52.27185813044813,-118.98339728066276,12,185,10,-17,0.0,0,0,2025,2025-12,"{""type"":""MultiPoint"",""coordinates"":[]}"
11_126,30000,52.38385910989201,-118.57746688602963,12,185,10,-17,0.0,0,0,2025,2025-12,"{""type"":""MultiPoint"",""coordinates"":[]}"
11_127,30000,52.49430201500574,-118.16920983082106,12,185,10,-17,0.0,0,0,2025,2025-12,"{""type"":""MultiPoint"",""coordinates"":[]}"
11_128,30000,52.60317135958741,-117.7586399806141,12,185,10,-17,0.0,0,0,2025,2025-12,"{""type"":""MultiPoint"",""coordinates"":[]}"
11_129,30000,52.71045173248939,-117.34577212936695,12,185,10,-17,0.01424951339923766,0,0,2025,2025-12,"{""type"":""MultiPoint"",""coordinates"":[]}"
11_130,30000,52.81612780426741,-116.93062201161017,12,185,10,-17,0.0,0,0,2025,2025-12,"{""type"":""MultiPoint"",""coordinates"":[]}"
11_131,30000,53.60197441351149,-113.5294665635097,12,185,10,-17,0.0,0,0,2025,2025-12,"{""type"":""MultiPoint"",""coordinates"":[]}"
11_132,30000,52.2898535717501,-119.97725550517926,12,185,10,-17,0.0,0,0,2025,2025-12,"{""type"":""MultiPoint"",""coordinates"":[]}"
11_133,30000,52.405738840261776,-119.57402864063553,12,185,10,-17,0.0,0,0,2025,2025-12,"{""type"":""MultiPoint"",""coordinates"":[]}"
11_134,30000,52.520090181185836,-119.16840820955399,12,185,10,-17,0.0,0,0,2025,2025-12,"{""type"":""MultiPoint"",""coordinates"":[]}"
11_135,30000,52.632891744912946,-118.76040611982936,12,185,10,-17,0.0,0,0,2025,2025-12,"{""type"":""MultiPoint"",""coordinates"":[]}"
11_136,30000,52.744127742223,-118.3500352035024,12,185,10,-17,0.0,0,0,2025,2025-12,"{""type"":""MultiPoint"",""coordinates"":[]}"
11_137,30000,52.85378245083254,-117.9373092308009,12,185,10,-17,0.0,0,0,2025,2025-12,"{""type"":""MultiPoint"",""coordinates"":[]}"
11_138,30000,52.96184022206535,-117.522242923646,12,185,10,-17,0.0,0,0,2025,2025-12,"{""type"":""MultiPoint"",""coordinates"":[]}"
11_139,30000,52.65300127031511,-119.7634629346544,12,185,10,-17,0.0,0,0,2025,2025-12,"{""type"":""MultiPoint"",""coordinates"":[]}"
11_140,30000,52.76816819377785,-119.35580095112637,12,185,10,-17,0.0,0,0,2025,2025-12,"{""type"":""MultiPoint"",""coordinates"":[]}"
11_141,30000,52.88177809669702,-118.94571433661078,12,185,10,-17,0.0,0,0,2025,2025-12,"{""type"":""MultiPoint"",""coordinates"":[]}"
11_142,30000,52.99381495113538,-118.53321579118975,12,185,10,-17,0.0,0,0,2025,2025-12,"{""type"":""MultiPoint"",""coordinates"":[]}"
11_143,30000,53.10426279439886,-118.11831897622909,12,185,10,-17,0.114243525256959,0,0,2025,2025-12,"{""type"":""MultiPoint"",""coordinates"":[]}"
11_144,30000,53.21310573584495,-117.70103852867418,12,185,10,-17,0.0,0,0,2025,2025-12,"{""type"":""MultiPoint"",""coordinates"":[]}"
11_145,30000,52.90009134683862,-119.95533376849434,12,185,10,-17,0.0,0,0,2025,2025-12,"{""type"":""MultiPoint"",""coordinates"":[]}"
11_146,30000,53.01608169365161,-119.54561848144124,12,185,10,-17,0.0,0,0,2025,2025-12,"{""type"":""MultiPoint"",""coordinates"":[]}"
11_147,30000,53.13050779314373,-119.13343464452662,12,185,10,-17,0.0,0,0,2025,2025-12,"{""type"":""MultiPoint"",""coordinates"":[]}"
11_148,30000,53.243353374368105,-118.7187948110295,12,185,10,-17,0.0,0,0,2025,2025-12,"{""type"":""MultiPoint"",""coordinates"":[]}"
11_149,30000,53.35460222981132,-118.30171251915094,12,185,10,-17,0.0,0,0,2025,2025-12,"{""type"":""MultiPoint"",""coordinates"":[]}"
11_150,30000,53.4642382223416,-117.882202307141,12,185,10,-17,0.0,0,0,2025,2025-12,"{""type"":""MultiPoint"",""coordinates"":[]}"
11_151,30000,53.26382002930297,-119.73790472317289,12,185,10,-17,0.0,0,0,2025,2025-12,"{""type"":""MultiPoint"",""coordinates"":[]}"
11_152,30000,53.37907028660024,-119.32361111319389,12,185,10,-17,0.0,0,0,2025,2025-12,"{""type"":""MultiPoint"",""coordinates"":[]}"
11_153,30000,53.4927325704762,-118.9068164559419,12,185,10,-17,0.0,0,0,2025,2025-12,"{""type"":""MultiPoint"",""coordinates"":[]}"
11_154,30000,53.604790424108764,-118.48753415131917,12,185,10,-17,0.0,0,0,2025,2025-12,"{""type"":""MultiPoint"",""coordinates"":[]}"
11_155,30000,53.51137236821777,-119.93270456841087,12,185,10,-17,0.0,0,0,2025,2025-12,"{""type"":""MultiPoint"",""coordinates"":[]}"
11_156,30000,53.62745484977901,-119.51628879733434,12,185,10,-17,0.0,0,0,2025,2025-12,"{""type"":""MultiPoint"",""coordinates"":[]}"
11_157,30000,53.74194191986209,-119.09732591909331,12,185,10,-17,0.0,0,0,2025,2025-12,"{""type"":""MultiPoint"",""coordinates"":[]}"
11_158,30000,53.87565057154578,-119.71151376096302,12,185,10,-17,0.0,0,0,2025,2025-12,"{""type"":""MultiPoint"",""coordinates"":[]}"
11_159,30000,54.12364635257429,-119.90933310213059,12,185,10,-17,0.0,0,0,2025,2025-12,"{""type"":""MultiPoint"",""coordinates"":[]}"
11_160,30000,57.17023319594705,-111.56547764278571,12,185,10,-17,0.0,0,0,2025,2025-12,"{""type"":""MultiPoint"",""coordinates"":[]}"
